id,ident,type,name,latitude_deg,longitude_deg,elevation_ft,continent,iso_country,iso_region,municipality,scheduled_service,icao_code,iata_code,gps_code,local_code,home_link,wikipedia_link,keywords,State,Apt. name,ICAO,Apt. ATFM dly [min./arr.],FLTS [ARR],Airport ATFM arr. delay [total]
2183.0,EDAB,small_airport,Bautzen Airfield,51.193611,14.519722,568.0,EU,DE,DE-SN,Kubschütz,no,EDAB,,EDAB,,http://www.flugplatz-bautzen.de/,http://de.wikipedia.org/wiki/Flugplatz_Bautzen,Flugplatz Bautzen,,,,,,
2184.0,EDAC,medium_airport,Leipzig–Altenburg Airport,50.981945,12.506389,640.0,EU,DE,DE-TH,Nobitz,no,EDAC,AOC,EDAC,,http://www.leipzig-altenburg-airport.de/,https://en.wikipedia.org/wiki/Leipzig%E2%80%93Altenburg_Airport,Altenburg-Nobitz,,,,,,
2185.0,EDAD,small_airport,Dessau Airfield,51.8318,12.184011,187.0,EU,DE,DE-ST,Dessau-Roßlau,no,EDAD,,EDAD,,https://www.flugplatz-dessau.de/,https://de.wikipedia.org/wiki/Flugplatz_Dessau,,,,,,,
2186.0,EDAE,small_airport,Eisenhüttenstadt Airfield,52.197199,14.585696,149.0,EU,DE,DE-BR,Siehdichum,no,EDAE,,EDAE,,https://flugplatz-edae.com/,https://de.wikipedia.org/wiki/Flugplatz_Eisenh%C3%BCttenstadt,,,,,,,
28580.0,EDAG,small_airport,Großrückerswalde Airfield,50.644169,13.126389,2198.0,EU,DE,DE-SN,Großrückerswalde,no,EDAG,,EDAG,,https://www.erzgebirgsflieger.de/flugplatz.html,https://de.wikipedia.org/wiki/Flugplatz_Gro%C3%9Fr%C3%BCckerswalde,,,,,,,
2187.0,EDAH,medium_airport,Heringsdorf Airport,53.8787,14.1523,94.0,EU,DE,DE-MV,Zirchow,yes,EDAH,HDF,EDAH,,https://www.flughafen-heringsdorf.de/,https://en.wikipedia.org/wiki/Heringsdorf_Airport,,,,,,,
28728.0,EDAI,small_airport,Sonderlandeplatz Segeletz,52.826668,12.541944,140.0,EU,DE,DE-BR,Neustadt,no,EDAI,,EDAI,,,https://de.wikipedia.org/wiki/Flugplatz_Segeletz,,,,,,,
28569.0,EDAJ,small_airport,Gera-Leumnitz Airfield,50.881668,12.135833,1015.0,EU,DE,DE-TH,Gera,no,EDAJ,,EDAJ,,https://www.flugplatz-gera.de/,http://de.wikipedia.org/wiki/Flugplatz_Gera-Leumnitz,Flugplatz Gera-Leumnitz,,,,,,
2188.0,EDAK,small_airport,Großenhain Airfield,51.308056,13.555556,417.0,EU,DE,DE-SN,Großenhain,no,EDAK,,EDAK,,,https://en.wikipedia.org/wiki/Gro%C3%9Fenhain_Airport,Grossenhain,,,,,,
2189.0,EDAM,small_airport,Merseburg Airfield,51.362564,11.94113,340.0,EU,DE,DE-ST,Merseburg,no,EDAM,,EDAM,,https://www.flugplatz-merseburg.de/,https://de.wikipedia.org/wiki/Flugplatz_Merseburg,Flugplatz Merseburg,,,,,,
28663.0,EDAN,small_airport,Neustadt-Glewe Airfield,53.362444,11.613764,115.0,EU,DE,DE-MV,Neustadt-Glewe,no,EDAN,,EDAN,,https://www.edan-info.de/aip-vfr.htm,https://de.wikipedia.org/wiki/Flugplatz_Neustadt-Glewe,"QGW, Flugplatz Neustadt-Glewe",,,,,,
505079.0,EDAO,small_airport,Nordhausen Airfield,51.493475,10.837562,689.0,EU,DE,DE-TH,Nordhausen,no,EDAO,,EDAO,,https://www.fliegerclub-nordhausen.com/,https://de.wikipedia.org/wiki/Flugplatz_Nordhausen,"Flugplatz Nordhausen, Sonderlandeplatz Nordhausen",,,,,,
28659.0,EDAP,small_airport,Cottbus-Neuhausen Airfield,51.684723,14.423056,279.0,EU,DE,DE-BR,Neuhausen/Spree,no,EDAP,,EDAP,,https://flughafen-cottbus.de/,https://en.wikipedia.org/wiki/Cottbus-Neuhausen_Airport,,,,,,,
2190.0,EDAQ,small_airport,Halle-Oppin Airfield,51.552223,12.053889,350.0,EU,DE,DE-ST,Landsberg,no,EDAQ,,EDAQ,,http://www.flugplatz-halle-oppin.de/,https://de.wikipedia.org/wiki/Flugplatz_Halle-Oppin,,,,,,,
28695.0,EDAR,small_airport,Pirna-Pratzschwitz Airfield,50.979603,13.908445,402.0,EU,DE,DE-SN,Pirna,no,EDAR,,EDAR,,https://www.aeroclub-pirna.de/startseite.html,https://de.wikipedia.org/wiki/Flugplatz_Pirna-Pratzschwitz,,,,,,,
29868.0,EDAS,small_airport,Finsterwalde-Heinrichsruh Airfield,51.634641,13.67505,384.0,EU,DE,DE-BR,Finsterwalde,no,EDAS,,EDAS,,,https://de.wikipedia.org/wiki/Flugplatz_Finsterwalde-Heinrichsruh,Flugplatz Finsterwalde/Heinrichsruh,,,,,,
28655.0,EDAT,small_airport,Nardt Airfield,51.451111,14.199444,382.0,EU,DE,DE-SN,Hoyerswerda,no,EDAT,,EDAT,,https://www.flugplatz-nardt.de/index.html,https://de.wikipedia.org/wiki/Flugplatz_Nardt,,,,,,,
2191.0,EDAU,small_airport,Riesa-Göhlis Airport,51.29361,13.356111,322.0,EU,DE,DE-SN,Riesa,no,EDAU,IES,EDAU,,http://www.fliegerklub-riesa.de/,https://de.wikipedia.org/wiki/Flugplatz_Riesa-G%C3%B6hlis,,,,,,,
2192.0,EDAV,small_airport,Eberswalde-Finow Airfield,52.826313,13.701324,116.0,EU,DE,DE-BR,Eberswalde,no,EDAV,,EDAV,,https://www.edav.eu/,https://de.wikipedia.org/wiki/Flugplatz_Eberswalde-Finow,Flugplatz Eberswalde-Finow,,,,,,
28706.0,EDAW,small_airport,Roitzschjora Airfield,51.577778,12.494444,289.0,EU,DE,DE-SN,Roitzschjora,no,EDAW,,EDAW,,https://www.edaw.de/,https://de.wikipedia.org/wiki/Flugplatz_Roitzschjora,,,,,,,
2193.0,EDAX,small_airport,Müritz Airpark,53.306389,12.752222,220.0,EU,DE,DE-MV,Lärz,no,EDAX,REB,EDAX,,http://www.mueritz-airpark.de/,https://en.wikipedia.org/wiki/M%C3%BCritz_Airpark,"Mueritz, Rechlin–Lärz Airfield",,,,,,
2194.0,EDAY,small_airport,Strausberg Airfield,52.580555,13.916667,262.0,EU,DE,DE-BR,Strausberg,no,EDAY,,EDAY,,https://www.flugplatz-strausberg.de/,https://de.wikipedia.org/wiki/Flugplatz_Strausberg,QPK,,,,,,
2195.0,EDAZ,small_airport,Schönhagen Airfield,52.204631,13.159526,152.0,EU,DE,DE-BR,Trebbin,no,EDAZ,,EDAZ,,http://www.flugplatz-schoenhagen.aero/,http://de.wikipedia.org/wiki/Flugplatz_Sch%C3%B6nhagen,QXH,,,,,,
28495.0,EDBA,small_airport,Arnstadt-Alkersleben Airfield,50.841873,11.069934,1145.0,EU,DE,DE-TH,Osthausen-Wülfershausen,no,EDBA,,EDBA,,http://www.flugplatz-alkersleben.de/,http://de.wikipedia.org/wiki/Flugplatz_Arnstadt-Alkersleben,Flugplatz Arnstadt-Alkersleben,,,,,,
28546.0,EDBC,small_airport,Cochstedt Airport,51.8564,11.4203,599.0,EU,DE,DE-ST,Hecklingen,no,EDBC,CSO,EDBC,,https://cochstedt-airport.de/,https://en.wikipedia.org/wiki/Magdeburg-Cochstedt_Airport,,,,,,,
29060.0,EDBE,small_airport,Brandenburg-Mühlenfeld Airfield,52.4375,12.59,100.0,EU,DE,DE-BR,Brandenburg an der Havel,no,EDBE,,EDBE,,https://www.fliegerklub-brandenburg.de/,https://de.wikipedia.org/wiki/Flugplatz_Brandenburg/M%C3%BChlenfeld,,,,,,,
28561.0,EDBF,small_airport,Fehrbellin Airfield,52.793493,12.760324,135.0,EU,DE,DE-BR,Fehrbellin,no,EDBF,,EDBF,,https://flugplatzfehrbellin.de/,https://de.wikipedia.org/wiki/Flugplatz_Fehrbellin,Ruppiner Land,,,,,,
43121.0,EDBG,small_airport,Burg Airfield,52.241772,11.85619,173.0,EU,DE,DE-ST,Burg bei Magdeburg,no,EDBG,,EDBG,,,https://de.wikipedia.org/wiki/Flugplatz_Burg,,,,,,,
2196.0,EDBH,small_airport,Stralsund-Barth Airport,54.338253,12.710515,23.0,EU,DE,DE-MV,Barth,no,EDBH,BBH,EDBH,,https://www.edbh.de/,https://en.wikipedia.org/wiki/Stralsund%E2%80%93Barth_Airport,Osteseeflughafen Stralsund-Barth,,,,,,
28766.0,EDBI,small_airport,Zwickau Airfield,50.701668,12.453889,1050.0,EU,DE,DE-SN,Zwickau,no,EDBI,,EDBI,,http://www.acz.de/,http://de.wikipedia.org/wiki/Flugplatz_Zwickau,Flugplatz Zwickau,,,,,,
2197.0,EDBJ,small_airport,Jena-Schöngleina Airfield,50.915345,11.714201,1228.0,EU,DE,DE-TH,Schöngleina,no,EDBJ,,EDBJ,,https://www.edbj.de/,http://de.wikipedia.org/wiki/Flugplatz_Jena-Sch%C3%B6ngleina,Flugplatz Jena-Schöngleina,,,,,,
2198.0,EDBK,small_airport,Kyritz Airfield,52.918888,12.425278,130.0,EU,DE,DE-BR,Kyritz,no,EDBK,,EDBK,,https://www.edbk.de/,https://de.wikipedia.org/wiki/Flugplatz_Kyritz,Flugplatz Kyritz,,,,,,
43122.0,EDBL,small_airport,Laucha Airfield,51.245834,11.693333,738.0,EU,DE,DE-ST,Laucha an der Unstrut,no,EDBL,,EDBL,,https://www.hdlsj.de/hdl/flugplatz/,https://de.wikipedia.org/wiki/Flugplatz_Laucha,,,,,,,
2199.0,EDBM,small_airport,Magdeburg City Airfield,52.073612,11.626389,268.0,EU,DE,DE-ST,Magdeburg,no,EDBM,,EDBM,,http://www.edbm.de,https://de.wikipedia.org/wiki/Flugplatz_Magdeburg/City,ZMG,,,,,,
2743.0,EDBN,medium_airport,Neubrandenburg Trollenhagen Airport,53.6022,13.306,228.0,EU,DE,DE-MV,Trollenhagen,no,EDBN,FNB,EDBN,,http://www.flughafen-neubrandenburg.de/,https://en.wikipedia.org/wiki/Neubrandenburg_Airport,ETNU,,,,,,
28677.0,EDBO,small_airport,Oehna Airfield,51.899734,13.052809,287.0,EU,DE,DE-BR,Niedergörsdorf,no,EDBO,,EDBO,,https://www.flaemingair.de/,https://de.wikipedia.org/wiki/Flugplatz_Oehna,"Fläming, Flugplatz Oehna",,,,,,
28726.0,EDBP,small_airport,Pinnow Airfield,53.615276,11.561111,144.0,EU,DE,DE-MV,Pinnow,no,EDBP,,EDBP,,https://www.fliegerclub-pinnow.de/flugplatz/,https://de.wikipedia.org/wiki/Flugplatz_Pinnow,,,,,,,
29061.0,EDBQ,small_airport,Bronkow Airfield,51.672075,13.960104,423.0,EU,DE,DE-BR,Luckaitztal,no,EDBQ,,EDBQ,,,https://de.wikipedia.org/wiki/Flugplatz_Bronkow,Flugplatz Bronkow,,,,,,
2200.0,EDBR,medium_airport,Rothenburg/Görlitz Airfield,51.363335,14.95,515.0,EU,DE,DE-SN,Rothenburg/Oberlausitz,no,EDBR,,EDBR,,http://www.flugplatz-rothenburg-goerlitz.de/,http://de.wikipedia.org/wiki/Flugplatz_Rothenburg/G%C3%B6rlitz,,,,,,,
28731.0,EDBS,small_airport,Sömmerda-Dermsdorf Airfield,51.198414,11.191764,451.0,EU,DE,DE-TH,Kölleda,no,EDBS,,EDBS,,https://flugservice-soemmerda.de/,https://en.wikipedia.org/wiki/Flugplatz_S%C3%B6mmerda-Dermsdorf,Flugplatz Sömmerda-Dermsdorf,,,,,,
2201.0,EDBT,small_airport,Allstedt Airfield,51.380554,11.446667,932.0,EU,DE,DE-ST,Allstedt,no,EDBT,,EDBT,,https://www.allstedt-flugplatz.de/,https://de.wikipedia.org/wiki/Flugplatz_Allstedt,Flugplatz Allstedt,,,,,,
29062.0,EDBU,small_airport,Pritzwalk-Sommersberg Airfield,53.180019,12.184553,289.0,EU,DE,DE-BR,Pritzwalk,no,EDBU,,EDBU,,https://www.segelflugzentrum-am-sommersberg.com/,https://de.wikipedia.org/wiki/Flugplatz_Pritzwalk-Sommersberg,Flugplatz Pritzwalk-Sommersberg,,,,,,
29063.0,EDBV,small_airport,Stralsund Airfield,54.335835,13.043333,49.0,EU,DE,DE-MV,Stralsund,no,EDBV,,EDBV,,http://www.flugplatz-stralsund.de/,https://de.wikipedia.org/wiki/Flugplatz_Stralsund,"""Flugplatz Stralsund""",,,,,,
2202.0,EDBW,small_airport,Werneuchen Airfield,52.631668,13.766944,262.0,EU,DE,DE-BR,Werneuchen,no,EDBW,,EDBW,,https://www.flugplatz-werneuchen.de/,https://de.wikipedia.org/wiki/Flugplatz_Werneuchen,,,,,,,
29064.0,EDBY,small_airport,Schmoldow Airfield,53.972761,13.343377,105.0,EU,DE,DE-MV,Bandelin,no,EDBY,,EDBY,,,https://de.wikipedia.org/wiki/Flugplatz_Schmoldow,Flugplatz Schmoldow,,,,,,
29065.0,EDBZ,small_airport,Schwarzheide/Schipkau Airfield,51.491929,13.879366,331.0,EU,DE,DE-BR,Schwarzheide,no,EDBZ,,EDBZ,,,https://de.wikipedia.org/wiki/Flugplatz_Schwarzheide-Schipkau,,,,,,,
2203.0,EDCA,small_airport,Anklam Otto Lilienthal Airfield,53.832801,13.668607,16.0,EU,DE,DE-MV,Anklam,no,EDCA,,EDCA,,https://www.flugplatz-anklam.de,https://de.wikipedia.org/wiki/Flugplatz_Anklam,"QKQ, Anklamer Flugplatz Otto Lilienthal",,,,,,
28557.0,EDCE,small_airport,Müncheberg-Eggersdorf Airfield,52.482791,14.090738,223.0,EU,DE,DE-BR,Müncheberg,no,EDCE,,EDCE,,http://www.flugplatz-eggersdorf.de/,https://de.wikipedia.org/wiki/Flugplatz_Eggersdorf,Sonderlandeplatz Eggersdorf,,,,,,
28584.0,EDCG,small_airport,Rügen Airport,54.38347,13.325542,69.0,EU,DE,DE-MV,Dreschvitz,no,EDCG,GTI,EDCG,,https://ostseeflugruegen.de/flugplatz-ruegen/,https://en.wikipedia.org/wiki/R%C3%BCgen_Airport,"Flugplatz Güttin / Rügen, Güttin Airfield, Ostsee-Flug-Rügen, Rugen, Ruegen, Rᵫgen",,,,,,
29066.0,EDCH,small_airport,Sprossen (Zeitz) Airfield,51.043407,12.231895,673.0,EU,DE,DE-ST,Zeitz,no,EDCH,,EDCH,,,https://de.wikipedia.org/wiki/Flugplatz_Sprossen,"Flugplatz Sprossen (Zeitz), Zeitz",,,,,,
28621.0,EDCI,small_airport,Klix Airfield,51.271819,14.505708,486.0,EU,DE,DE-SN,Großdubrau,no,EDCI,,EDCI,,http://www.aeroteam.de/index.php?whl=13000000&lg=de,http://de.wikipedia.org/wiki/Flugplatz_Klix,Flugplatz Klix,,,,,,
29067.0,EDCJ,small_airport,Chemnitz/Jahnsdorf Airfield,50.747501,12.8375,1198.0,EU,DE,DE-SN,Jahnsdorf,no,EDCJ,,EDCJ,,https://www.chemnitz-airport.de/,https://de.wikipedia.org/wiki/Flugplatz_Chemnitz-Jahnsdorf,,,,,,,
28622.0,EDCK,small_airport,Köthen Airport,51.723745,11.948826,305.0,EU,DE,DE-ST,Köthen (Anhalt),no,EDCK,KOQ,EDCK,,http://flugplatz-koethen.jimdo.com/,http://de.wikipedia.org/wiki/Flugplatz_K%C3%B6then,,,,,,,
29068.0,EDCL,small_airport,Klietz-Scharlibbe Airfield,52.709442,12.073333,95.0,EU,DE,DE-ST,Klietz,no,EDCL,,EDCL,,,https://de.wikipedia.org/wiki/Flugplatz_Klietz/Scharlibbe,Scharlibbe,,,,,,
2205.0,EDCM,small_airport,Kamenz Airfield,51.296944,14.1275,495.0,EU,DE,DE-SN,Kamenz,no,EDCM,,EDCM,,http://www.fc-kamenz.de/,http://de.wikipedia.org/wiki/Flugplatz_Kamenz,,,,,,,
2206.0,EDCO,small_airport,Obermehler-Schlotheim Airfield,51.267776,10.634722,909.0,EU,DE,DE-TH,Nottertal-Heilinger Höhen,no,EDCO,,EDCO,,,https://de.wikipedia.org/wiki/Flugplatz_Obermehler-Schlotheim,Flugplatz Obermehler-Schlotheim,,,,,,
2207.0,EDCP,small_airport,Peenemünde Airport,54.15778,13.774444,7.0,EU,DE,DE-MV,Peenemünde,no,EDCP,PEF,EDCP,,,https://en.wikipedia.org/wiki/Peenem%C3%BCnde_Airfield,Peenemuende,,,,,,
301881.0,EDDB,large_airport,Berlin Brandenburg Airport,52.361738,13.502341,157.0,EU,DE,DE-BR,Berlin,yes,EDDB,BER,EDDB,,https://ber.berlin-airport.de/,https://en.wikipedia.org/wiki/Berlin_Brandenburg_Airport,Willy Brandt,Germany,Berlin - Brandenburg (EDDB),EDDB,1.3592193699894728,12349.0,16785.0
2210.0,EDDC,large_airport,Dresden Airport,51.134123,13.767831,755.0,EU,DE,DE-SN,Dresden,yes,EDDC,DRS,EDDC,,http://www.dresden-airport.de/en/index.html,https://en.wikipedia.org/wiki/Dresden_Airport,,Germany,Dresden (EDDC),EDDC,0.0,643.0,0.0
2211.0,EDDE,large_airport,Erfurt-Weimar Airport,50.978281,10.960713,1036.0,EU,DE,DE-TH,Erfurt,yes,EDDE,ERF,EDDE,,http://www.airport-erfurt.de/,https://en.wikipedia.org/wiki/Erfurt_Airport,Flughafen Erfurt-Weimar,Germany,Erfurt (EDDE),EDDE,0.0,143.0,0.0
2212.0,EDDF,large_airport,Frankfurt Main Airport,50.026706,8.55835,364.0,EU,DE,DE-HE,Frankfurt am Main,yes,EDDF,FRA,EDDF,,https://www.frankfurt-airport.de/,https://en.wikipedia.org/wiki/Frankfurt_Airport,"EDAF, Frankfurt am Main, Frankfurt Main, Rhein-Main Air Base, Zeppelinheim",Germany,Frankfurt (EDDF),EDDF,1.0507808630765676,30287.0,31825.0
2213.0,EDDG,large_airport,Münster Osnabrück Airport,52.133816,7.688482,160.0,EU,DE,DE-NW,Greven,yes,EDDG,FMO,EDDG,,https://www.fmo.de/,https://en.wikipedia.org/wiki/M%C3%BCnster_Osnabr%C3%BCck_International_Airport,,Germany,Muenster-Osnabrueck (EDDG),EDDG,0.0,1013.0,0.0
2214.0,EDDH,large_airport,Hamburg Helmut Schmidt Airport,53.630402,9.98823,53.0,EU,DE,DE-HH,Hamburg,yes,EDDH,HAM,EDDH,,https://www.hamburg-airport.de/en/,https://en.wikipedia.org/wiki/Hamburg_Airport,Hamburg-Fuhlsbüttel Airport,Germany,Hamburg (EDDH),EDDH,0.08047901107391192,7766.0,625.0
2216.0,EDDK,large_airport,Cologne Bonn Airport,50.865898,7.14274,302.0,EU,DE,DE-NW,Köln (Cologne),yes,EDDK,CGN,EDDK,,http://www.koeln-bonn-airport.de/en/,https://en.wikipedia.org/wiki/Cologne_Bonn_Airport,Köln,Germany,Cologne-Bonn (EDDK),EDDK,0.14188343302267353,7189.0,1020.0
2217.0,EDDL,large_airport,Düsseldorf Airport,51.289501,6.76678,147.0,EU,DE,DE-NW,Düsseldorf,yes,EDDL,DUS,EDDL,,http://www.dus.com/dus_en/,https://en.wikipedia.org/wiki/D%C3%BCsseldorf_Airport,,Germany,Dusseldorf (EDDL),EDDL,0.06637627048330222,9642.0,640.0
2218.0,EDDM,large_airport,Munich Airport,48.353802,11.7861,1487.0,EU,DE,DE-BY,Munich,yes,EDDM,MUC,EDDM,,http://www.munich-airport.com/,https://en.wikipedia.org/wiki/Munich_Airport,"Franz Josef Strauss Airport, Flughafen München Franz Josef Strauß",Germany,Munich (EDDM),EDDM,0.25510916623993296,21481.0,5480.0
2219.0,EDDN,large_airport,Nuremberg Airport,49.498699,11.078056,1046.0,EU,DE,DE-BY,Nuremberg,yes,EDDN,NUE,EDDN,,https://www.airport-nuernberg.de/english,https://en.wikipedia.org/wiki/Nuremberg_Airport,Nürnberg,Germany,Nuremberg (EDDN),EDDN,0.0,2641.0,0.0
2220.0,EDDP,large_airport,Leipzig/Halle Airport,51.420657,12.232705,465.0,EU,DE,DE-SN,Schkeuditz,yes,EDDP,LEJ,EDDP,,https://www.mdf-ag.com/,https://en.wikipedia.org/wiki/Leipzig/Halle_Airport,Schkeuditz Airport,Germany,Leipzig-Halle (EDDP),EDDP,0.73146090119216,4949.0,3620.0
2221.0,EDDR,medium_airport,Saarbrücken Airport,49.214545,7.109735,1058.0,EU,DE,DE-SL,Saarbrücken,yes,EDDR,SCN,EDDR,,http://www.flughafen-saarbruecken.de/,https://en.wikipedia.org/wiki/Saarbr%C3%BCcken_Airport,,Germany,Saarbruecken (EDDR),EDDR,0.0,247.0,0.0
2222.0,EDDS,large_airport,Stuttgart Airport,48.689899,9.22196,1276.0,EU,DE,DE-BW,Stuttgart,yes,EDDS,STR,EDDS,,http://www.flughafen-stuttgart.de/,https://en.wikipedia.org/wiki/Stuttgart_Airport,,Germany,Stuttgart (EDDS),EDDS,0.0,5213.0,0.0
2224.0,EDDV,large_airport,Hannover Airport,52.461102,9.68508,183.0,EU,DE,DE-NI,Hannover,yes,EDDV,HAJ,EDDV,,https://www.hannover-airport.de,https://en.wikipedia.org/wiki/Hanover/Langenhagen_International_Airport,,Germany,Hanover (EDDV),EDDV,0.0,3048.0,0.0
2225.0,EDDW,large_airport,Bremen Airport,53.046786,8.78932,14.0,EU,DE,DE-HB,Bremen,yes,EDDW,BRE,EDDW,,https://www.bremen-airport.com,https://en.wikipedia.org/wiki/Bremen_Airport,,Germany,Bremen (EDDW),EDDW,0.024262295081967214,1525.0,37.0
28631.0,EDEL,small_airport,Langenlonsheim Airfield,49.908333,7.907778,295.0,EU,DE,DE-RP,Langenlonsheim,no,EDEL,,EDEL,,,https://en.wikipedia.org/wiki/Langenlonsheim_Airfield,,,,,,,
29946.0,EDEP,small_airport,Heppenheim Glider Field,49.621944,8.624444,361.0,EU,DE,DE-HE,Heppenheim,no,EDEP,,,,,https://de.wikipedia.org/wiki/Flugplatz_Heppenheim,,,,,,,
28500.0,EDFA,small_airport,Anspach-Taunus Airfield,50.288334,8.533889,1102.0,EU,DE,DE-HE,Wehrheim,no,EDFA,,,,,https://de.wikipedia.org/wiki/Flugplatz_Anspach/Taunus,Flugplatz Anspach/Taunus,,,,,,
2226.0,EDFE,medium_airport,Frankfurt-Egelsbach Airport,49.96,8.643043,384.0,EU,DE,DE-HE,Egelsbach,no,EDFE,,EDFE,,https://egelsbach-airport.com/,https://en.wikipedia.org/wiki/Frankfurt_Egelsbach_Airport,,,,,,,
2227.0,EDFH,large_airport,Frankfurt-Hahn Airport,49.946353,7.261734,1649.0,EU,DE,DE-RP,Frankfurt am Main (Lautzenhausen),yes,EDFH,HHN,EDFH,,https://www.hahn-airport.de/en/home,https://en.wikipedia.org/wiki/Frankfurt-Hahn_Airport,,,,,,,
28512.0,EDFK,small_airport,Bad Kissingen Airfield,50.210556,10.068889,653.0,EU,DE,DE-BY,Bad Kissingen,no,EDFK,,EDFK,,,https://en.wikipedia.org/wiki/Bad_Kissingen_Airfield,,,,,,,
2228.0,EDFM,medium_airport,Mannheim-City Airport,49.473057,8.514167,308.0,EU,DE,DE-BW,Mannheim,yes,EDFM,MHG,EDFM,,http://www.flugplatz-mannheim.de/,https://en.wikipedia.org/wiki/Mannheim_City_Airport,Mannheim,,,,,,
505089.0,EDFP,small_airport,Ober-Mörlen Airfield,50.3622,8.71164,822.0,EU,DE,DE-HE,Ober-Mörlen,no,EDFP,,,,,https://de.wikipedia.org/wiki/Flugplatz_Ober-M%C3%B6rlen,,,,,,,
2229.0,EDFQ,small_airport,Allendorf-Eder Airfield,51.035268,8.681002,1158.0,EU,DE,DE-HE,Allendorf (Eder),no,EDFQ,,EDFQ,,,https://en.wikipedia.org/wiki/Allendorf_Airport,,,,,,,
2230.0,EDFV,small_airport,Worms Airfield,49.606945,8.368333,295.0,EU,DE,DE-RP,Worms,no,EDFV,,EDFV,,http://www.edfv.de/,http://de.wikipedia.org/wiki/Flugplatz_Worms,,,,,,,
2231.0,EDFZ,medium_airport,Mainz-Finthen Airfield,49.967499,8.147222,760.0,EU,DE,DE-RP,Mainz,no,EDFZ,,EDFZ,,https://www.lfv-mainz.com/,https://en.wikipedia.org/wiki/Mainz_Finthen_Airport,QMZ,,,,,,
2232.0,EDGE,medium_airport,Eisenach-Kindel Airport,50.991604,10.47973,1112.0,EU,DE,DE-TH,Hörselberg-Hainich,no,EDGE,EIB,EDGE,,http://www.flugplatz-eisenach.de/,http://de.wikipedia.org/wiki/Flugplatz_Eisenach-Kindel,Flugplatz Eisenach-Kindel,,,,,,
2233.0,EDGS,medium_airport,Siegerland Airport,50.707699,8.08297,1966.0,EU,DE,DE-NW,Burbach,no,EDGS,SGE,EDGS,,,https://en.wikipedia.org/wiki/Siegerland_Airport,EDKS,,,,,,
28754.0,EDGZ,small_airport,Weinheim/Bergstraße Airfield,49.566763,8.61145,318.0,EU,DE,DE-BW,Weinheim,no,EDGZ,,,,,https://de.wikipedia.org/wiki/Flugplatz_Weinheim/Bergstra%C3%9Fe,"Bergstrasse, Sonderlandeplatz Weinheim/Bergstraße",,,,,,
28581.0,EDHB,small_airport,Grube Airfield,54.244446,11.024722,7.0,EU,DE,DE-SH,Grube,no,EDHB,,EDHB,,https://flugplatz-grube.de/,https://de.wikipedia.org/wiki/Flugplatz_Grube,Sonderlandeplatz Grube,,,,,,
28742.0,EDHE,small_airport,Uetersen-Heist Airfield,53.645477,9.703503,23.0,EU,DE,DE-SH,Heist,yes,EDHE,,EDHE,,,https://en.wikipedia.org/wiki/Uetersen_Airfield,,,,,,,
2234.0,EDHI,medium_airport,Hamburg-Finkenwerder Airport,53.5352783203125,9.835556030273438,23.0,EU,DE,DE-HH,Hamburg,no,EDHI,XFW,EDHI,,,https://en.wikipedia.org/wiki/Hamburg_Finkenwerder_Airport,,,,,,,
2235.0,EDHK,medium_airport,Kiel-Holtenau Airport,54.37957,10.145266,102.0,EU,DE,DE-SH,Kiel,no,EDHK,KEL,EDHK,,,https://en.wikipedia.org/wiki/Kiel-Holtenau_airport,,,,,,,
2236.0,EDHL,medium_airport,Lübeck Blankensee Airport,53.805401,10.7192,53.0,EU,DE,DE-SH,Lübeck,yes,EDHL,LBC,EDHL,,https://www.flughafen-luebeck.de/en/home,https://en.wikipedia.org/wiki/L%C3%BCbeck_Airport,,,,,,,
28662.0,EDHN,small_airport,Neumünster Airport,54.079445,9.941389,72.0,EU,DE,DE-SH,Neumünster,no,EDHN,EUM,EDHN,,,https://de.wikipedia.org/wiki/Flugplatz_Neum%C3%BCnster,,,,,,,
28492.0,EDHO,small_airport,Ahrenlohe Airfield,53.70031,9.742119,33.0,EU,DE,DE-SH,Tornesch,no,EDHO,,,,,https://de.wikipedia.org/wiki/Flugplatz_Ahrenlohe,Flugplatz Ahrenlohe,,,,,,
2237.0,EDJA,large_airport,Memmingen Allgau Airport,47.988092,10.238248,2077.0,EU,DE,DE-BY,Memmingen,yes,EDJA,FMM,EDJA,,,https://en.wikipedia.org/wiki/Memmingen_Airport,,,,,,,
28490.0,EDKA,small_airport,Aachen-Merzbrück Airport,50.823055,6.186389,623.0,EU,DE,DE-NW,Aachen,no,EDKA,AAH,EDKA,,https://www.flugplatz-aachen.de,https://en.wikipedia.org/wiki/Aachen_Merzbr%C3%BCck_Airfield,"EDCM, ETBA, Flugplatz Aachen Merzbrück, Segelflug Aachen, Motorflug Aachen",,,,,,
320789.0,DE-0367,small_airport,Iserlohn-Sümmern Glider Field,51.436389,7.699722,591.0,EU,DE,DE-NW,Iserlohn,no,EDKS,,,,https://www.flugplatz-suemmern.de/,https://de.wikipedia.org/wiki/Flugplatz_Iserlohn-S%C3%BCmmern,,,,,,,
2238.0,EDKV,small_airport,Dahlemer Binz Airfield,50.40611,6.530256,1896.0,EU,DE,DE-NW,Dahlhem,no,EDKV,,EDKV,,https://www.dahlemer-binz.de/,https://en.wikipedia.org/wiki/Dahlemer_Binz_Airfield,Flugplatz Dahlemer Binz,,,,,,
28553.0,EDLD,small_airport,Dinslaken-Schwarze Heide Airfield,51.616018,6.861262,217.0,EU,DE,DE-NW,Hünxe,no,EDLD,,EDLD,,http://schwarze-heide.com,https://de.wikipedia.org/wiki/Flugplatz_Schwarze_Heide,,,,,,,
2241.0,EDLE,small_airport,Essen-Mülheim Airport,51.402302,6.93733,424.0,EU,DE,DE-NW,Essen,no,EDLE,ESS,EDLE,,https://www.flughafen-essen-muelheim.de/,https://en.wikipedia.org/wiki/Essen/M%C3%BClheim_Airport,,,,,,,
2242.0,EDLI,medium_airport,Bielefeld Airport,51.964722,8.544444,454.0,EU,DE,DE-NW,Bielefeld,no,EDLI,BFE,EDLI,,http://www.flugplatz-bielefeld.de/,http://de.wikipedia.org/wiki/Flugplatz_Bielefeld,Flugplatz-Windelsbleiche,,,,,,
2243.0,EDLN,medium_airport,Mönchengladbach Airport,51.230278,6.504444,125.0,EU,DE,DE-NW,Mönchengladbach,no,EDLN,MGL,EDLN,,,https://en.wikipedia.org/wiki/D%C3%BCsseldorf-M%C3%B6nchengladbach_Airport,,,,,,,
2244.0,EDLP,large_airport,Paderborn Lippstadt Airport,51.612527,8.617459,699.0,EU,DE,DE-NW,Büren,yes,EDLP,PAD,EDLP,,,https://en.wikipedia.org/wiki/Paderborn_Lippstadt_Airport,,,,,,,
2245.0,EDLS,small_airport,Stadtlohn-Vreden Airfield,51.995834,6.840556,157.0,EU,DE,DE-NW,Stadtlohn,no,EDLS,,EDLS,,https://www.flugplatz-stadtlohn.de/index.php?id=9&L=1,https://en.wikipedia.org/wiki/Stadtlohn-Vreden_Airport,,,,,,,
30206.0,EDLU,small_airport,Oelde Bergeler Airfield,51.830601,8.17472,269.0,EU,DE,DE-NW,,no,EDLU,,,,,https://de.wikipedia.org/wiki/Flugplatz_Oelde-Bergeler,,,,,,,
2246.0,EDLV,large_airport,Weeze (Niederrhein) Airport,51.601362,6.141228,106.0,EU,DE,DE-NW,Weeze,yes,EDLV,NRN,EDLV,,http://www.airport-weeze.de/de,https://en.wikipedia.org/wiki/Airport_Weeze,"LRC, ETUL, Niederrhein Airport, RAF Laarbruch, Düsseldorf Regional, Weeze",,,,,,
2247.0,EDLW,large_airport,Dortmund Airport,51.518299,7.61224,425.0,EU,DE,DE-NW,Dortmund,yes,EDLW,DTM,EDLW,,https://www.dortmund-airport.com/,https://en.wikipedia.org/wiki/Dortmund_Airport,,,,,,,
2248.0,EDMA,medium_airport,Augsburg Airport,48.425278,10.931667,1516.0,EU,DE,DE-BY,Augsburg,no,EDMA,AGB,EDMA,,https://www.augsburg-airport.de/,https://en.wikipedia.org/wiki/Augsburg_Airport,,,,,,,
28630.0,EDML,medium_airport,Landshut Airfield,48.512019,12.034865,1312.0,EU,DE,DE-BY,Landshut,no,EDML,QLG,EDML,,https://www.landen-in-landshut.de/,https://de.wikipedia.org/wiki/Flugplatz_Landshut,,,,,,,
2251.0,EDMN,small_airport,Mindelheim-Mattsies Airfield,48.106945,10.525,1857.0,EU,DE,DE-BY,Tussenhausen,no,EDMN,,,,,https://de.wikipedia.org/wiki/Flugplatz_Mindelheim-Mattsies,GrobAircraft,,,,,,
2252.0,EDMO,medium_airport,Oberpfaffenhofen Airport,48.081402,11.2831,1947.0,EU,DE,DE-BY,Weßling,no,EDMO,OBF,EDMO,,http://www.edmo-airport.de,https://de.wikipedia.org/wiki/Flugplatz_Oberpfaffenhofen,Weßling,,,,,,
2253.0,EDMS,small_airport,Straubing Airport,48.900833,12.516667,1047.0,EU,DE,DE-BY,Atting,no,EDMS,RBM,EDMS,,https://www.airport-straubing.com/en/homepage/,https://en.wikipedia.org/wiki/Straubing_Wallm%C3%BChle_Airport,,,,,,,
2256.0,EDNY,large_airport,Bodensee Airport Friedrichshafen,47.671299,9.51149,1367.0,EU,DE,DE-BW,Friedrichshafen,yes,EDNY,FDH,EDNY,,https://www.bodensee-airport.eu,https://en.wikipedia.org/wiki/Friedrichshafen_Airport,Bodensee Airport Friedrichshafen,,,,,,
2257.0,EDON,small_airport,Neuhardenberg Marxwalde Airfield,52.613056,14.242778,39.0,EU,DE,DE-BR,Neuhardenberg,no,EDON,,EDON,,,https://de.wikipedia.org/wiki/Flugplatz_Neuhardenberg,Flugplatz Neuhardenberg Marxwalde,,,,,,
28720.0,EDPH,small_airport,Schwabach-Heidenberg Airfield,49.268019,11.012606,1181.0,EU,DE,DE-BY,Büchenbach,no,EDPH,,EDPH,,,https://de.wikipedia.org/wiki/Flugplatz_Schwabach-B%C3%BCchenbach,,,,,,,
317932.0,EDQA,medium_airport,Bamberg-Breitenau Airfield,49.920403,10.914233,811.0,EU,DE,DE-BY,Bamberg,no,EDQA,,EDQA,,https://www.aeroclub-bamberg.de/,https://de.wikipedia.org/wiki/Flugplatz_Bamberg-Breitenau,"Bamberg, Breitenau, ETEJ",,,,,,
2261.0,EDQD,medium_airport,Bayreuth Airport,49.985001,11.64,1601.0,EU,DE,DE-BY,Bindlach,no,EDQD,BYU,EDQD,,,https://en.wikipedia.org/wiki/Bindlacher_Berg_Airport,Bindlacher Berg Airport,,,,,,
2262.0,EDQE,small_airport,Burg Feuerstein Airport,49.794167,11.133611,1673.0,EU,DE,DE-BY,Ebermannstadt,no,EDQE,URD,EDQE,,http://www.edqe.de/home/,http://de.wikipedia.org/wiki/Flugplatz_Burg_Feuerstein,,,,,,,
43125.0,EDQG,small_airport,Giebelstadt Airport,49.6480560303,9.966388702390002,981.0,EU,DE,DE-BY,Giebelstadt,no,EDQG,GHF,EDQG,,http://www.edqg.de/,https://en.wikipedia.org/wiki/Giebelstadt_Airport,,,,,,,
2263.0,EDQM,medium_airport,Hof-Plauen Airport,50.288544,11.852876,1959.0,EU,DE,DE-BY,Hof,no,EDQM,HOQ,EDQM,,,https://en.wikipedia.org/wiki/Hof-Plauen_Airport,,,,,,,
2265.0,EDRB,small_airport,Bitburg Airport,49.945278,6.565,1220.0,EU,DE,DE-RP,Bitburg,no,EDRB,BBJ,EDRB,,,https://en.wikipedia.org/wiki/Bitburg_Airport,,,,,,,
28605.0,EDRH,small_airport,Hoppstädten-Weiersbach Airfield,49.610558,7.186667,1093.0,EU,DE,DE-RP,Hoppstädten,no,EDRH,,EDRH,,https://www.fsvhowei.de/,https://en.wikipedia.org/wiki/Hoppst%C3%A4dten-Weiersbach_Airfield,,,,,,,
28654.0,EDRN,small_airport,Nannhausen Airfield,49.96992,7.478357,1224.0,EU,DE,DE-RP,Nannhausen,no,EDRN,,EDRN,,https://www.edrn.de/,https://en.wikipedia.org/wiki/Nannhausen_Airfield,,,,,,,
2267.0,EDRT,small_airport,Trier-Föhren Airfield,49.863888,6.7875,666.0,EU,DE,DE-RP,Föhren,no,EDRT,,EDRT,,,https://en.wikipedia.org/wiki/Trier-F%C3%B6hren_Airfield,"ZQF, Flugplatz Trier-Föhren",,,,,,
2268.0,EDRY,small_airport,Speyer Airfield,49.304722,8.451389,312.0,EU,DE,DE-RP,Speyer,no,EDRY,,EDRY,,https://www.flugplatz-speyer.de,https://de.wikipedia.org/wiki/Flugplatz_Speyer,ZQC,,,,,,
2269.0,EDRZ,small_airport,Zweibrücken Airport,49.2094,7.40056,1132.0,EU,DE,DE-RP,Zweibrücken,no,EDRZ,ZQW,EDRZ,,http://www.edrz-airport.de,https://en.wikipedia.org/wiki/Zweibr%C3%BCcken_Airport,,,,,,,
2270.0,EDSB,large_airport,Karlsruhe Baden-Baden Airport,48.7794,8.0805,408.0,EU,DE,DE-BW,Rheinmünster,yes,EDSB,FKB,EDSB,,http://www.baden-airpark.de/startseite.html,https://en.wikipedia.org/wiki/Baden_Airpark,Baden Airpark,,,,,,
315960.0,DE-0298,small_airport,Deckenpfronn-Egelsee Airfield,48.6385,8.8175,1895.0,EU,DE,DE-BW,Sindelfingen,no,EDSD,,,,https://translate.google.com/translate?hl=en&sl=de&u=https://www.fsv-sindelfingen-ev.de/index.php%3Fid%3D84&prev=search,https://de.wikipedia.org/wiki/Segelfluggel%C3%A4nde_Deckenpfronn-Egelsee,,,,,,,
316014.0,DE-0310,small_airport,Hütten Glider Field,47.6333,7.9412,2885.0,EU,DE,DE-BW,Rickenbach,no,EDSF,,,,http://www.lg-hotzenwald.de/,https://de.wikipedia.org/wiki/Flugplatz_H%C3%BCtten-Hotzenwald,Sonderlandeplatz Hütten-Hotzenwald,,,,,,
315950.0,DE-0295,small_airport,Müllheim Airfield,47.824316,7.639475,955.0,EU,DE,DE-BW,Müllheim,no,EDSM,,,,,https://de.wikipedia.org/wiki/Flugplatz_M%C3%BCllheim,"Flugplatz Müllheim, Segelflugplatz Müllheim",,,,,,
314009.0,EDSP,small_airport,Poltringen Airfield,48.547282,8.945918,1315.0,EU,DE,DE-BW,Ammerbuch,no,EDSP,,EDSP,,,https://en.wikipedia.org/wiki/Poltringen_Airfield,,,,,,,
547941.0,EDSX,small_airport,Völkleshofen-Lichtenberg Airfield,49.009332,9.354601,1301.0,EU,DE,DE-BW,Aspach,no,EDSX,,,,https://sfg-backnang.de,https://de.wikipedia.org/wiki/Flugplatz_V%C3%B6lkleshofen-Lichtenberg,,,,,,,
315962.0,DE-0300,small_airport,Bohlhof Glider Field,47.6509,8.3867,1885.0,EU,DE,DE-BW,Wutöschingen,no,EDTA,,,,http://www.bohlhof.de/,https://de.wikipedia.org/wiki/Segelfluggel%C3%A4nde_Bohlhof,Segelfluggelände Bohlhof,,,,,,
2272.0,EDTB,small_airport,Baden-Oos Airfield,48.791943,8.185833,404.0,EU,DE,DE-BW,Baden-Baden,no,EDTB,,EDTB,,http://www.flugplatz-baden-oos.com/,https://de.wikipedia.org/wiki/Flugplatz_Baden-Oos,Flugplatz Baden-Oos,,,,,,
2274.0,EDTF,small_airport,Freiburg im Breisgau Airfield,48.022778,7.8325,801.0,EU,DE,DE-BW,Freiburg im Breisgau,no,EDTF,,EDTF,,http://www.city-flugplatz-freiburg.de/,http://de.wikipedia.org/wiki/Flugplatz_Freiburg,Flugplatz Freiburg,,,,,,
2276.0,EDTL,medium_airport,Lahr Airport,48.369301,7.82772,511.0,EU,DE,DE-BW,Lahr/Schwarzwald,no,EDTL,LHA,EDTL,,http://airport-lahr.de/,https://en.wikipedia.org/wiki/CFB_Lahr,Black Forest Airport,,,,,,
28576.0,DE-0004,small_airport,Gransee Airfield,53.00628,13.202177,164.0,EU,DE,DE-BR,Gransee,no,EDUG,,EDUG,,http://www.gojump.de/,https://de.wikipedia.org/wiki/Flugplatz_Gransee,,,,,,,
29092.0,EDUO,small_airport,Oberrißdorf Airfield,51.542895,11.595243,738.0,EU,DE,DE-ST,Hedersleben,no,EDUO,,EDUO,,,https://de.wikipedia.org/wiki/Flugplatz_Oberri%C3%9Fdorf,,,,,,,
315728.0,DE-0256,small_airport,Perleberg Glider Field,53.070464,11.818672,91.0,EU,DE,DE-MV,,no,EDUP,,,,http://www.aeroclub-perleberg.de/,https://de.wikipedia.org/wiki/Flugplatz_Perleberg,,,,,,,
2281.0,EDUS,small_airport,Finsterwalde-Schacksdorf Airfield,51.60743,13.737702,384.0,EU,DE,DE-BR,Lichterfeld-Schacksdorf,no,EDUS,,EDUS,,,https://de.wikipedia.org/wiki/Lausitzflugplatz_Finsterwalde/Schacksdorf,Lausitzflugplatz Finsterwalde/Schacksdorf,,,,,,
2283.0,EDUW,small_airport,Tutow-Betriebs Airfield,53.917731,13.22026,26.0,EU,DE,DE-MV,Tutow,no,EDUW,,EDUW,,,https://de.wikipedia.org/wiki/Flugplatz_Tutow,Flugplatz Tutow,,,,,,
29093.0,EDUY,seaplane_base,Welzow-Sedlitzer See Seaplane Base,51.557777,14.105,361.0,EU,DE,DE-BR,Welzow,no,EDUY,,EDUY,,,https://de.wikipedia.org/wiki/Flugplatz_Sedlitzer_See,,,,,,,
29094.0,EDUZ,medium_airport,Zerbst Airfield,52.000832,12.148611,289.0,EU,DE,DE-ST,Straguth,no,EDUZ,,EDUZ,,https://www.luftsportverein-zerbst.de/,https://de.wikipedia.org/wiki/Flugplatz_Zerbst,,,,,,,
28511.0,EDVA,small_airport,Bad Gandersheim Airfield,51.854168,10.025556,791.0,EU,DE,DE-NI,Bad Gandersheim,no,EDVA,,EDVA,,,https://en.wikipedia.org/wiki/Bad_Gandersheim_Aerodrome,Gandersheim-Seesen,,,,,,
28542.0,EDVC,small_airport,Celle-Arloh Airfield,52.688163,10.11278,207.0,EU,DE,DE-NI,Celle,no,EDVC,,EDVC,,,https://de.wikipedia.org/wiki/Flugplatz_Celle-Arloh,Flugplatz Celle-Arloh,,,,,,
2284.0,EDVE,medium_airport,Braunschweig-Wolfsburg Airport,52.319199,10.5561,295.0,EU,DE,DE-NI,Braunschweig,no,EDVE,BWE,EDVE,,http://www.flughafen-braunschweig-wolfsburg.de/,https://en.wikipedia.org/wiki/Braunschweig_Airport,,,,,,,
2285.0,EDVK,large_airport,Kassel Airport,51.418395,9.391638,820.0,EU,DE,DE-HE,Calden,yes,EDVK,KSF,EDVK,,http://www.flughafenkassel.de/,https://en.wikipedia.org/wiki/Kassel_Airport,Kassel-Calden,,,,,,
308187.0,DE-0043,small_airport,Wilsche Glider Field,52.524677,10.462597,191.0,EU,DE,DE-NI,Gifhorn,no,EDVQ,,EDVQ,,,https://de.wikipedia.org/wiki/Flugplatz_Wilsche,,,,,,,
2288.0,EDWE,small_airport,Emden Airport,53.391109,7.2275,3.0,EU,DE,DE-NI,Emden,yes,EDWE,EME,EDWE,,,https://en.wikipedia.org/wiki/Emden_Airport,,,,,,,
28751.0,EDWG,small_airport,Wangerooge Airport,53.782544,7.919584,7.0,EU,DE,DE-NI,Wangerooge,yes,EDWG,AGE,EDWG,,https://www.edwg.de,https://en.wikipedia.org/wiki/Wangerooge_Airfield,,,,,,,
2290.0,EDWI,small_airport,JadeWeser Airport,53.50222,8.052222,19.0,EU,DE,DE-NI,Wilhelmshaven,no,EDWI,WVN,EDWI,,https://www.edwi.info/,https://en.wikipedia.org/wiki/JadeWeser_Airport,Wilhelmshaven-Mariensiel,,,,,,
28614.0,EDWJ,small_airport,Juist Airport,53.681421,7.056398,7.0,EU,DE,DE-NI,Juist,yes,EDWJ,JUI,EDWJ,,https://www.edwj.de/,https://de.wikipedia.org/wiki/Flugplatz_Juist,,,,,,,
28632.0,EDWL,small_airport,Langeoog Airport,53.742379,7.496345,7.0,EU,DE,DE-NI,Langeoog,no,EDWL,LGO,EDWL,,,https://de.wikipedia.org/wiki/Flugplatz_Langeoog,,,,,,,
28684.0,EDWO,small_airport,Atterheide Airfield,52.286388,7.969722,287.0,EU,DE,DE-NI,Osnabrück,no,EDWO,,EDWO,,https://atterheide.de/,https://en.wikipedia.org/wiki/Atterheide_Airfield,,,,,,,
2291.0,EDWR,small_airport,Borkum Airport,53.59639,6.709167,3.0,EU,DE,DE-NI,Borkum,yes,EDWR,BMK,EDWR,,https://stadtwerke-borkum.de/flugplatz/,https://en.wikipedia.org/wiki/Borkum_Airfield,Borkum,,,,,,
28668.0,EDWS,small_airport,Norden-Norddeich Airport,53.633057,7.190278,3.0,EU,DE,DE-NI,Norddeich,yes,EDWS,NOD,EDWS,,,https://en.wikipedia.org/wiki/Norden-Norddeich_Airfield,,,,,,,
28744.0,EDWU,small_airport,Varrelbusch Airfield,52.908333,8.040556,128.0,EU,DE,DE-NI,Cloppenburg,no,EDWU,VAC,EDWU,,http://www.lsv-cloppenburg.de,https://en.wikipedia.org/wiki/Varrelbusch_Airfield,,,,,,,
2292.0,EDWY,small_airport,Norderney Airport,53.706944,7.23,7.0,EU,DE,DE-NI,Norderney,yes,EDWY,NRD,EDWY,,https://flughafen-norderney.de/,https://en.wikipedia.org/wiki/Norderney_Airport,,,,,,,
28520.0,EDWZ,small_airport,Baltrum Airport,53.72485,7.373257,7.0,EU,DE,DE-NI,Baltrum,yes,EDWZ,BMR,EDWZ,,https://www.baltrum-flug.de/,https://de.wikipedia.org/wiki/Flugplatz_Baltrum,,,,,,,
28491.0,EDXA,small_airport,Flugplatz Achmer,52.37722,7.913333,177.0,EU,DE,DE-NI,Bramsche,no,EDXA,,EDXA,,,https://en.wikipedia.org/wiki/Achmer_Aerodrome,,,,,,,
28590.0,EDXB,small_airport,Heide-Büsum Airport,54.153332,8.901667,7.0,EU,DE,DE-SH,Oesterdeichstrich,yes,EDXB,HEI,EDXB,,http://www.edxb.de,https://en.wikipedia.org/wiki/Heide-Buesum_Airport,,,,,,,
2293.0,EDXF,small_airport,Flensburg-Schäferhaus Airport,54.773335,9.378889,131.0,EU,DE,DE-SH,Flensburg,no,EDXF,FLF,EDXF,,,https://en.wikipedia.org/wiki/Flensburg-Sch%C3%A4ferhaus_Airport,,,,,,,
28591.0,EDXH,small_airport,Helgoland-Düne Airport,54.18528,7.915833,8.0,EU,DE,DE-SH,Helgoland,yes,EDXH,HGL,EDXH,,https://www.flugplatz-helgoland.de/,https://en.wikipedia.org/wiki/Heligoland_Airport,,,,,,,
2294.0,EDXJ,small_airport,Husum-Schwesing Airport,54.5099983215,9.13833332062,62.0,EU,DE,DE-SH,Husum,no,EDXJ,QHU,EDXJ,,,https://en.wikipedia.org/wiki/Husum_Schwesing_Airport,,,,,,,
29096.0,EDXK,small_airport,Leck Airfield,54.790905,8.963439,23.0,EU,DE,DE-SH,Leck,no,EDXK,,EDXK,,https://sportfluggruppe.de/verein/derflugplatz,https://de.wikipedia.org/wiki/Flugplatz_Leck,"Flugplatz Leck, Sonderlandeplatz Leck",,,,,,
28734.0,EDXO,small_airport,Sankt Peter-Ording Airport,54.308887,8.686944,7.0,EU,DE,DE-SH,Sankt Peter-Ording,no,EDXO,PSH,EDXO,,https://www.flugplatz-st-peter-ording.de/,https://en.wikipedia.org/wiki/Sankt_Peter-Ording_Airport,"Saint Peter-Ording, St. Peter-Ording",,,,,,
28588.0,EDXP,small_airport,Harlesiel Airfield,53.706669,7.820278,7.0,EU,DE,DE-NI,Harlesiel,yes,EDXP,,EDXP,,,https://en.wikipedia.org/wiki/Harle_Airfield,Flugplatz Harle,,,,,,
28727.0,EDXS,small_airport,Seedorf Airfield,53.335556,9.259444,72.0,EU,DE,DE-NI,Zeven,no,EDXS,,,,,https://de.wikipedia.org/wiki/Flugplatz_Seedorf,Sonderlandeplatz Seedorf,,,,,,
2296.0,EDXW,medium_airport,Westerland Sylt Airport,54.9132,8.34047,51.0,EU,DE,DE-SH,Sylt,yes,EDXW,GWT,EDXW,,https://www.flughafen-sylt.de,https://en.wikipedia.org/wiki/Sylt_Airport,,,,,,,
28765.0,EDXY,small_airport,Wyk auf Föhr Airport,54.684444,8.528333,26.0,EU,DE,DE-SH,Wyk auf Föhr,no,EDXY,OHR,EDXY,,,https://de.wikipedia.org/wiki/Flugplatz_Wyk_auf_F%C3%B6hr,,,,,,,
28626.0,EDXZ,small_airport,Kührstedt-Bederkesa Airfield,53.568054,8.789444,26.0,EU,DE,DE-NI,Geestland,no,EDXZ,,EDXZ,,https://www.edxz.de/,https://de.wikipedia.org/wiki/Flugplatz_K%C3%BChrstedt-Bederkesa,Flugplatz Kührstedt-Bederkesa,,,,,,
28120.0,EHAL,small_airport,Ameland Airport Ballum,53.453612,5.678396,11.0,EU,NL,NL-FR,Ballum,no,EHAL,,,,http://www.ehal.nl/,https://en.wikipedia.org/wiki/Ameland_Airport,Aachen,,,,,,
2513.0,EHAM,large_airport,Amsterdam Airport Schiphol,52.308601,4.76389,-11.0,EU,NL,NL-NH,Amsterdam,yes,EHAM,AMS,EHAM,,https://www.schiphol.nl/,https://en.wikipedia.org/wiki/Amsterdam_Airport_Schiphol,,Netherlands,Amsterdam - Schiphol (EHAM),EHAM,6.224571636893912,32916.0,204888.0
2514.0,EHBD,medium_airport,Kempen Airport Budel,51.255299,5.60139,114.0,EU,NL,NL-NB,Weert,no,EHBD,,,,http://www.kempenairport.nl/,https://en.wikipedia.org/wiki/Kempen_Airport,"Kempen Airport, Budel Aerodrome",,,,,,
2515.0,EHBK,large_airport,Maastricht Aachen Airport,50.911087,5.769401,375.0,EU,NL,NL-LI,Maastricht,yes,EHBK,MST,EHBK,,,https://en.wikipedia.org/wiki/Maastricht_Aachen_Airport,,Netherlands,Maastricht-Aachen (EHBK),EHBK,0.05693069306930693,404.0,23.0
2516.0,EHDL,medium_airport,Deelen Air Base,52.0606,5.87306,158.0,EU,NL,NL-GE,Arnhem,no,EHDL,,,,,https://en.wikipedia.org/wiki/Deelen_Air_Base,QAR,,,,,,
2517.0,EHDR,small_airport,Drachten Airfield,53.117933,6.127324,14.0,EU,NL,NL-FR,Drachten,no,EHDR,,,,,https://en.wikipedia.org/wiki/Drachten_Airfield,,,,,,,
515200.0,EHDV,heliport,D15-FA-1 Heliport,54.32472,2.93417,,EU,NL,NL-XX,,no,EHDV,,,,,,,,,,,,
2518.0,EHEH,large_airport,Eindhoven Airport,51.4500999451,5.37452983856,74.0,EU,NL,NL-NB,Eindhoven,yes,EHEH,EIN,EHEH,,http://www.eindhovenairport.nl/,https://en.wikipedia.org/wiki/Eindhoven_Airport,Welschap Airport,,,,,,
2519.0,EHGG,large_airport,Groningen Airport Eelde,53.119107,6.577652,17.0,EU,NL,NL-DR,Groningen,yes,EHGG,GRQ,EHGG,,,https://en.wikipedia.org/wiki/Groningen_Airport_Eelde,,Netherlands,Groningen (EHGG),EHGG,0.023529411764705882,680.0,16.0
2520.0,EHGR,medium_airport,Gilze Rijen Air Base,51.567402,4.93183,49.0,EU,NL,NL-NB,Rijen,no,EHGR,GLZ,EHGR,,http://www.defensie.nl/luchtmacht/luchtmachtbases/gilze-rijen/,https://en.wikipedia.org/wiki/Gilze-Rijen_Air_Base,,,,,,,
2521.0,EHKD,medium_airport,De Kooy Airfield / Den Helder Naval Air Station,52.923401,4.78062,3.0,EU,NL,NL-NH,Den Helder,no,EHKD,DHR,EHKD,,,https://en.wikipedia.org/wiki/De_Kooy_Airfield,,,,,,,
2522.0,EHLE,medium_airport,Lelystad Airport,52.453188,5.514622,-13.0,EU,NL,NL-FL,Lelystad,no,EHLE,LEY,EHLE,,https://www.lelystadairport.nl/,https://en.wikipedia.org/wiki/Lelystad_Airport,,,,,,,
2523.0,EHLW,medium_airport,Leeuwarden Air Base,53.22859954833984,5.760560035705566,3.0,EU,NL,NL-FR,Leeuwarden,no,EHLW,LWR,EHLW,,http://www.defensie.nl/luchtmacht/luchtmachtbases/leeuwarden/,https://en.wikipedia.org/wiki/Leeuwarden_Air_Base,,,,,,,
29212.0,NL-0148,heliport,Air Operations Control Station Nieuw Milligen Heliport,52.236685,5.749192,171.0,EU,NL,NL-GE,Uddel,no,EHMC,,EHMC,,http://www.defensie.nl/luchtmacht/luchtmachtbases/aocs_nieuw_milligen/,https://en.wikipedia.org/wiki/Air_Operations_Control_Station_Nieuw-Milligen,,,,,,,
299505.0,NL-0024,small_airport,Middenmeer Airfield,52.814876,5.021245,-14.0,EU,NL,NL-NH,Middenmeer,no,EHMM,,EHMM,,https://www.vliegveldmiddenmeer.nl/,https://en.wikipedia.org/wiki/Middenmeer_Aerodrome,,,,,,,
2524.0,EHRD,large_airport,Rotterdam The Hague Airport,51.956902,4.43722,-15.0,EU,NL,NL-ZH,Rotterdam,yes,EHRD,RTM,EHRD,,https://www.rotterdamthehagueairport.nl/,https://en.wikipedia.org/wiki/Rotterdam_The_Hague_Airport,Vliegveld Zestienhoven,Netherlands,Rotterdam (EHRD),EHRD,0.0,1750.0,0.0
28124.0,EHSE,small_airport,Breda International Airport,51.554901,4.553003,30.0,EU,NL,NL-NB,Hoeven,no,EHSE,,EHSE,,https://www.breda-airport.eu/en/home-en/,https://en.wikipedia.org/wiki/Breda_International_Airport,Seppe,,,,,,
28126.0,EHTE,small_airport,Teuge Airport,52.242764,6.050004,17.0,EU,NL,NL-GE,Deventer,no,EHTE,,EHTE,,http://www.teuge-airport.nl/,https://en.wikipedia.org/wiki/Teuge_Airport,"Teuge, Apeldoorn, Deventer",,,,,,
340432.0,EHTS,heliport,Terschelling Heliport,53.384129,5.278094,,EU,NL,NL-FR,Midsland,no,EHTS,,EHTS,,,,,,,,,,
2526.0,EHTW,medium_airport,Twente Airport,52.275833,6.889167,114.0,EU,NL,NL-OV,Enschede,no,EHTW,ENS,EHTW,,https://www.twente-airport.nl/,https://en.wikipedia.org/wiki/Enschede_Airport_Twente,,,,,,,
28128.0,EHTX,small_airport,Texel International Airport,53.114962,4.830552,2.0,EU,NL,NL-NH,De Cocksdorp,no,EHTX,,EHTX,,http://www.texelairport.nl/,https://en.wikipedia.org/wiki/Texel_International_Airport,,,,,,,
2528.0,EHVK,medium_airport,Volkel Air Base,51.657222,5.707778,72.0,EU,NL,NL-NB,Uden,no,EHVK,UDE,EHVK,,http://www.defensie.nl/luchtmacht/luchtmachtbases/volkel/,https://en.wikipedia.org/wiki/Volkel_Air_Base,The Hague,,,,,,
2529.0,EHWO,medium_airport,Woensdrecht Air Base,51.4491,4.34203,63.0,EU,NL,NL-NB,Hoogerheide,no,EHWO,WOE,EHWO,,http://www.defensie.nl/luchtmacht/luchtmachtbases/woensdrecht/,https://en.wikipedia.org/wiki/Woensdrecht_Air_Base,"BZM, Vliegbasis Woensdrecht",,,,,,
2717.0,ETAD,medium_airport,Spangdahlem Air Base,49.976507,6.698413,1197.0,EU,DE,DE-RP,Trier,no,ETAD,SPM,ETAD,,http://www.spangdahlem.af.mil/,https://en.wikipedia.org/wiki/Spangdahlem_Air_Base,,,,,,,
2718.0,ETAR,medium_airport,Ramstein Air Base,49.436901,7.60028,776.0,EU,DE,DE-RP,Ramstein-Miesenbach,no,ETAR,RMS,ETAR,,http://www.ramstein.af.mil/,https://en.wikipedia.org/wiki/Ramstein_Air_Base,Landstuhl Air Base,,,,,,
29393.0,ETEB,heliport,Ansbach Katterbach Army Heliport,49.308201,10.6387,,EU,DE,DE-BY,Ansbach,no,ETEB,,ETEB,,,https://en.wikipedia.org/wiki/Katterbach_Kaserne,,,,,,,
300113.0,ETED,heliport,Kaiserslautern Depot Army Heliport,49.447874,7.83957,950.0,EU,DE,DE-RP,Kaiserslautern,no,ETED,,ETED,,,,,,,,,,
29395.0,ETHA,small_airport,Altenstadt Army Airfield,47.835499,10.8712,2425.0,EU,DE,DE-BY,Altenstadt,no,ETHA,,ETHA,,,http://de.wikipedia.org/wiki/Heeresflugplatz_Altenstadt,Heeresflugplatz Altenstadt,,,,,,
2721.0,ETHB,medium_airport,Bückeburg Air Base,52.2785,9.08217,230.0,EU,DE,DE-NI,Bückeburg,no,ETHB,,ETHB,,,https://en.wikipedia.org/wiki/B%C3%BCckeburg_Air_Base,,,,,,,
2722.0,ETHC,medium_airport,Celle Army Airfield,52.591202,10.0221,129.0,EU,DE,DE-NI,Celle,no,ETHC,,ETHC,,,https://en.wikipedia.org/wiki/Celle_Air_Base,ZCN,,,,,,
2723.0,ETHE,small_airport,Rheine-Bentlage Airfield,52.291199,7.387,129.0,EU,DE,DE-NW,,no,ETHE,,ETHE,,,https://en.wikipedia.org/wiki/Rheine-Bentlage_Air_Base,,,,,,,
2724.0,ETHF,medium_airport,Fritzlar Army Airfield,51.1146,9.286,565.0,EU,DE,DE-HE,Fritzlar,no,ETHF,FRZ,ETHF,,,https://en.wikipedia.org/wiki/Fritzlar_Air_Base,Heeresflugplatz Fritzlar,,,,,,
2725.0,ETHL,medium_airport,Laupheim Air Base,48.220299,9.91002,1766.0,EU,DE,DE-BW,Laupheim,no,ETHL,,ETHL,,,https://en.wikipedia.org/wiki/Laupheim_Air_Base,Militärflugplatz Laupheim,,,,,,
2727.0,ETHN,medium_airport,Niederstetten Army Air Base,49.39162,9.956747,1536.0,EU,DE,DE-BW,Niederstetten,no,ETHN,,ETHN,,,https://en.wikipedia.org/wiki/Niederstetten_Air_Base,,,,,,,
2729.0,ETHS,medium_airport,Faßberg Air Base,52.919399,10.185827,245.0,EU,DE,DE-NI,Faßberg,no,ETHS,,ETHS,,,https://en.wikipedia.org/wiki/Fa%C3%9Fberg_Air_Base,Fassberg,,,,,,
2730.0,ETIC,medium_airport,Grafenwöhr Army Air Field,49.6987,11.9402,1363.0,EU,DE,DE-BY,Grafenwöhr,no,ETIC,,ETIC,,,https://en.wikipedia.org/wiki/Grafenw%C3%B6hr_Army_Airfield,,,,,,,
2732.0,ETIH,medium_airport,Hohenfels Army Airfield,49.216541,11.836064,1455.0,EU,DE,DE-BY,Hohenfels,no,ETIH,,ETIH,,,https://en.wikipedia.org/wiki/Hohenfels_Army_Airfield,,,,,,,
29972.0,ETIK,heliport,Illesheim Army Heliport,49.4739,10.3881,1079.0,EU,DE,DE-BY,Illesheim,no,ETIK,ILH,ETIK,,,https://en.wikipedia.org/wiki/Illesheim_Army_Heliport,Storck Barracks,,,,,,
2734.0,ETMN,medium_airport,Sea-Airport Cuxhaven/Nordholz / Nordholz Naval Airbase,53.767689,8.659201,74.0,EU,DE,DE-NI,Wurster Nordseeküste,yes,ETMN,FCN,ETMN,,,https://en.wikipedia.org/wiki/Nordholz_Naval_Airbase,"Cuxhaven, Fliegerhorst Nordholz, Flughafen Cuxhaven/Nordholz",,,,,,
2735.0,ETND,medium_airport,Diepholz Air Base,52.585556,8.342222,128.0,EU,DE,DE-NI,Diepholz,no,ETND,,ETND,,,https://en.wikipedia.org/wiki/Diepholz_Air_Base,"Diepholz, Dümmerland",,,,,,
2736.0,ETNG,medium_airport,Geilenkirchen Air Base,50.9608,6.04242,296.0,EU,DE,DE-NW,Geilenkirchen,no,ETNG,GKE,ETNG,,,https://en.wikipedia.org/wiki/NATO_Air_Base_Geilenkirchen,,,,,,,
2737.0,ETNH,medium_airport,Hohn Air Base,54.312199,9.53817,39.0,EU,DE,DE-SH,Hohn,no,ETNH,,ETNH,,,https://de.wikipedia.org/wiki/Fliegerhorst_Hohn,,,,,,,
2739.0,ETNL,medium_airport,Rostock-Laage Airport,53.918201,12.2783,138.0,EU,DE,DE-MV,Laage,yes,ETNL,RLG,ETNL,,,https://en.wikipedia.org/wiki/Rostock-Laage_Airport,,,,,,,
2740.0,ETNN,medium_airport,Nörvenich Air Base,50.8312,6.65817,386.0,EU,DE,DE-NW,Nörvenich,no,ETNN,,ETNN,,,https://en.wikipedia.org/wiki/N%C3%B6rvenich_Air_Base,QOE,,,,,,
2741.0,ETNS,medium_airport,Schleswig Air Base,54.459301,9.51633,70.0,EU,DE,DE-SH,Jagel,no,ETNS,WBG,ETNS,,,https://en.wikipedia.org/wiki/Schleswig_Air_Base,,,,,,,
2742.0,ETNT,medium_airport,Wittmundhafen Air Base,53.547798,7.66733,26.0,EU,DE,DE-NI,Wittmund,no,ETNT,,ETNT,,,https://en.wikipedia.org/wiki/Wittmundhafen_Air_Base,,,,,,,
2744.0,ETNW,medium_airport,Wunstorf Air Base,52.457298,9.42717,187.0,EU,DE,DE-NI,,no,ETNW,,ETNW,,,https://en.wikipedia.org/wiki/Wunstorf_Air_Base,,,,,,,
2747.0,ETOU,medium_airport,Wiesbaden Army Airfield,50.049800872802734,8.325400352478027,461.0,EU,DE,DE-HE,Wiesbaden,no,ETOU,WIE,ETOU,,,https://en.wikipedia.org/wiki/Wiesbaden_Army_Airfield,,,,,,,
2749.0,ETSB,medium_airport,Büchel Air Base,50.173801,7.06333,1568.0,EU,DE,DE-RP,Alflen,no,ETSB,,ETSB,,,https://en.wikipedia.org/wiki/B%C3%BCchel_Air_Base,,,,,,,
2752.0,ETSH,medium_airport,Holzdorf Air Base,51.767799,13.1677,265.0,EU,DE,DE-BR,Holzdorf,no,ETSH,,ETSH,,,https://en.wikipedia.org/wiki/Holzdorf_Air_Base,,,,,,,
2753.0,ETSI,medium_airport,Ingolstadt Manching Airport,48.7156982421875,11.534000396728516,1202.0,EU,DE,DE-BY,Manching,no,ETSI,IGS,ETSI,,,https://en.wikipedia.org/wiki/Ingolstadt_Manching_Airport,,,,,,,
2754.0,ETSL,medium_airport,Lechfeld Air Base,48.185504,10.8612,1822.0,EU,DE,DE-BY,Graben,no,ETSL,,ETSL,,,https://en.wikipedia.org/wiki/Lechfeld_Air_Base,Fliegerhorst Lechfeld,,,,,,
2755.0,ETSN,medium_airport,Neuburg Air Base,48.710999,11.2115,1249.0,EU,DE,DE-BY,Neuburg an der Donau,no,ETSN,,ETSN,,,https://en.wikipedia.org/wiki/Neuburg_Air_Base,,,,,,,
29405.0,ETWM,small_airport,Meppen Air Base,52.723202,7.32633,,EU,DE,DE-NI,,no,ETWM,,ETWM,,,https://de.wikipedia.org/wiki/Fliegerhorst_Meppen,,,,,,,
524733.0,GCDC,heliport,Nuestra Señora de Candelaria University Hospital Helipad,28.448687,-16.28462,820.0,AF,ES,ES-CN,Santa Cruz de Tenerife,no,GCDC,,GCDC,,,,,,,,,,
3077.0,GCFV,large_airport,Fuerteventura Airport,28.4527,-13.8638,85.0,AF,ES,ES-CN,El Matorral,yes,GCFV,FUE,GCFV,,https://www.aena.es/en/fuerteventura.html,https://en.wikipedia.org/wiki/Fuerteventura_Airport,,,,,,,
3078.0,GCGM,small_airport,La Gomera Airport,28.0296,-17.2146,716.0,AF,ES,ES-CN,"Alajero, La Gomera Island",yes,GCGM,GMZ,GCGM,,https://www.aena.es/en/la-gomera.html,https://en.wikipedia.org/wiki/La_Gomera_Airport,,,,,,,
43297.0,GCGO,heliport,San Sebastián de La Gomera Heliport,28.0972,-17.1024,1.0,AF,ES,ES-CN,La Gomera Island,no,GCGO,,GCGO,,,,,,,,,,
598091.0,GCHG,heliport,Insular Hospital Helipad,28.082835,-15.417392,100.0,AF,ES,ES-CN,Las Palmas de Gran Canaria,no,GCHG,,GCHG,,,,,,,,,,
3079.0,GCHI,medium_airport,El Hierro Airport,27.8148,-17.8871,103.0,AF,ES,ES-CN,El Hierro Island,yes,GCHI,VDE,GCHI,,https://www.aena.es/en/el-hierro.html,https://en.wikipedia.org/wiki/El_Hierro_Airport,"Hierro,El Hierro",,,,,,
43272.0,GCHU,heliport,Universitario de Canarias Hospital Heliport,28.456101,-16.291888,1080.0,AF,ES,ES-CN,Santa Cruz de Tenerife,no,GCHU,,GCHU,,,,,,,,,,
3080.0,GCLA,medium_airport,La Palma Airport,28.626499,-17.7556,107.0,AF,ES,ES-CN,"Sta Cruz de la Palma, La Palma Island",yes,GCLA,SPC,GCLA,,https://www.aena.es/en/la-palma.html,https://en.wikipedia.org/wiki/La_Palma_Airport,,,,,,,
29842.0,GCLB,small_airport,El Berriel Aeroc Airport,27.782499,-15.5072,20.0,AF,ES,ES-CN,Gran Canaria Island,no,GCLB,,GCLB,,https://www.gclb.info/,https://es.wikipedia.org/wiki/Aer%C3%B3dromo_Maspalomas_-_El_Berriel,,,,,,,
524728.0,GCLG,heliport,IES La Guancha Heliport,28.377407,-16.649328,1439.0,AF,ES,ES-CN,Icod de los Vinos,no,GCLG,,GCLG,,,,,,,,,,
3081.0,GCLP,large_airport,Gran Canaria Airport,27.9319,-15.3866,78.0,AF,ES,ES-CN,Gran Canaria Island,yes,GCLP,LPA,GCLP,,https://www.aena.es/en/gran-canaria.html,https://en.wikipedia.org/wiki/Gran_Canaria_Airport,"Canary Islands, Las Palmas Airport, Gando Airport",Spain,Gran Canaria (GCLP),GCLP,0.8732287449392713,11856.0,10353.0
598096.0,GCMP,heliport,Maspalomas Station Heliport,27.765637,-15.635286,471.0,AF,ES,ES-CN,ESA Special Station,no,GCMP,,GCMP,,https://www.esa.int/Enabling_Support/Operations/ESA_Ground_Stations/Maspalomas_station,https://en.wikipedia.org/wiki/Maspalomas_Station,,,,,,,
524726.0,GCPU,heliport,Puntagorda Heliport,28.77882,-17.9957,1440.0,AF,ES,ES-CN,La Palma,no,GCPU,,GCPU,,,,,,,,,,
3082.0,GCRR,large_airport,César Manrique-Lanzarote Airport,28.945499,-13.6052,46.0,AF,ES,ES-CN,San Bartolomé,yes,GCRR,ACE,GCRR,,https://www.lanzaroteairport.info/barrier-free-disability-assistance-service/,https://en.wikipedia.org/wiki/Lanzarote_Airport,Arrecife Airport,,,,,,
3083.0,GCTS,large_airport,Tenerife Sur Airport,28.0445,-16.5725,209.0,AF,ES,ES-CN,Tenerife,yes,GCTS,TFS,GCTS,,https://www.aena.es/en/tenerife-sur.html,https://en.wikipedia.org/wiki/Tenerife%E2%80%93South_Airport,"Reina Sofía, TCI, Tenerife South",,,,,,
598093.0,GCXM,heliport,Los Rodeos Army Heliport,28.483836,-16.351263,2093.0,AF,ES,ES-CN,,no,GCXM,,GCXM,,,,,,,,,,
3084.0,GCXO,large_airport,Tenerife Norte-Ciudad de La Laguna Airport,28.482752,-16.341707,2076.0,AF,ES,ES-CN,Tenerife,yes,GCXO,TFN,GCXO,,https://www.aena.es/en/tenerife-norte-ciudad-de-la-laguna.html,https://en.wikipedia.org/wiki/Los_Rodeos_Airport,"Canary Islands, Los Rodeos, TCI, Terenife",,,,,,
35151.0,GECE,heliport,Ceuta Heliport,35.892657,-5.306321,8.0,AF,ES,ES-CE,Ceuta,yes,GECE,JCU,GECE,,https://www.aena.es/en/ceuta.html,https://en.wikipedia.org/wiki/Ceuta_Heliport,GECT,,,,,,
598095.0,GECT,heliport,Ceuta Military Heliport,35.889018,-5.346354,267.0,AF,ES,ES-CE,Ceuta,no,GECT,,GECT,,,,,,,,,,
429793.0,ES-0324,heliport,Melilla Heliport,35.3021,-2.94448,225.0,AF,ES,ES-ML,Melilla,no,GEHM,,GEHM,,,,,,,,,,
3093.0,GEML,medium_airport,Melilla Airport,35.2798,-2.95626,156.0,AF,ES,ES-ML,Melilla,yes,GEML,MLN,GEML,,https://www.aena.es/en/melilla.html,https://en.wikipedia.org/wiki/Melilla_Airport,,,,,,,
3996.0,LEAB,medium_airport,Albacete Airport / Los Llanos Air Base,38.948502,-1.86352,2302.0,EU,ES,ES-CM,Albacete,no,LEAB,ABC,LEAB,,https://www.aena.es/en/albacete.html,https://en.wikipedia.org/wiki/Albacete_Airport,,,,,,,
3997.0,LEAL,large_airport,Alicante-Elche Miguel Hernández Airport,38.2822,-0.558156,142.0,EU,ES,ES-VC,Alicante,yes,LEAL,ALC,LEAL,,https://www.aena.es/en/alicante-elche.html,https://en.wikipedia.org/wiki/Alicante–Elche_Miguel_Hernández_Airport,,Spain,Alicante (LEAL),LEAL,0.25467681589472324,7751.0,1974.0
3998.0,LEAM,medium_airport,Almería Airport,36.843899,-2.3701,70.0,EU,ES,ES-AN,Almería,yes,LEAM,LEI,LEAM,,https://www.aena.es/en/almeria.html,https://en.wikipedia.org/wiki/Almer%C3%ADa_International_Airport,,,,,,,
3999.0,LEAS,large_airport,Asturias Airport,43.563599,-6.03462,416.0,EU,ES,ES-AS,Ranón,yes,LEAS,OVD,LEAS,,https://www.aena.es/en/asturias.html,https://en.wikipedia.org/wiki/Asturias_Airport,,,,,,,
4000.0,LEBA,medium_airport,Córdoba Airport,37.841999,-4.84888,297.0,EU,ES,ES-AN,Córdoba,no,LEBA,ODB,LEBA,,https://www.aena.es/en/cordoba.html,https://en.wikipedia.org/wiki/C%C3%B3rdoba_Airport,,,,,,,
4001.0,LEBB,large_airport,Bilbao Airport,43.301102,-2.91061,138.0,AF,ES,ES-PV,Bilbao,yes,LEBB,BIO,LEBB,,https://www.aena.es/en/bilbao.html,https://en.wikipedia.org/wiki/Bilbao_Airport,,,,,,,
4003.0,LEBG,medium_airport,Burgos Airport,42.357601,-3.62076,2962.0,EU,ES,ES-CL,Burgos,no,LEBG,RGS,LEBG,,https://www.aena.es/en/burgos.html,https://en.wikipedia.org/wiki/Burgos_Airport,,,,,,,
4004.0,LEBL,large_airport,Josep Tarradellas Barcelona-El Prat Airport,41.2971,2.07846,12.0,EU,ES,ES-CT,Barcelona,yes,LEBL,BCN,LEBL,,https://www.aena.es/en/josep-tarradellas-barcelona-el-prat.html,https://en.wikipedia.org/wiki/Barcelona%E2%80%93El_Prat_Airport,"El Prat Airport,Barcelona International,Josep Tarradellas Barcelona-El Prat Airport",Spain,Barcelona (LEBL),LEBL,0.8191793114700604,24516.0,20083.0
4005.0,LEBZ,medium_airport,Badajoz Airport,38.8913,-6.82133,609.0,EU,ES,ES-EX,Badajoz,yes,LEBZ,BJZ,LEBZ,,https://www.aena.es/en/badajoz.html,https://en.wikipedia.org/wiki/Badajoz_Airport,Talavera La Real Airport,,,,,,
300859.0,LECH,medium_airport,Castellón-Costa Azahar Airport,40.213889,0.073333,1182.0,EU,ES,ES-VC,Castellón de la Plana,yes,LECH,CDT,LECH,,https://www.aeroportcastello.com/,https://en.wikipedia.org/wiki/Castell%C3%B3n%E2%80%93Costa_Azahar_Airport,,,,,,,
4007.0,LECO,medium_airport,A Coruña Airport,43.302101,-8.37726,326.0,EU,ES,ES-GA,Culleredo,yes,LECO,LCG,LECO,,https://www.aena.es/en/a-coruna.html,https://en.wikipedia.org/wiki/A_Coru%C3%B1a_Airport,"The Groyne, La Coruña",,,,,,
4044.0,LECU,medium_airport,Madrid-Cuatro Vientos Airport,40.370701,-3.78514,2269.0,EU,ES,ES-MD,Madrid,no,LECU,,LECU,,https://www.aena.es/en/madrid-cuatro-vientos.html,https://en.wikipedia.org/wiki/Cuatro_Vientos_Airport,"LEVS, ECV",,,,,,
308328.0,LEDA,medium_airport,Lleida-Alguaire Airport,41.728185,0.535023,1152.0,EU,ES,ES-CT,Lleida,yes,LEDA,ILD,LEDA,,http://www.aeroportlleida.cat/?L=2,https://en.wikipedia.org/wiki/Lleida-Alguaire_Airport,,,,,,,
4010.0,LEGE,large_airport,Girona-Costa Brava Airport,41.904639,2.761774,468.0,AF,ES,ES-CT,Girona,yes,LEGE,GRO,LEGE,,https://www.aena.es/en/girona-costa-brava.html,https://en.wikipedia.org/wiki/Girona-Costa_Brava_Airport,"Girona, Costa Brava, Girona-Costa Brava",,,,,,
331423.0,ES-0366,small_airport,El Rinconcillo de Guadalupe,39.594127,-6.206276,,EU,ES,ES-EX,,no,LEGP,,LEGP,,,,LEGP,,,,,,
4011.0,LEGR,medium_airport,F.G.L. Airport Granada-Jaén Airport,37.188702,-3.77736,1860.0,EU,ES,ES-AN,Granada,yes,LEGR,GRX,LEGR,,https://www.aena.es/en/f.g.l.-granada-jaen.html,https://en.wikipedia.org/wiki/Federico_Garc%C3%ADa_Lorca_Airport,,,,,,,
4012.0,LEGT,medium_airport,Getafe Air Base,40.294102,-3.72383,2034.0,EU,ES,ES-MD,Getafe,no,LEGT,,LEGT,,,https://en.wikipedia.org/wiki/Getafe_Air_Base,,,,,,,
29967.0,LEHC,small_airport,Huesca-Pirineos Airport,42.076099,-0.316667,1769.0,EU,ES,ES-AR,Monflorite/Alcalá del Obispo,no,LEHC,HSK,LEHC,,https://www.aena.es/en/huesca-pirineos.html,https://en.wikipedia.org/wiki/Huesca%E2%80%93Pirineos_Airport,"Huesca-Pirineos, Huesca-Pyrenees",,,,,,
4013.0,LEIB,large_airport,Ibiza Airport,38.872898,1.37312,24.0,EU,ES,ES-IB,Ibiza (Eivissa),yes,LEIB,IBZ,LEIB,,https://www.aena.es/en/ibiza.html,https://en.wikipedia.org/wiki/Ibiza_Airport,,Spain,Ibiza (LEIB),LEIB,0.006944444444444444,2448.0,17.0
4015.0,LEJR,medium_airport,Jerez Airport,36.744598,-6.06011,93.0,EU,ES,ES-AN,Jerez de la Frontera,yes,LEJR,XRY,LEJR,,https://www.aena.es/en/jerez.html,https://en.wikipedia.org/wiki/Jerez_Airport,,,,,,,
4017.0,LELC,medium_airport,San Javier Airport,37.775002,-0.812389,11.0,EU,ES,ES-MC,San Javier,no,LELC,,LELC,,,https://en.wikipedia.org/wiki/Murcia-San_Javier_Airport,,,,,,,
321529.0,ES-0190,small_airport,El Molinillo Airfield,38.739954,-6.391888,1034.0,EU,ES,ES-EX,Almendralejo,no,LELI,,LELI,,https://aeroclubalavi.es/,,,,,,,,
4018.0,LELN,large_airport,León Int'l Airport,42.590709,-5.653406,3006.0,AF,ES,ES-CL,La Virgen Del Camino,yes,LELN,LEN,LELN,,https://www.aena.es/en/leon.html,https://en.wikipedia.org/wiki/Le%C3%B3n_Airport,,,,,,,
4019.0,LEMD,large_airport,Adolfo Suárez Madrid–Barajas Airport,40.493407,-3.572249,1998.0,EU,ES,ES-MD,Madrid,yes,LEMD,MAD,LEMD,,https://www.aena.es/en/adolfo-suarez-madrid-barajas.html,https://en.wikipedia.org/wiki/Adolfo_Su%C3%A1rez_Madrid%E2%80%93Barajas_Airport,"Leganés, Madrid Barajas International Airport",Spain,Madrid - Barajas (LEMD),LEMD,0.5846007886388568,33729.0,19718.0
4020.0,LEMG,large_airport,Málaga-Costa del Sol Airport,36.6749,-4.49911,53.0,EU,ES,ES-AN,Málaga,yes,LEMG,AGP,LEMG,,https://www.aena.es/en/malaga-costa-del-sol.html,https://en.wikipedia.org/wiki/M%C3%A1laga_Airport,"Costa del Sol, Malaga",Spain,Málaga (LEMG),LEMG,0.47461785242498583,10598.0,5030.0
4021.0,LEMH,large_airport,Menorca Airport,39.862598,4.21865,302.0,EU,ES,ES-IB,Mahón (Maó),yes,LEMH,MAH,LEMH,,https://www.aena.es/en/menorca.html,https://en.wikipedia.org/wiki/Menorca_Airport,Menorca,,,,,,
308134.0,LEMI,large_airport,Region of Murcia International Airport,37.802852,-1.124884,644.0,AF,ES,ES-MC,Corvera,yes,LEMI,RMU,LEMI,,https://www.aena.es/en/internacional-region-de-murcia.html,https://en.wikipedia.org/wiki/Murcia-Corvera_Airport,,,,,,,
4022.0,LEMO,medium_airport,Moron Air Base,37.17490005493164,-5.615940093994141,285.0,EU,ES,ES-AN,Morón,no,LEMO,OZP,LEMO,,,https://en.wikipedia.org/wiki/Mor%C3%B3n_Air_Base,,,,,,,
4035.0,LEPA,large_airport,Palma de Mallorca Airport,39.551701,2.73881,27.0,EU,ES,ES-IB,Palma de Mallorca,yes,LEPA,PMI,LEPA,,https://www.aena.es/en/palma-de-mallorca.html,https://en.wikipedia.org/wiki/Son_Sant_Joan_Airport,"Son Sant Joan Airport, LESJ",Spain,Palma de Mallorca (LEPA),LEPA,0.19590403744880047,8545.0,1674.0
4025.0,LEPP,medium_airport,Pamplona Airport,42.77,-1.64633,1504.0,EU,ES,ES-NC,Pamplona,yes,LEPP,PNA,LEPP,,https://www.aena.es/en/pamplona.html,https://en.wikipedia.org/wiki/Pamplona_Airport,,,,,,,
46583.0,LERL,medium_airport,Ciudad Real International Airport,38.856479,-3.969944,2120.0,EU,ES,ES-CM,Ciudad Real,no,LERL,CQM,LERL,,http://www.aeropuertocentralcr.com/,https://en.wikipedia.org/wiki/Ciudad_Real_International_Airport,Ciudad Real Central Airport,,,,,,
309917.0,LERP,small_airport,Aeródromo de Herrera de Pisuerga,42.5923,-4.2902,2958.0,EU,ES,ES-CL,Herrera de Pisuerga,no,LERP,,LERP,,http://www.aeroperfils.com/escuela.html,,,,,,,,
4031.0,LERS,large_airport,Reus Airport,41.147509,1.168354,233.0,EU,ES,ES-CT,Reus,yes,LERS,REU,LERS,,https://www.aena.es/en/reus.html,https://en.wikipedia.org/wiki/Reus_Airport,,,,,,,
4032.0,LERT,medium_airport,Rota Naval Station Airport,36.645198822,-6.34946012497,86.0,EU,ES,ES-AN,Rota,no,LERT,ROZ,LERT,,,https://en.wikipedia.org/wiki/Naval_Station_Rota_Spain,,,,,,,
4033.0,LESA,medium_airport,Salamanca Airport,40.952099,-5.50199,2595.0,EU,ES,ES-CL,Salamanca,yes,LESA,SLM,LESA,,https://www.aena.es/en/salamanca.html,https://en.wikipedia.org/wiki/Salamanca_Airport,,,,,,,
4034.0,LESB,small_airport,Son Bonet Airfield,39.5989,2.70278,153.0,EU,ES,ES-IB,Marratxí,no,LESB,,LESB,,https://www.aena.es/en/son-bonet.html,https://en.wikipedia.org/wiki/Son_Bonet_Aerodrome,Mallorca,,,,,,
4036.0,LESL,small_airport,Sant Lluis Airfield,39.861878,4.251739,197.0,EU,ES,ES-IB,Sant Lluis,no,LESL,,LESL,,,https://en.wikipedia.org/wiki/San_Luis_Aerodrome,San Luis,,,,,,
4037.0,LESO,medium_airport,San Sebastián Airport,43.356499,-1.79061,16.0,EU,ES,ES-PV,Hondarribia,yes,LESO,EAS,LESO,,https://www.aena.es/en/san-sebastian.html,https://en.wikipedia.org/wiki/San_Sebasti%C3%A1n_Airport,,,,,,,
4038.0,LEST,large_airport,Santiago-Rosalía de Castro Airport,42.896301,-8.41514,1213.0,EU,ES,ES-GA,Santiago de Compostela,yes,LEST,SCQ,LEST,,https://www.aena.es/en/santiago-rosalia-de-castro.html,https://en.wikipedia.org/wiki/Santiago_de_Compostela_Airport,,,,,,,
4039.0,LESU,medium_airport,Pirineus - la Seu d'Urgel Airport,42.3386,1.40917,2625.0,AF,ES,ES-CT,La Seu d'Urgell Pyrenees and Andorra,yes,LESU,LEU,LESU,,http://www10.gencat.net/ptop/AppJava/cat/aerotrans/aerodroms/aerodroms/pirineus.jsp,https://en.wikipedia.org/wiki/La_Seu_d'Urgell_Airport,"Montferrer, Castellbò",,,,,,
316427.0,LETL,medium_airport,Teruel Airport,40.410269,-1.217366,3380.0,EU,ES,ES-AR,Teruel,no,LETL,TEV,LETL,,http://www.aeropuertodeteruel.com/en/,https://en.wikipedia.org/wiki/Teruel_Airport,,,,,,,
4041.0,LETO,medium_airport,Madrid–Torrejón Airport / Torrejón Air Base,40.487875,-3.456808,2026.0,EU,ES,ES-MD,Madrid,no,LETO,TOJ,LETO,,,https://en.wikipedia.org/wiki/Madrid-Torrej%C3%B3n_Airport,,,,,,,
4042.0,LEVC,large_airport,Valencia Airport,39.489162,-0.480961,240.0,EU,ES,ES-VC,Valencia,yes,LEVC,VLC,LEVC,,https://www.aena.es/en/valencia.html,https://en.wikipedia.org/wiki/Valencia_Airport,,,,,,,
4043.0,LEVD,medium_airport,Valladolid Airport,41.7061,-4.85194,2776.0,EU,ES,ES-CL,Valladolid,yes,LEVD,VLL,LEVD,,https://www.aena.es/en/valladolid.html,https://en.wikipedia.org/wiki/Valladolid_Airport,,,,,,,
598704.0,ES-0368,small_airport,(??Duplicate??)LEVS AIRPORT,12.862546,-13.818091,2269.0,AF,ES,ES-MD,,no,LEVS,,,,,,,,,,,,
4045.0,LEVT,medium_airport,Vitoria Airport,42.882801,-2.72447,1682.0,EU,ES,ES-PV,Alava,yes,LEVT,VIT,LEVT,,https://www.aena.es/en/vitoria.html,https://en.wikipedia.org/wiki/Vitoria_Airport,"Vitoria,Foronda",,,,,,
4046.0,LEVX,medium_airport,Vigo Airport,42.2318,-8.62677,856.0,EU,ES,ES-GA,Vigo,yes,LEVX,VGO,LEVX,,https://www.aena.es/en/vigo.html,https://en.wikipedia.org/wiki/Vigo-Peinador_Airport,,,,,,,
4047.0,LEXJ,medium_airport,Seve Ballesteros-Santander Airport,43.427101,-3.82001,16.0,EU,ES,ES-CB,Santander,yes,LEXJ,SDR,LEXJ,,https://www.aena.es/en/seve-ballesteros-santander.html,https://en.wikipedia.org/wiki/Santander_Airport,,,,,,,
4048.0,LEZG,large_airport,Zaragoza Airport,41.666199,-1.04155,863.0,EU,ES,ES-AR,Zaragoza,yes,LEZG,ZAZ,LEZG,,https://www.aena.es/en/zaragoza.html,https://en.wikipedia.org/wiki/Zaragoza_Airport,Zaragoza Air Base,,,,,,
4049.0,LEZL,large_airport,Seville Airport,37.417999,-5.89311,112.0,EU,ES,ES-AN,Seville,yes,LEZL,SVQ,LEZL,,https://www.aena.es/en/seville.html,https://en.wikipedia.org/wiki/Seville_Airport,"Sevilla, Sevilla Airport",,,,,,
317407.0,LIAA,small_airport,"Aviosuperficie ""Alvaro Leonardi""",42.573333,12.584444,374.0,EU,IT,IT-55,Terni,no,LIAA,,LIAA,,https://www.avioterni.it/en/home_eng/,https://it.wikipedia.org/wiki/Aviosuperficie_Alvaro_Leonardi,"Aviosuperficie ""Alvaro Leonardi""",,,,,,
314853.0,IT-0061,heliport,Capitalia Heliport,41.824691,12.381729,116.0,EU,IT,IT-62,Rome,no,LIAD,,LIAD,,,,,,,,,,
29414.0,LIAF,small_airport,Foligno Airfield,42.9328,12.71237,730.0,EU,IT,IT-55,Foligno (PG),no,LIAF,,LIAF,PG02,,https://en.wikipedia.org/wiki/Foligno_Airport,,,,,,,
599892.0,LIAG,heliport,Colacem Heliport,43.341513,12.576869,1532.0,EU,IT,IT-55,Gubbio (PG),no,LIAG,,LIAG,,,,,,,,,,
599893.0,LIAJ,heliport,Macchiarella Heliport,41.782953,12.306502,4.0,EU,IT,IT-62,Ostia Antica (RM),no,LIAJ,,LIAJ,,,,,,,,,,
317856.0,LIAL,small_airport,Sant'Illuminato Airfield,43.354901,12.21807,984.0,EU,IT,IT-55,Città di Castello (PG),no,LIAL,,LIAL,PG07,,,Aviosuperficie Sant'Illuminato,,,,,,
599895.0,LIAO,heliport,Il Ciocco Heliport,44.088304,10.467169,1351.0,EU,IT,IT-52,Castelvecchio Pascoli (LU),no,LIAO,,LIAO,,,,,,,,,,
4307.0,LIAP,small_airport,L'Aquila–Preturo Airport,42.379902,13.3092,2211.0,EU,IT,IT-65,L'Aquila,no,LIAP,,LIAP,AQ03,http://www.aeroportodeiparchi.it/,https://en.wikipedia.org/wiki/L%27Aquila%E2%80%93Preturo_Airport,"QAQ, Parchi Airport, Preturo Airport, Aeroporto dei Parchi di I'Aquila Preturo",,,,,,
29415.0,LIAQ,small_airport,Aquino Airfield,41.491983,13.719342,361.0,EU,IT,IT-62,Aquino,no,LIAQ,,LIAQ,FR01,,https://it.wikipedia.org/wiki/Aeroporto_di_Aquino,,,,,,,
317010.0,LIAR,small_airport,Furbara Air Base,41.994141,12.013544,21.0,EU,IT,IT-62,Fubara,no,LIAR,,LIAR,,,https://it.wikipedia.org/wiki/Aeroporto_di_Furbara,,,,,,,
316448.0,LIAT,small_airport,Valdera Airfield,43.592164,10.696294,39.0,EU,IT,IT-52,Capannoli (PI),no,LIAT,,LIAT,PI04,http://www.aeroclubdipisa.it,,"Valdera, Aeroclub Pisa",,,,,,
29416.0,LIAU,small_airport,Capua Airport,41.116001,14.178,64.0,EU,IT,IT-72,Capua,no,LIAU,,LIAU,CE03,,http://it.wikipedia.org/wiki/Aeroporto_di_Capua,Oreste Salomone Airport,,,,,,
599899.0,LIAY,heliport,La Bagnara Heliport,41.687128,13.499367,1501.0,EU,IT,IT-62,Monte San Giovanni Campano (FR),no,LIAY,,LIAY,,,,,,,,,,
4308.0,LIBA,medium_airport,Amendola Air Base,41.538443,15.717181,183.0,EU,IT,IT-75,San Giovanni Rotondo (FG),no,LIBA,,LIBA,FG06,,https://en.wikipedia.org/wiki/Amendola_Air_Base,Luigi Rovelli,,,,,,
4309.0,LIBC,medium_airport,Crotone Sant'Anna Pythagoras Airport,38.9972,17.0802,522.0,EU,IT,IT-78,Isola di Capo Rizzuto (KR),yes,LIBC,CRV,LIBC,KR01,http://www.aeroporto.kr.it/cartaservizi_eng.asp,https://en.wikipedia.org/wiki/Crotone_Airport,Sant'Anna Airport,Italy,Crotone (LIBC),LIBC,0.1691542288557214,201.0,34.0
4310.0,LIBD,large_airport,Bari Karol Wojtyła International Airport,41.138901,16.760599,193.0,EU,IT,IT-75,Bari,yes,LIBD,BRI,LIBD,BA02,http://www.seap-puglia.it/default.asp?idlingua=2&idcontenuto=25,https://en.wikipedia.org/wiki/Bari_Karol_Wojty%C5%82a_Airport,"Bari ""Karol Wojtyla"" International Airport, Palese Macchie Airport, Palese Airport",Italy,Bari Karol Wojtyla (LIBD),LIBD,0.0,3117.0,0.0
4311.0,LIBF,medium_airport,Foggia Gino Lisa Airport,41.433596,15.534566,265.0,EU,IT,IT-75,Foggia (FG),yes,LIBF,FOG,LIBF,FG05,,https://en.wikipedia.org/wiki/Foggia_%22Gino_Lisa%22_Airport,Foggia Airport,Italy,Foggia - Gino Lisa (LIBF),LIBF,0.0,92.0,0.0
4312.0,LIBG,medium_airport,Taranto-Grottaglie Marcello Arlotta Airport,40.517502,17.4032,215.0,EU,IT,IT-75,Grottaglie,no,LIBG,TAR,LIBG,TA02,,https://en.wikipedia.org/wiki/Taranto-Grottaglie_Airport,"M Arlotta, Taranto-Grottaglie Airport, Grottaglie Airport",Italy,Taranto-Grottaglie - Marcello Arlotta (LIBG),LIBG,0.0,30.0,0.0
317011.0,LIBH,heliport,Marina di Ginosa Heliport,40.424131,16.887517,26.0,EU,IT,IT-75,Marina di Ginosa,no,LIBH,,LIBH,,,,,,,,,,
317012.0,LIBJ,heliport,"Helicopter Base ""Luigi Razza""",38.640456,16.042989,1729.0,EU,IT,IT-78,Vibo Valentia,no,LIBJ,,LIBJ,,,https://it.wikipedia.org/wiki/Aeroporto_ed_eliporto_militare_di_Vibo_Valentia,,,,,,,
4313.0,LIBN,medium_airport,Lecce Galatina Air Base / Galatina Fortunato Cesari Airport,40.239201,18.133301,156.0,EU,IT,IT-75,Galatina (LE),no,LIBN,LCC,LIBN,LE08,,https://en.wikipedia.org/wiki/Lecce_Galatina_Air_Base,Galatina,,,,,,
4314.0,LIBP,large_airport,Abruzzo Airport,42.431079,14.182981,48.0,EU,IT,IT-65,Pescara,yes,LIBP,PSR,LIBP,PE01,http://www.abruzzo-airport.it/eng/index.php,https://en.wikipedia.org/wiki/Abruzzo_Airport,"Pescara, Abruzzo Pasquale Liberi International",Italy,Pescara International (LIBP),LIBP,0.1865546218487395,595.0,111.0
4315.0,LIBR,large_airport,Brindisi Airport,40.6576,17.947001,47.0,EU,IT,IT-75,Brindisi,yes,LIBR,BDS,LIBR,BR03,http://www.seap-puglia.it/default.asp?idlingua=2&idcontenuto=29,https://en.wikipedia.org/wiki/Brindisi_Airport,"Brindisi Papola Casale Airport, Brindisi Salento Airport, Brindisi Casale Antonio Papolo Airport, Salento Airport",Italy,Brindisi (LIBR),LIBR,0.0,1198.0,0.0
4316.0,LIBV,medium_airport,Gioia del Colle Antonio Ramirez Air Base,40.767799,16.9333,1187.0,EU,IT,IT-75,Gioia del Colle (BA),no,LIBV,,LIBV,BA07,,https://en.wikipedia.org/wiki/Gioia_del_Colle_Air_Base,A Ramirez,,,,,,
4317.0,LICA,large_airport,Lamezia Terme Sant'Eufemia International Airport,38.906214,16.246007,39.0,EU,IT,IT-78,Lamezia Terme (CZ),yes,LICA,SUF,LICA,CZ02,,https://en.wikipedia.org/wiki/Lamezia_Terme_International_Airport,,Italy,Lamezia Terme (LICA),LICA,0.0,1328.0,0.0
298716.0,LICB,medium_airport,Comiso Airport,36.99583,14.60889,756.0,EU,IT,IT-82,Comiso,yes,LICB,CIY,LICB,RG06,http://www.aeroportodicomiso.it/,https://en.wikipedia.org/wiki/Comiso_Airport,"Vincenzo Magliocco Airport, Aeroporto di Comiso",Italy,Comiso (LICB),LICB,0.12135922330097088,206.0,25.0
4318.0,LICC,large_airport,Catania-Fontanarossa Airport,37.466801,15.0664,39.0,EU,IT,IT-82,Catania,yes,LICC,CTA,LICC,CT03,http://www.aeroporto.catania.it/,https://en.wikipedia.org/wiki/Catania-Fontanarossa_Airport,"Lanza Di Trabie, Catania-Fontanarossa Vincenzo Bellini",Italy,Catania (LICC),LICC,0.0,4481.0,0.0
4319.0,LICD,medium_airport,Lampedusa Airport,35.497898,12.6181,70.0,EU,IT,IT-82,Lampedusa,yes,LICD,LMP,LICD,AG01,,https://en.wikipedia.org/wiki/Lampedusa_Airport,,Italy,Lampedusa (LICD),LICD,0.0,219.0,0.0
4320.0,LICG,medium_airport,Pantelleria Airport,36.816502,11.9689,628.0,EU,IT,IT-82,Pantelleria (TP),yes,LICG,PNL,LICG,TP02,,https://en.wikipedia.org/wiki/Pantelleria_Airport,I D'Amico,Italy,Pantelleria (LICG),LICG,0.0,236.0,0.0
4321.0,LICJ,large_airport,Falcone–Borsellino Airport,38.175999,13.091,65.0,EU,IT,IT-82,Palermo,yes,LICJ,PMO,LICJ,PA03,http://www.gesap.it/index.php,https://en.wikipedia.org/wiki/Falcone%E2%80%93Borsellino_Airport,"Palermo Airport, Punta Raisi Airport",Italy,Palermo Falcone-Borsellino (LICJ),LICJ,0.0,3553.0,0.0
298755.0,IT-0030,small_airport,Scalea Airport,39.776188,15.811343,20.0,EU,IT,IT-78,Scalea (CS),no,LICK,,LICK,CS08,http://www.aeroportoscalea.com,https://it.wikipedia.org/wiki/Aeroporto_di_Scalea,,,,,,,
298700.0,IT-0010,small_airport,Calatabiano (Aviosuperficie Angelo D'Arrigo),37.799561,15.22775,197.0,EU,IT,IT-82,Calatabiano (CT),no,LICN,,LICN,CTFFD,http://www.triavio.eu,,"CT05, Etnavolo, Fiumefreddo di Sicilia",,,,,,
4322.0,LICP,medium_airport,Palermo-Boccadifalco Airport,38.115919,13.31337,345.0,EU,IT,IT-82,Palermo,no,LICP,,LICP,PA04,,https://en.wikipedia.org/wiki/Palermo%E2%80%93Boccadifalco_Airport,Emanuele Notarbartolo Airport,,,,,,
4323.0,LICR,medium_airport,Reggio Calabria Airport,38.071201,15.6516,96.0,EU,IT,IT-78,Reggio Calabria,yes,LICR,REG,LICR,RC01,,https://en.wikipedia.org/wiki/Reggio_Calabria_Airport,Tito Minniti,Italy,Reggio Calabria (LICR),LICR,0.0,475.0,0.0
321167.0,IT-0497,small_airport,AvioSciacca Airfield,37.528809,13.003122,200.0,EU,IT,IT-82,Sciacca (AG),no,LICS,,LICS,AGSCI,,,Campo di Volo AvioSciacca,,,,,,
4324.0,LICT,medium_airport,Vincenzo Florio Airport Trapani-Birgi,37.9114,12.488,25.0,EU,IT,IT-82,Trapani (TP),yes,LICT,TPS,LICT,TP01,,https://en.wikipedia.org/wiki/Vincenzo_Florio_Airport_Trapani%E2%80%93Birgi,"Vincenzo Florio Airport, Trapani Airport, Aeroporto Vincenzo Florio di Trapani-Birgi",Italy,Vincenzo Florio Trapani-Birgi (LICT),LICT,0.0,551.0,0.0
340375.0,IT-0653,heliport,Ustica Heliport,38.707215,13.177478,,EU,IT,IT-82,Ustica (PA),no,LICU,,LICU,,,,,,,,,,
4325.0,LICZ,medium_airport,Sigonella Navy Air Base,37.401699,14.9224,79.0,EU,IT,IT-82,Sigonella (CT),no,LICZ,,LICZ,CT04,,https://en.wikipedia.org/wiki/Naval_Air_Station_Sigonella,"C Di Palma, NSY",,,,,,
4326.0,LIDA,small_airport,Asiago Romeo Sartori Airfield,45.886155,11.515861,3409.0,EU,IT,IT-34,Asiago (VI),no,LIDA,,LIDA,VI06,,https://it.wikipedia.org/wiki/Aeroporto_di_Asiago,,,,,,,
29417.0,LIDB,small_airport,Belluno Arturo dell'Oro Airport,46.166549,12.250389,1240.0,EU,IT,IT-34,Belluno (BL),no,LIDB,BLX,LIDB,BL05,http://www.aeroclubbelluno.org/,https://en.wikipedia.org/wiki/Belluno_Airport,,,,,,,
31823.0,LIDC,small_airport,Cà Negra Private Airstrip,45.08608,12.161455,1.0,EU,IT,IT-34,Loreo (RO),no,LIDC,,LIDC,ROCAN,,https://it.wikipedia.org/wiki/Aeroporto_di_Ca%27_Negra,"Borletti, Aviosuperficie",,,,,,
4327.0,LIDE,small_airport,Reggio Emilia Airport,44.698039,10.664885,152.0,EU,IT,IT-45,Reggio Emilia (RE),no,LIDE,,LIDE,RE01,https://www.aeroclubreggioemilia.it/,https://it.wikipedia.org/wiki/Aeroporto_di_Reggio_Emilia,Reggio Emilia Aeroclub,,,,,,
29418.0,LIDF,small_airport,Fano Airfield,43.824032,13.02588,54.0,EU,IT,IT-57,Fano (PU),no,LIDF,,LIDF,PS03,http://www.flyingwork.it/html/aeroporto.htm,https://en.wikipedia.org/wiki/Fano_Airport,"Aeroporto di Fano, Fano Airfield",,,,,,
29419.0,LIDG,small_airport,Lugo Francesco Baracca Airfield,44.397476,11.854777,62.0,EU,IT,IT-45,Lugo,no,LIDG,,LIDG,RA05,http://www.aeroclublugo.it/,https://it.wikipedia.org/wiki/Aeroporto_di_Lugo,"Aeroporto di Lugo Francesco Baracca, Lugo di Romagna",,,,,,
29420.0,LIDH,small_airport,Thiene Arturo Ferrarin Airfield,45.67783,11.496306,335.0,EU,IT,IT-34,Thiene (VI),no,LIDH,,LIDH,VI07,https://www.aeroportothiene.it/,https://it.wikipedia.org/wiki/Aeroporto_di_Thiene,,,,,,,
31824.0,LIDI,heliport,Cortina d'Ampezzo Sant'Anna Heliport,46.574099,12.115463,4213.0,EU,IT,IT-34,Fiames (BL),no,LIDI,,LIDI,,,https://en.wikipedia.org/wiki/Cortina_Airport,"Fiames Airport, CDF",,,,,,
317721.0,LIDK,heliport,Casarsa della Delizia Air Base,45.953422,12.817598,125.0,EU,IT,IT-36,Casarsa della Delizia (UD),no,LIDK,,LIDK,UD19,,https://it.wikipedia.org/wiki/Aeroporto_di_Casarsa,Francesco Baracca,,,,,,
29421.0,LIDL,small_airport,Legnago Airfield,45.130116,11.293218,30.0,EU,IT,IT-34,Vangadizza (VR),no,LIDL,,LIDL,VR09,,https://it.wikipedia.org/wiki/Aeroporto_di_Legnago,,,,,,,
29422.0,LIDP,small_airport,Pavullo Airfield,44.322222,10.831667,2244.0,EU,IT,IT-45,Pavullo (MO),no,LIDP,,LIDP,MO12,,https://en.wikipedia.org/wiki/Pavullo_nel_Frignano_Airport,,,,,,,
4328.0,LIDR,small_airport,Ravenna Airport,44.364291,12.224996,1.0,EU,IT,IT-45,Ravenna (RA),no,LIDR,RAN,LIDR,RA06,http://www.aeroclubravenna.com,https://en.wikipedia.org/wiki/Ravenna%20Airport,"Foligno, Gastone Novelli, Ravenna Aero Club",,,,,,
4329.0,LIDT,medium_airport,Trento-Mattarello Airport,46.023333,11.125,610.0,EU,IT,IT-32,Trento (TN),yes,LIDT,,LIDT,TN01,http://www.aeroportocaproni.it/,http://it.wikipedia.org/wiki/Aeroporto_di_Trento-Mattarello,Gianni Caproni Trento,,,,,,
29423.0,LIDU,small_airport,Carpi-Budrione Airfield,44.833231,10.871186,69.0,EU,IT,IT-45,Carpi (MO),no,LIDU,,LIDU,MO10,,http://it.wikipedia.org/wiki/Aeroporto_di_Carpi-Budrione,,,,,,,
30298.0,LIDV,small_airport,Prati Vecchi d'Aguscello Airfield,44.790884,11.671901,20.0,EU,IT,IT-45,Ferrara (FE),no,LIDV,,LIDV,FE02,https://www.aeroportoaguscello.it/wp/,https://it.wikipedia.org/wiki/Aeroporto_di_Prati_Vecchi_d%27Aguscello,,,,,,,
30380.0,LIDW,small_airport,Luciano Narder Airfield,45.6992,12.5431,7.0,EU,IT,IT-34,Campo di Pietra (TV),no,LIDW,,LIDW,TV03,,,"Aviosuperficie G. Carrer, Carrer, G.Carrer, Aviosuperficie Luciano Narder, Salgareda",,,,,,
4330.0,LIEA,medium_airport,Alghero-Fertilia Airport,40.632099,8.29077,87.0,EU,IT,IT-88,Alghero,yes,LIEA,AHO,LIEA,SS02,http://www.aeroportodialghero.it/home_en.asp,https://en.wikipedia.org/wiki/Alghero-Fertilia_Airport,"Alghero Airport, Sardinia, Alghero - Riviera del Corallo Airport",Italy,Alghero-Fertilia (LIEA),LIEA,0.0,574.0,0.0
4331.0,LIED,medium_airport,Decimomannu Air Base,39.354198,8.97248,100.0,EU,IT,IT-88,Decimomannu,no,LIED,DCI,LIED,CA12,,https://en.wikipedia.org/wiki/Decimomannu_Air_Base,G. Farina,,,,,,
4332.0,LIEE,large_airport,Cagliari Elmas Airport,39.251499,9.05428,13.0,EU,IT,IT-88,Cagliari,yes,LIEE,CAG,LIEE,CA07,http://www.cagliariairport.it/en/,https://en.wikipedia.org/wiki/Cagliari_Elmas_Airport,"Cagliari Airport,Elmas",Italy,Cagliari Elmas (LIEE),LIEE,0.059989832231825115,1967.0,118.0
4333.0,LIEO,large_airport,Olbia Costa Smeralda Airport,40.898953,9.518457,37.0,EU,IT,IT-88,Olbia (SS),yes,LIEO,OLB,LIEO,SS03,https://www.geasar.it/en,https://en.wikipedia.org/wiki/Olbia_Costa_Smeralda_Airport,,Italy,Olbia Costa Smeralda (LIEO),LIEO,0.0,727.0,0.0
317786.0,IT-0213,small_airport,Aliquirra Airfield,39.678438,9.462163,1883.0,EU,IT,IT-88,Perdasdefogu (OG),no,LIEP,,LIEP,OGPER,,,"OG01, Foghesu, Quirra, Aliquirra",,,,,,
29424.0,LIER,small_airport,Oristano-Fenosu Airport,39.895308,8.642661,36.0,EU,IT,IT-88,Oristano,no,LIER,FNU,LIER,OR01,http://www.sogeaor.it,http://it.wikipedia.org/wiki/Aeroporto_di_Oristano-Fenosu,QOS,,,,,,
4334.0,LIET,medium_airport,Tortolì Airport,39.9188,9.68298,23.0,EU,IT,IT-88,Arbatax,no,LIET,,LIET,NU01,,https://en.wikipedia.org/wiki/Tortol%C3%AC_Airport,"Tortolì-Arbatax airport, TTB",,,,,,
29428.0,LILI,small_airport,Vercelli Airport,45.311111,8.4175,417.0,EU,IT,IT-21,Vercelli (VC),no,LILI,,LILI,VC04,http://www.aeroclubvercelli.it/,https://it.wikipedia.org/wiki/Aeroporto_di_Vercelli,"Aeroporto ""Carlo del Prete"", Aeroclub Vercelli ""Marilla Rigazio""",,,,,,
4337.0,LILN,medium_airport,Varese-Venegono Airport,45.742199,8.888233,1100.0,EU,IT,IT-25,Venegono Superiore (VA),no,LILN,,LILN,VA02,http://www.aeroclubvarese.it/,https://en.wikipedia.org/wiki/Varese-Venegono_Airport,QVA,,,,,,
30429.0,LILO,small_airport,Caiolo Sondrio Airfield,46.154448,9.79507,899.0,EU,IT,IT-25,Caiolo (SO),no,LILO,,LILO,SO01,,https://it.wikipedia.org/wiki/Aviosuperfice_di_Sondrio-Caiolo,,,,,,,
602742.0,LILU,heliport,Ferrero Heliport,44.701988,8.020256,544.0,EU,IT,IT-21,Alba (CN),no,LILU,,LILU,,,,,,,,,,
29432.0,LILV,small_airport,Valbrembo Airfield,45.719864,9.593954,745.0,EU,IT,IT-25,Valbrembo (BG),no,LILV,,LILV,BG02,,https://it.wikipedia.org/wiki/Aeroporto_di_Valbrembo,,,,,,,
44003.0,LILY,seaplane_base,Como (Idroscalo - Water Ad) Hidroport,45.814701,9.06972,663.0,EU,IT,IT-25,Como (CO),no,LILY,,LILY,CO02,,https://it.wikipedia.org/wiki/Idroscalo_internazionale_di_Como,QCM,,,,,,
4338.0,LIMA,medium_airport,Torino-Aeritalia Airport,45.084444,7.603056,943.0,EU,IT,IT-21,Torino (TO),no,LIMA,,LIMA,TO12,http://www.aeroclubtorino.it/index.php,https://en.wikipedia.org/wiki/Torino-Aeritalia_Airport,Torino Aero Club,Italy,Torino-Aeritalia (LIMA),LIMA,0.0,38.0,0.0
4339.0,LIMB,small_airport,Milano-Bresso Airfield,45.541389,9.202222,484.0,EU,IT,IT-25,Bresso (MI),no,LIMB,,LIMB,MI08,http://www.aeroclubmilano.it,https://en.wikipedia.org/wiki/Bresso_Airport,"Bresso, Aeroclub Milano",,,,,,
4340.0,LIMC,large_airport,Milan Malpensa International Airport,45.6306,8.72811,768.0,EU,IT,IT-25,Ferno (VA),yes,LIMC,MXP,LIMC,MI12,http://www.sea-aeroportimilano.it/en/malpensa/index.phtml,https://en.wikipedia.org/wiki/Malpensa_Airport,"MIL, Silvio Berlusconi",Italy,Milan - Malpensa (LIMC),LIMC,0.014166455856311662,15812.0,224.0
4341.0,LIME,large_airport,Il Caravaggio International Airport,45.669362,9.708851,782.0,EU,IT,IT-25,Orio al Serio (BG),yes,LIME,BGY,LIME,BG01,http://www.sacbo.it/,https://en.wikipedia.org/wiki/Orio_al_Serio_International_Airport,"Orio al Serio International Airport, Il Caravaggio International Airport, Milan Bergamo Airport",Italy,Bergamo (LIME),LIME,0.453931369900027,7402.0,3360.0
4342.0,LIMF,large_airport,Turin Airport,45.200802,7.64963,989.0,EU,IT,IT-21,Caselle Torinese (TO),yes,LIMF,TRN,LIMF,TO11,http://www.aeroportoditorino.it/,https://en.wikipedia.org/wiki/Turin_International_Airport,"Torino-Caselle Airport, Sandro Pertini Airport, Turin-Caselle Airport",Italy,Torino Caselle (LIMF),LIMF,0.0,3567.0,0.0
4343.0,LIMG,medium_airport,Riviera Villanova d'Albenga International Airport,44.050598,8.12743,148.0,EU,IT,IT-42,Villanova d'Albenga (SV),no,LIMG,,LIMG,SV01,http://www.rivierairport.it/,https://en.wikipedia.org/wiki/Villanova_d'Albenga_International_Airport,"ALL, C. Panero Airport",Italy,Villanova D Albenga International (LIMG),LIMG,0.0,52.0,0.0
333827.0,LIMH,heliport,Pian Rosà Heliport,45.933422,7.709344,11443.0,EU,IT,IT-23,Valtournenche,no,LIMH,,LIMH,,,,"Testa Grigia, Theodul Glacier, Plateau Rosà",,,,,,
4344.0,LIMJ,large_airport,Genoa Cristoforo Colombo Airport,44.412039,8.840732,13.0,EU,IT,IT-42,Genova (GE),yes,LIMJ,GOA,LIMJ,GE01,http://www.aeroportodigenova.com/en/home/index.php,https://en.wikipedia.org/wiki/Genoa_Cristoforo_Colombo_Airport,"Genova Sestri, Sestri Cristoforo Colombo Airport, Cristoforo Colombo Airport",Italy,Genoa Cristoforo Colombo (LIMJ),LIMJ,0.0,954.0,0.0
4345.0,LIML,large_airport,Milano Linate Airport,45.445099,9.27674,353.0,EU,IT,IT-25,Segrate (MI),yes,LIML,LIN,LIML,MI11,http://www.sea-aeroportimilano.it/en/,https://en.wikipedia.org/wiki/Linate_Airport,E Forlanini,Italy,Milan - Linate (LIML),LIML,0.13515780643808326,9537.0,1289.0
4346.0,LIMN,medium_airport,Cameri Air Base,45.529598,8.66922,586.0,EU,IT,IT-21,Cameri (NO),no,LIMN,,LIMN,NO08,http://web.archive.org/web/20070617100034/www.aeronautica.difesa.it/CSA/CBR/53Stormo/Cennistorici.asp,http://it.wikipedia.org/wiki/Aeroporto_di_Cameri,Silvio E Natale Palli,,,,,,
4347.0,LIMP,medium_airport,Parma Airport,44.826351,10.29705,161.0,EU,IT,IT-45,Parma (PR),yes,LIMP,PMF,LIMP,PR03,,https://en.wikipedia.org/wiki/Parma_Airport,,Italy,Parma (LIMP),LIMP,0.25,112.0,28.0
4348.0,LIMS,medium_airport,Piacenza San Damiano Air Base,44.91442,9.722318,456.0,EU,IT,IT-45,San Damiano (PC),no,LIMS,,LIMS,PC08,,https://en.wikipedia.org/wiki/Piacenza-San_Damiano_Air_Base,"San Damiano, QPZ",,,,,,
4349.0,LIMW,medium_airport,Aosta Corrado Gex Airport,45.738552,7.3683,1791.0,EU,IT,IT-23,Saint-Christophe (AO),no,LIMW,AOT,LIMW,AO01,http://www.avda-aosta.it/,https://en.wikipedia.org/wiki/Aosta_Airport,,Italy,Aosta (LIMW),LIMW,0.0,13.0,0.0
4350.0,LIMZ,medium_airport,Cuneo International Airport,44.547458,7.623045,1267.0,EU,IT,IT-21,Levaldigi (CN),yes,LIMZ,CUF,LIMZ,CN03,http://www.aeroporto.cuneo.it/,https://en.wikipedia.org/wiki/Cuneo_International_Airport,"Cuneo Levaldigi Airport, Turin Cuneo Airport",Italy,Cuneo International (LIMZ),LIMZ,0.0,150.0,0.0
337039.0,IT-0572,heliport,Alidaunia Foggia Heliport,41.423974,15.533946,278.0,EU,IT,IT-75,Foggia,no,LINA,,,LINA,https://alidaunia.it/,https://en.wikipedia.org/wiki/Alidaunia,,,,,,,
318914.0,IT-0242,small_airport,Corte Airfield,40.107104,18.257618,262.0,EU,IT,IT-75,Melpignano (LE),no,LINB,,LINB,LE12,http://www.aviosuperficielecce.it,https://it.wikipedia.org/wiki/Aviosuperficie_Corte,Aviosuperficie Corte,,,,,,
319115.0,LINF,small_airport,Fermano Airfield,43.226774,13.743299,49.0,EU,IT,IT-57,Fermo (FM),no,LINF,,LINF,APFRM,,,Aviosuperficie del Fermano,,,,,,
35275.0,IT-TQR,heliport,San Domino Island Heliport,42.117775,15.490655,121.0,EU,IT,IT-75,Tremiti Islands,yes,LINI,TQR,LINI,,https://alidaunia.it/company-pages/en/apulian-heli-network,https://de.wikipedia.org/wiki/Heliport_San_Domino,,,,,,,
29433.0,LINL,small_airport,Lecce-San Cataldo Lepore Airfield,40.358928,18.297958,59.0,EU,IT,IT-75,Lecce (LE),no,LINL,,LINL,LE06,http://www.aeroportolecce.it,http://it.wikipedia.org/wiki/Aeroporto_di_Lecce-San_Cataldo,"Lepore, Lepore Airport, Lecce-Lepore Airport, Aeroporto ""Lepore"" di Lecce-San Cataldo",,,,,,
319508.0,IT-0307,small_airport,Dominio di Bagnoli Airfield,45.183946,11.857326,3.0,EU,IT,IT-34,Bagnoli di Sopra (PD),no,LION,,,PD19,,,Aviosuperficie Dominio di Bagnoli,,,,,,
29443.0,LIPA,medium_airport,Aviano Air Base,46.031898,12.596503,410.0,EU,IT,IT-36,Aviano (PN),no,LIPA,AVB,LIPA,,http://www.aviano.af.mil/,https://en.wikipedia.org/wiki/Aviano_Air_Base,"Pagliano e Gori Airport, LIYW",,,,,,
4352.0,LIPB,medium_airport,Bolzano Airport,46.459245,11.326125,789.0,EU,IT,IT-32,Bolzano (BZ),yes,LIPB,BZO,LIPB,BZ01,http://www.abd-airport.it/en/home.htm,https://en.wikipedia.org/wiki/Bolzano_Airport,"G Sabelli, Dolomiti",Italy,Bolzano (LIPB),LIPB,0.0031496062992125984,635.0,2.0
4353.0,LIPC,medium_airport,Cervia Air Base,44.224201,12.3072,18.0,EU,IT,IT-45,Cervia (RA),no,LIPC,,LIPC,RA08,,https://en.wikipedia.org/wiki/Cervia_Air_Base,"G Cenni, Pisignano",,,,,,
29434.0,LIPD,small_airport,Udine-Campoformido Airfield,46.0308,13.18225,305.0,EU,IT,IT-36,Campoformido (UD),no,LIPD,,LIPD,UD07,https://www.aeroclubfriulano.com/,https://it.wikipedia.org/wiki/Aeroporto_di_Udine-Campoformido,"UDN, Udine-Campoformido Air Base",,,,,,
4354.0,LIPE,large_airport,Bologna Guglielmo Marconi Airport,44.5354,11.2887,123.0,EU,IT,IT-45,Bologna,yes,LIPE,BLQ,LIPE,BO08,http://www.bologna-airport.it/?LN=UK,https://en.wikipedia.org/wiki/Bologna_Airport,"Guglielmo Marconi Airport, Borgo Panigale Airport",Italy,Bologna (LIPE),LIPE,0.09768303985171455,5395.0,527.0
29435.0,LIPF,small_airport,Ferrara-San Luca Airfield,44.812328,11.613884,20.0,EU,IT,IT-45,Ferrara (FE),no,LIPF,,LIPF,FE05,,https://it.wikipedia.org/wiki/Aeroporto_di_Ferrara,,,,,,,
29436.0,LIPG,small_airport,Gorizia Duca d'Aosta Airfield,45.906898,13.5993,207.0,EU,IT,IT-36,Gorizia (GO),no,LIPG,,LIPG,GO01,https://aeroportogorizia.it/,https://it.wikipedia.org/wiki/Aeroporto_di_Gorizia,QGO,,,,,,
4355.0,LIPH,large_airport,Treviso Airport,45.648399,12.1944,59.0,EU,IT,IT-34,Treviso (TV),yes,LIPH,TSF,LIPH,TV01,http://www.trevisoairport.it,https://en.wikipedia.org/wiki/Treviso_Airport,"Venice-Treviso, Treviso-Sant'Angelo, Treviso Antonio Canova Airport",Italy,Treviso (LIPH),LIPH,0.16277602523659307,1585.0,258.0
4356.0,LIPI,medium_airport,Udine-Rivolto Air Base,45.978699,13.0493,179.0,EU,IT,IT-36,Codroipo (UD),no,LIPI,,LIPI,UD16,,http://it.wikipedia.org/wiki/Aeroporto_di_Rivolto,M Visentini,,,,,,
4357.0,LIPK,medium_airport,Forlì-Luigi Ridolfi International Airport,44.194801,12.0701,97.0,EU,IT,IT-45,Forlì (FC),yes,LIPK,FRL,LIPK,FC03,https://www.forliairport.net/,https://en.wikipedia.org/wiki/Forl%C3%AC_Airport,"L Ridolfi, Ronco di Forlì",Italy,Forlì (LIPK),LIPK,0.0,144.0,0.0
4360.0,LIPO,medium_airport,Brescia Gabriele d'Annunzio Airport,45.428902,10.3306,355.0,EU,IT,IT-25,Montichiari (BS),yes,LIPO,VBS,LIPO,BS04,http://www.aeroportobrescia.it/en/business_t6/,https://en.wikipedia.org/wiki/Brescia_Airport,Brescia-Montichiari,Italy,Brescia (LIPO),LIPO,0.0,497.0,0.0
4361.0,LIPQ,large_airport,Trieste Airport,45.827499,13.4722,39.0,EU,IT,IT-36,Ronchi dei Legionari/Trieste,yes,LIPQ,TRS,LIPQ,GO02,http://www.triesteairport.it,https://en.wikipedia.org/wiki/Trieste_%E2%80%93_Friuli_Venezia_Giulia_Airport,"Ronchi Dei Legionari Airport, Trieste-Ronchi dei Legionari Airport",Italy,Trieste¿Friuli Venezia Giulia (LIPQ),LIPQ,0.0,882.0,0.0
4362.0,LIPR,large_airport,Federico Fellini International Airport,44.020024,12.612198,40.0,EU,IT,IT-45,Rimini (RN),yes,LIPR,RMI,LIPR,RN01,http://www.riminiairport.com/english/,https://en.wikipedia.org/wiki/Federico_Fellini_International_Airport,"Rimini Miramare Airport, Rimini San Marino International Airport",Italy,Federico Fellini International (LIPR),LIPR,0.0,123.0,0.0
,,,,,,,,,,,,,,,,,,,Italy,Padova (LIPU),LIPU,0.0,21.0,0.0
,,,,,,,,,,,,,,,,,,,Italy,Venice-Lido (LIPV),LIPV,0.0,14.0,0.0
4366.0,LIPX,large_airport,Verona Villafranca Valerio Catullo Airport,45.394955,10.887303,239.0,EU,IT,IT-34,Caselle (VR),yes,LIPX,VRN,LIPX,VR10,http://www.aeroportoverona.it/,https://en.wikipedia.org/wiki/Verona_Airport,"Valerio Catullo, Villafranca International Airport, Valerio Catullo Airport, Villafranca Airport",Italy,Verona Villafranca (LIPX),LIPX,1.0685061845861086,2102.0,2246.0
4367.0,LIPY,medium_airport,Marche Airport,43.616299,13.3623,49.0,EU,IT,IT-57,Falconara Marittima (AN),yes,LIPY,AOI,LIPY,AN01,http://www.aeroportomarche.com/index.php?lang=english,https://en.wikipedia.org/wiki/Marche_Airport,"Ancona, Ancona Falconara Airport, Falconara, Raffaello Sanzio Airport",Italy,Ancona Falconara (LIPY),LIPY,0.06972477064220184,545.0,38.0
4368.0,LIPZ,large_airport,Venice Marco Polo Airport,45.505299,12.3519,7.0,EU,IT,IT-34,Venezia (VE),yes,LIPZ,VCE,LIPZ,VE05,http://www.veniceairport.com/core/index.jsp?_requestid=37300&language=en,https://en.wikipedia.org/wiki/Venice_Marco_Polo_Airport,"Venezia-Tessera, Venice-Tessera",Italy,Venice (LIPZ),LIPZ,0.2275533603810196,5669.0,1290.0
29439.0,LIQB,small_airport,Arezzo Molin Blanco Airfield,43.455248,11.847393,814.0,EU,IT,IT-52,Arezzo (AR),no,LIQB,,LIQB,AR03,,https://it.wikipedia.org/wiki/Aeroporto_di_Arezzo,QZO,,,,,,
340383.0,IT-0660,heliport,Anacapri Heliport,40.558608,14.201355,512.0,EU,IT,IT-72,Anacapri (NA),no,LIQC,,LIQC,,,https://it.wikipedia.org/wiki/Eliporto_di_Capri#Voci_correlate,"PRJ, Damecuta",,,,,,
46547.0,IT-0003,small_airport,San Sepolcro Airfield,43.55916,12.155903,1050.0,EU,IT,IT-52,San Sepolcro (AR),no,LIQF,,LIQF,AR01,,https://it.wikipedia.org/wiki/Aviosuperficie_San_Sepolcro,"Aviosuperficie Palazzolo Avio, Aviosuperficie San Sepolcro, Palazzolo Avio",,,,,,
29440.0,LIQL,small_airport,Lucca-Tassignano Airport,43.825825,10.577928,39.0,EU,IT,IT-52,Capannori (LU),no,LIQL,,LIQL,LU02,,http://it.wikipedia.org/wiki/Aeroporto_di_Lucca-Tassignano,"Enrico Squaglia Airport, LCV",,,,,,
,,,,,,,,,,,,,,,,,,,Italy,Rieti (LIQN),LIQN,,,
4369.0,LIQS,medium_airport,Siena-Ampugnano Airport,43.256302,11.255,634.0,EU,IT,IT-52,Ampugnano (SI),no,LIQS,,LIQS,SI01,,https://en.wikipedia.org/wiki/Siena-Ampugnano_Airport,Malignano Airfield,,,,,,
29441.0,LIQW,medium_airport,Sarzana-Luni Bartolomeo Arrigoni Airport,44.087375,9.987877,45.0,EU,IT,IT-42,Sarzana (SP),no,LIQW,,LIQW,SP01,,http://it.wikipedia.org/wiki/Aeroporto_di_Sarzana-Luni,Bartolomeo Arrigoni,,,,,,
4370.0,LIRA,large_airport,Ciampino–G. B. Pastine International Airport,41.798769,12.595331,427.0,EU,IT,IT-62,Rome,yes,LIRA,CIA,LIRA,RM12,,https://en.wikipedia.org/wiki/Ciampino%E2%80%93G._B._Pastine_International_Airport,"ROM, Giovan Battista Pastine Airport",Italy,Rome - Ciampino (LIRA),LIRA,0.0,3174.0,0.0
4372.0,LIRF,large_airport,Rome–Fiumicino Leonardo da Vinci International Airport,41.804532,12.251998,13.0,EU,IT,IT-62,Rome,yes,LIRF,FCO,LIRF,RM11,http://www.adr.it/portal/portal/adr/Fiumicino/Leonardo_da_vinci/Header_Window?action=2,https://en.wikipedia.org/wiki/Rome_Fiumicino_Airport,"ROM, Rome Fiumicino Airport, Fiumicino Airport",Italy,Rome - Fiumicino (LIRF),LIRF,0.03490605819238158,21343.0,745.0
29442.0,LIRH,small_airport,Frosinone Air Base,41.648537,13.294573,,EU,IT,IT-62,Frosinone,no,LIRH,,LIRH,FR04,,https://it.wikipedia.org/wiki/Aeroporto_di_Frosinone,QFR,,,,,,
4374.0,LIRI,medium_airport,Salerno Costa d'Amalfi Airport,40.620399,14.9113,123.0,EU,IT,IT-72,Salerno,yes,LIRI,QSR,LIRI,SA02,http://www.aeroportosalerno.it/,https://en.wikipedia.org/wiki/Salerno_Costa_d%27Amalfi_Airport,"Mario Martucci Airport, Aeroporto di Salerno Costa d'Amalfi, Salerno-Pontecagnano Airport",Italy,Salerno Costa d Amalfi (LIRI),LIRI,0.0,94.0,0.0
4375.0,LIRJ,medium_airport,Marina di Campo Airport,42.760871,10.239811,31.0,EU,IT,IT-52,Campo nell'Elba (LI),yes,LIRJ,EBA,LIRJ,LI04,,https://en.wikipedia.org/wiki/Marina_di_Campo_Airport,Elba,,,,,,
4378.0,LIRN,large_airport,Naples International Airport,40.886002,14.2908,294.0,EU,IT,IT-72,Napoli,yes,LIRN,NAP,LIRN,NA01,http://www.portal.gesac.it/,https://en.wikipedia.org/wiki/Naples_International_Airport,"Capodichino Airport, Aeroporto Internazionale di Napoli-Capodichino Ugo Niutta, Ariopuorto 'nternazziunale 'e Napule-Capodichino Ugo Niutta",Italy,Naples (LIRN),LIRN,0.0,4916.0,0.0
4379.0,LIRP,large_airport,Pisa International Airport,43.683899,10.3927,6.0,EU,IT,IT-52,Pisa (PI),yes,LIRP,PSA,LIRP,PI05,http://www.pisa-airport.com/,https://en.wikipedia.org/wiki/Pisa_International_Airport,"Galileo Galilei Airport, San Giusto Airport",Italy,Pisa San Giusto (LIRP),LIRP,1.0092514718250631,2378.0,2400.0
4380.0,LIRQ,large_airport,"Florence Airport, Peretola",43.808558,11.202822,142.0,EU,IT,IT-52,Firenze (FI),yes,LIRQ,FLR,LIRQ,FI04,http://www.aeroporto.firenze.it/,https://en.wikipedia.org/wiki/Florence_Airport,"Firenze, Amerigo Vespucci Airport, Aeroporto di Firenze-Peretola",Italy,Firenze Peretola (LIRQ),LIRQ,0.0,2332.0,0.0
4381.0,LIRS,medium_airport,Grosseto Corrado Baccarini Air Base / Grosseto Airport,42.759701,11.0719,17.0,EU,IT,IT-52,Grosseto (GR),no,LIRS,GRS,LIRS,GR06,,https://en.wikipedia.org/wiki/Grosseto_Airport,C Baccarini,Italy,Grosseto Air Base (LIRS),LIRS,0.0,31.0,0.0
,,,,,,,,,,,,,,,,,,,Italy,Urbe (LIRU),LIRU,0.0,62.0,0.0
4384.0,LIRZ,large_airport,Perugia San Francesco d'Assisi – Umbria International Airport,43.095901,12.5132,697.0,EU,IT,IT-55,Perugia (PG),yes,LIRZ,PEG,LIRZ,PG10,http://www.airport.umbria.it/,https://en.wikipedia.org/wiki/Perugia_San_Francesco_d%27Assisi_%E2%80%93_Umbria_International_Airport,"Perugia San Francesco d'Assisi, Perugia Sant'Egidio Airport, Umbria International Airport",Italy,Perugia San Francesco d Assisi ¿ Umbria Internat (LIRZ),LIRZ,0.0,254.0,0.0
308672.0,LIVV,small_airport,Moncucco Airfield,45.344613,7.919072,781.0,EU,IT,IT-21,Cascina Moncucco (TO),no,LIVV,,LIVV,TO03,http://www.flyclubbaronerosso.it/,,Aviosuperficie Moncucco,,,,,,
43769.0,PT-0001,heliport,Alfragide Helipad,38.734316,-9.224445,545.0,EU,PT,PT-11,Alfragide,no,LPAF,,LPAF,,,,,,,,,,
321238.0,LPAG,heliport,Albergaria-a-Velha Heliport,40.707119,-8.4914,460.0,EU,PT,PT-01,Albergaria-a-Velha,no,LPAG,,LPAG,,,,,,,,,,
4437.0,LPAR,medium_airport,Alverca Air Base,38.883301,-9.0301,11.0,EU,PT,PT-11,Vila Franca de Xira,no,LPAR,,LPAR,,,https://de.wikipedia.org/wiki/Milit%C3%A4rflugplatz_Alverca,"Alverca Airbase, AVR",,,,,,
43772.0,PT-0004,heliport,Hospital Amadora Heliport,38.742144,-9.245749,443.0,EU,PT,PT-11,Amadora,no,LPAS,,LPAS,,,,,,,,,,
4438.0,LPAV,small_airport,São Jacinto Airfield,40.656741,-8.741544,26.0,EU,PT,PT-01,Aveiro,no,LPAV,,LPAV,,,https://en.wikipedia.org/wiki/S%C3%A3o_Jacinto_Airport,"ZAV, Aveiro Airbase",,,,,,
4439.0,LPAZ,medium_airport,Santa Maria Airport,36.97140121459961,-25.17060089111328,308.0,EU,PT,PT-20,Vila do Porto,yes,LPAZ,SMA,LPAZ,,,https://en.wikipedia.org/wiki/Santa_Maria_Airport,,Portugal,Santa Maria (LPAZ),LPAZ,0.0,156.0,0.0
43770.0,PT-0002,heliport,Barlavento Algarvio Hospital Heliport,37.156737,-8.540811,161.0,EU,PT,PT-08,Portimão,no,LPBA,,LPBA,,,,,,,,,,
4440.0,LPBG,medium_airport,Bragança Airport,41.8578,-6.70713,2241.0,EU,PT,PT-04,Bragança,yes,LPBG,BGC,LPBG,,,https://en.wikipedia.org/wiki/Bragan%C3%A7a_Airport,,,,,,,
323767.0,LPBH,heliport,Braga Hospital Heliport,41.56855,-8.399884,865.0,EU,PT,PT-03,Braga,no,LPBH,,LPBH,,,,,,,,,,
4441.0,LPBJ,medium_airport,Beja Airport / Airbase,38.078899,-7.9324,636.0,EU,PT,PT-02,Beja,no,LPBJ,BYJ,LPBJ,,http://www.ana.pt/en-US/Aeroportos/alentejo/Beja/Pages/BejaHomepage.aspx,https://en.wikipedia.org/wiki/Beja_Airbase,"Beja Air Base, Base Aérea de Beja, Base Aérea Nº 11, BA11",,,,,,
4442.0,LPBR,medium_airport,Braga Municipal Aerodrome,41.587,-8.445189,247.0,EU,PT,PT-03,Braga,no,LPBR,,LPBR,,http://www.pelicano.com.pt/zp_braga.html,http://pt.wikipedia.org/wiki/Aer%C3%B3dromo_de_Braga,"BGZ, Aeródromo Municipal de Braga",,,,,,
315898.0,LPCB,medium_airport,Aerodromo de Castelo Branco,39.844528,-7.439875,1300.0,EU,PT,PT-05,Castelo Branco,no,LPCB,,LPCB,,,https://pt.wikipedia.org/wiki/Aer%C3%B3dromo_de_Castelo_Branco,,,,,,,
321239.0,LPCC,heliport,Dr. Nélio Mendonça Hospital Heliport,32.647638,-16.92371,367.0,EU,PT,PT-30,Funchal,no,LPCC,,LPCC,,,https://pt.wikipedia.org/wiki/Hospital_Dr._N%C3%A9lio_Mendon%C3%A7a,Cruz de Carvalho Hospital,,,,,,
321240.0,LPCD,heliport,Santa Comba Dão Heliport,40.398473,-8.134162,596.0,EU,PT,PT-18,Santa Comba Dão,no,LPCD,,LPCD,,,,,,,,,,
29486.0,LPCH,small_airport,Aerodromo de Chaves,41.722356,-7.463064,1181.0,EU,PT,PT-17,Chaves,no,LPCH,,LPCH,,,https://en.wikipedia.org/wiki/Chaves_Airport,CHV,,,,,,
321241.0,LPCI,heliport,Coimbra University Hospital Helipad,40.219877,-8.413009,331.0,EU,PT,PT-06,Coimbra,no,LPCI,,LPCI,,,https://en.wikipedia.org/wiki/Hospitais_da_Universidade_de_Coimbra,,,,,,,
321242.0,LPCL,heliport,Covilhã Hospital Helipad,40.267597,-7.491298,1585.0,EU,PT,PT-05,Covilhã,no,LPCL,,LPCL,,,,,,,,,,
4443.0,LPCO,medium_airport,Aerodromo Municipal de Coimbra,40.158758,-8.470815,587.0,EU,PT,PT-06,Coimbra,no,LPCO,,LPCO,,,https://en.wikipedia.org/wiki/Coimbra_Airport,CBP,,,,,,
29487.0,LPCR,small_airport,Corvo Airport,39.671501,-31.1136,62.0,EU,PT,PT-20,Corvo,yes,LPCR,CVU,LPCR,,,https://en.wikipedia.org/wiki/Corvo_Airport,,,,,,,
4444.0,LPCS,medium_airport,Cascais Airport,38.724998,-9.35523,325.0,EU,PT,PT-11,Cascais,yes,LPCS,CAT,LPCS,,http://aerodromo-cascais.pt/?lang=en,https://en.wikipedia.org/wiki/Cascais_Aerodrome,Tires,Portugal,Cascais (LPCS),LPCS,0.0,334.0,0.0
323769.0,PT-0049,heliport,Coimbra Hospital Covões Heliport,40.194812,-8.460207,265.0,EU,PT,PT-06,Coimba,no,LPCV,,LPCV,,,,,,,,,,
317145.0,LPDA,heliport,Massarelos Helipad,41.146597,-8.632665,13.0,EU,PT,PT-13,Porto,no,LPDA,,LPDA,,,,,,,,,,
599011.0,LPEM,heliport,EMFA Heliport,38.738453,-9.21507,464.0,EU,PT,PT-11,Alfragida,no,LPEM,,LPEM,,,,,,,,,,
321243.0,LPER,heliport,Évora Hospital Helipad,38.567973,-7.902436,909.0,EU,PT,PT-07,Évora,no,LPER,,LPER,,,,,,,,,,
4447.0,LPFL,medium_airport,Flores Airport,39.455299377441406,-31.13139915466309,112.0,EU,PT,PT-20,Santa Cruz das Flores,yes,LPFL,FLW,LPFL,,,https://en.wikipedia.org/wiki/Flores_Airport,,Portugal,Flores (LPFL),LPFL,0.0,81.0,0.0
4448.0,LPFR,large_airport,Faro - Gago Coutinho International Airport,37.015909,-7.970939,24.0,EU,PT,PT-08,Faro,yes,LPFR,FAO,LPFR,,http://faroairport.pt,https://en.wikipedia.org/wiki/Faro_Airport_(Portugal),,Portugal,Faro (LPFR),LPFR,0.0,2684.0,0.0
4449.0,LPGR,medium_airport,Graciosa Airport,39.09220123291016,-28.029800415039062,86.0,EU,PT,PT-20,Santa Cruz da Graciosa,yes,LPGR,GRW,LPGR,,,https://en.wikipedia.org/wiki/Graciosa_Airport,,,,,,,
4450.0,LPHR,medium_airport,Horta Airport,38.519901275634766,-28.715900421142575,118.0,EU,PT,PT-20,Horta,yes,LPHR,HOR,LPHR,,,https://en.wikipedia.org/wiki/Horta_Airport,,Portugal,Horta (LPHR),LPHR,0.0,292.0,0.0
30066.0,LPJF,small_airport,Aerodromo de Leiria,39.779907,-8.820238,151.0,EU,PT,PT-10,Leiria,no,LPJF,,LPJF,,https://www.aeroclubeleiria.pt/,,QLR,,,,,,
4451.0,LPLA,medium_airport,Lajes Airport,38.761799,-27.090799,180.0,EU,PT,PT-20,Praia da Vitória,yes,LPLA,TER,LPLA,,http://aerogarelajes.azores.gov.pt,https://en.wikipedia.org/wiki/Lajes_Field,Terceira Island,,,,,,
4452.0,LPMA,large_airport,Cristiano Ronaldo International Airport,32.697812,-16.774613,192.0,EU,PT,PT-30,Funchal,yes,LPMA,FNC,LPMA,,http://www.aeroportomadeira.pt,https://en.wikipedia.org/wiki/Madeira_Airport,"Madeira, Funchal",Portugal,Madeira (LPMA),LPMA,0.1967537608867775,2526.0,497.0
30160.0,LPMO,small_airport,Morargil Airfield,38.993532,-8.14201,380.0,EU,PT,PT-07,Mora,no,LPMO,,LPMO,,,https://en.wikipedia.org/wiki/Morargil_Airport,,,,,,,
4453.0,LPMR,medium_airport,Monte Real Air Base,39.828335,-8.8875,187.0,EU,PT,PT-10,,no,LPMR,,LPMR,,,https://en.wikipedia.org/wiki/Monte_Real_Air_Base,QLR,,,,,,
4456.0,LPPD,large_airport,João Paulo II Airport,37.7411994934,-25.6979007721,259.0,EU,PT,PT-20,Ponta Delgada,yes,LPPD,PDL,LPPD,,http://www.ana.pt/en-US/Aeroportos/acores/PontaDelgada/Pages/Homepage-PontaDelgada.aspx,https://en.wikipedia.org/wiki/Jo%C3%A3o_Paulo_II_Airport,,Portugal,Ponta Delgada (LPPD),LPPD,0.0,1421.0,0.0
4457.0,LPPI,medium_airport,Pico Airport,38.554298,-28.441299,109.0,EU,PT,PT-20,Pico Island,yes,LPPI,PIX,LPPI,,,https://en.wikipedia.org/wiki/Pico_Airport,,,,,,,
4458.0,LPPM,medium_airport,Portimão Airport,37.1493,-8.58396,5.0,EU,PT,PT-08,Portimão,yes,LPPM,PRM,LPPM,,,https://en.wikipedia.org/wiki/Portim%C3%A3o_Airport,,,,,,,
4459.0,LPPR,large_airport,Francisco de Sá Carneiro Airport,41.2481002808,-8.68138980865,228.0,EU,PT,PT-13,Porto,yes,LPPR,OPO,LPPR,,http://www.ana.pt/en-US/Aeroportos/porto/Porto/Pages/Homepage-Porto.aspx,https://en.wikipedia.org/wiki/Francisco_S%C3%A1_Carneiro_Airport,,Portugal,Porto (LPPR),LPPR,1.5742574257425743,7373.0,11607.0
4460.0,LPPS,medium_airport,Porto Santo Airport,33.0733985901,-16.3500003815,341.0,EU,PT,PT-30,Vila Baleira,yes,LPPS,PXO,LPPS,,http://www.anam.pt/Porto-Santo-411.aspx,https://en.wikipedia.org/wiki/Porto_Santo_Airport,,Portugal,Porto Santo (LPPS),LPPS,0.0,193.0,0.0
4461.0,LPPT,large_airport,Lisbon Humberto Delgado Airport,38.7813,-9.13592,374.0,EU,PT,PT-11,Lisbon,yes,LPPT,LIS,LPPT,,https://lisbonairport.pt,https://en.wikipedia.org/wiki/Lisbon_Airport,"Lisboa, Portela",Portugal,Lisbon (LPPT),LPPT,2.968269972125022,16861.0,50048.0
29490.0,LPSC,small_airport,Santa Cruz Airfield,39.12392,-9.380091,157.0,EU,PT,PT-11,Torres Vedras,no,LPSC,,LPSC,,,https://en.wikipedia.org/wiki/Santa_Cruz_Airport_(Portugal),,,,,,,
321270.0,PT-0048,heliport,Sardoal Heliport,39.54254,-8.160328,712.0,EU,PT,PT-14,Sardoal,no,LPSD,,LPSD,,,,Tapada da Torre,,,,,,
320152.0,PT-0035,small_airport,Aeródromo de Seia,40.453186,-7.692059,1445.0,EU,PT,PT-09,Seia,no,LPSE,,LPSE,,,,"Serra da Estrela, Seia Airfield",,,,,,
43787.0,PT-0019,heliport,Sines Heliport,37.954969,-8.879527,104.0,EU,PT,PT-15,Sines,no,LPSI,,LPSI,,,,,,,,,,
4462.0,LPSJ,medium_airport,São Jorge Airport,38.665501,-28.1758,311.0,EU,PT,PT-20,Velas,yes,LPSJ,SJZ,LPSJ,,,https://en.wikipedia.org/wiki/S%C3%A3o_Jorge_Airport,,,,,,,
321269.0,LPSM,heliport,Santa Maria Hospital Helipad,38.749372,-9.160627,330.0,EU,PT,PT-11,Lisbon,no,LPSM,,LPSM,,,,,,,,,,
317032.0,LPSO,medium_airport,Aeródromo Municipal de Ponte de Sor,39.211545,-8.057787,390.0,EU,PT,PT-12,Ponte de Sor,no,LPSO,,LPSO,,https://aerodromo.cm-pontedesor.pt,,,,,,,,
29492.0,LPSR,small_airport,Santarém Airfield,39.209495,-8.68728,30.0,EU,PT,PT-14,Santarém,no,LPSR,,LPSR,,,https://de.wikipedia.org/wiki/Flugplatz_Santar%C3%A9m,,,,,,,
43782.0,PT-0014,heliport,São Sebastião Hospital Helipad,40.929417,-8.548319,521.0,EU,PT,PT-01,Santa Maria da Feira,no,LPSS,,LPSS,,,,,,,,,,
43774.0,PT-0006,heliport,Hospital de Sao Teotonio heliport,40.649082,-7.905788,1500.0,EU,PT,PT-18,Viseu,no,LPTT,,LPTT,,,,,,,,,,
321254.0,LPVC,heliport,Viana do Castelo Hospital Helipad,41.697716,-8.831498,135.0,EU,PT,PT-16,Viana do Castelo,no,LPVC,,LPVC,,,,,,,,,,
29493.0,LPVL,medium_airport,Vilar de Luz Airfield,41.27729,-8.516209,762.0,EU,PT,PT-13,Maia,no,LPVL,,LPVL,,,https://en.wikipedia.org/wiki/Maia_Airport,,,,,,,
4465.0,LPVR,medium_airport,Vila Real Airport,41.2743,-7.72047,1805.0,EU,PT,PT-17,Vila Real,yes,LPVR,VRL,LPVR,,,https://en.wikipedia.org/wiki/Vila_Real_Airport,,,,,,,
4466.0,LPVZ,medium_airport,Aerodromo Goncalves Lobato (Viseu Airport),40.725498,-7.88899,2060.0,EU,PT,PT-18,Viseu,yes,LPVZ,VSE,LPVZ,,,https://en.wikipedia.org/wiki/Viseu_Airport,,,,,,,
321253.0,LPXR,heliport,Vila Franca de Xira Hospital Helipad,38.977696,-8.985177,299.0,EU,PT,PT-11,Vila Franca de Xira,no,LPXR,,LPXR,,,,,,,,,,
300646.0,AEI,heliport,Algeciras Heliport,36.12882,-5.441079,98.0,EU,ES,ES-AN,Algeciras,yes,,,LEAG,,https://www.aena.es/en/algeciras.html,https://en.wikipedia.org/wiki/Algeciras_Heliport,,,,,,,
45044.0,DE-0001,heliport,Klinikum am Plattenwald Helipad,49.2128560011,9.236728549,,EU,DE,DE-BW,Bad Friedrichshall,no,,,,,,,,,,,,,
332693.0,DE-0002,closed,Ahlhorn Highway Strip,52.929984,8.173538,,EU,DE,DE-NI,Großenkneten,no,,,,,,,Ahlhorn Autobahn-Notlandeplatz NLP,,,,,,
299694.0,DE-0003,small_airport,August Euler Airfield,49.853757,8.586243,358.0,EU,DE,DE-HE,Griesheim,no,,,EDES,,https://web.archive.org/web/20201019233127/http://www.sla.tu-darmstadt.de/windkanal/einrichtungen_sla/flugplatz_sla/index.de.jsp,https://en.wikipedia.org/wiki/Griesheim_Airport,"ZCS, August-Euler Flugplatz, Griesheim Airport",,,,,,
322973.0,DE-0005,small_airport,Warngau Airfield,47.82399,11.70398,2380.0,EU,DE,DE-BY,Warngau,no,,,,,http://www.fliegerclub-warngau.de,,"münchen, munich, wargau",,,,,,
43128.0,DE-0006,small_airport,Locktow Airfield,52.1165,12.709562,213.0,EU,DE,DE-BR,Planetal,no,,,,,,,Sonderlandeplatz Locktow,,,,,,
43695.0,DE-0007,closed,Wünsdorf Airfield,52.198001861572,13.527000427246,,EU,DE,DE-BR,,no,,,,,,,"Wuensdorf Airfield, Аэродром Вюнсдорф",,,,,,
44460.0,DE-0008,closed,Steinstücken Helipad,52.3902015686,13.128600120500002,,EU,DE,DE-BE,Berlin,no,,,,,,http://de.wikipedia.org/wiki/Berlin-Steinst%C3%BCcken,"Steinstuecken Helipad, Steinstucken Helipad",,,,,,
44461.0,DE-0009,closed,Sperenberg Air Base,52.136861,13.305817,,EU,DE,DE-BR,Nuthe-Urstromtal,no,,,,,,,Аэродром Шперенберг,,,,,,
44462.0,DE-0010,closed,Feldkirchen-Mitterharthausen Airfield,48.82833,12.562372,,EU,DE,DE-BY,Feldkirchen,no,,,,,,,"Mitterharthausen Airfield, Straubing Airfield",,,,,,
44463.0,DE-0011,closed,Strausberg Helipad,52.524898529052734,13.8302001953125,,EU,DE,DE-BR,Eggersdorf,no,,,,,,,,,,,,,
44464.0,DE-0012,closed,Schönwalde Airfield,52.617453,13.15958,,EU,DE,DE-BR,Schönwalde,no,,,,,,,Schoenwalde Airfield,,,,,,
44468.0,DE-0013,closed,Johannisthal Airfield,52.4379997253418,13.524999618530272,,EU,DE,DE-BE,Berlin,no,,,,,,https://en.wikipedia.org/wiki/Johannisthal_Air_Field,,,,,,,
44583.0,DE-0014,heliport,Rostock University Helipad,54.08330154418945,12.100500106811523,,EU,DE,DE-MV,Rostock,no,,,,,,,,,,,,,
44584.0,DE-0015,heliport,Dresden Friedrichstadt Hospital Heliport,51.058404,13.716061,,EU,DE,DE-SN,Dresden,no,,,,,,,,,,,,,
44585.0,DE-0016,heliport,Erlangen University Hospital Ebrardstraße Heliport,49.602023,11.02244,928.0,EU,DE,DE-BY,Erlangen,no,,,,,,,Erlangen Ebrardstraße Helipad,,,,,,
44586.0,DE-0017,heliport,Kelley Barracks Helipad,48.72169876098633,9.181500434875488,,EU,DE,DE-BW,Stuttgart,no,,,,,,,,,,,,,
44587.0,DE-0018,heliport,Frankfurt am Main Accident Hospital Roof Helipad (CHX2),50.145424,8.710111,,EU,DE,DE-HE,Frankfurt am Main,no,,,,,,,,,,,,,
44588.0,DE-0019,closed,Frankfurt am Main Accident Hospital Ground Helipad,50.1441,8.7096,,EU,DE,DE-HE,Frankfurt am Main,no,,,,,,,,,,,,,
44589.0,DE-0020,heliport,Höchst Industrial Park Helipad,50.089386,8.538054,308.0,EU,DE,DE-HE,Frankfurt am Main,no,,,,,,,Industriepark Höchst Helipad,,,,,,
44590.0,DE-0021,heliport,Biblis Nuclear Power Plant Helipad,49.70750045776367,8.417499542236328,,EU,DE,DE-HE,Biblis,no,,,,,,,Biblis Kernkraftwerk Hubschrauberlandeplatz,,,,,,
44591.0,DE-0022,heliport,Mainz ZDF-Complex Helipad,49.96620178222656,8.212699890136719,,EU,DE,DE-RP,Mainz,no,,,,,,,,,,,,,
44592.0,DE-0023,heliport,Bernkastel-Kues Cusanus Hospital Heliport,49.915699,7.0623,499.0,EU,DE,DE-RP,Bernkastel-Kues,no,,,,,,,,,,,,,
44593.0,DE-0024,heliport,Remagen Rolandseck Helipad,50.632082,7.207655,,EU,DE,DE-RP,Remagen,no,,,,,,,,,,,,,
44594.0,DE-0025,heliport,Osnabrück Hospital Helipad,52.27790069580078,8.004799842834473,,EU,DE,DE-NI,Osnabrück,no,,,,,,,"Osnabrueck Hospital Helipad, Osnabruck Hospital Helipad",,,,,,
44595.0,DE-0026,heliport,Meppen Ludmillenstift Hospital Helipad,52.68949890136719,7.294400215148926,,EU,DE,DE-NI,Meppen,no,,,,,,,,,,,,,
44596.0,DE-0027,heliport,Grafenrheinfeld Nuclear Power Plant Heliport,49.982235,10.191398,674.0,EU,DE,DE-BY,Grafenrheinfeld,no,,,,,,,Grafenrheinfeld Kernkraftwerk Hubschrauberlandeplatz,,,,,,
45184.0,DE-0028,closed,Wittstock Air Base,53.201,12.524,,EU,DE,DE-BR,Wittstock,no,,,,,,,,,,,,,
45185.0,DE-0029,small_airport,Berlinchen Airfield,53.2251775192,12.565526962299998,,EU,DE,DE-BR,Berlinchen,no,,,,,,,,,,,,,
45224.0,DE-0030,heliport,Traunstein Hospital Helipad,47.874141,12.631413,2014.0,EU,DE,DE-BY,Traunstein,no,,,,,https://web.archive.org/web/20150801200052/http://www.kliniken-suedostbayern.de:80/de/main/klinikum_traunstein.htm,,Klinikum Traunstein Hubschrauberlandeplatz,,,,,,
45225.0,DE-0031,heliport,Bad Reichenhall Hospital Helipad,47.7284922303,12.8724843264,,EU,DE,DE-BY,Bad Reichenhal,no,,,,,http://www.kliniken-suedostbayern.de/de/main/kreisklinik_bad_reichenhall.htm,,Kreisklinik Bad Reichenhall Hubschrauberlandeplatz,,,,,,
45226.0,DE-0032,heliport,Berchtesgaden Hospital Helipad,47.6403452253,13.0060529709,,EU,DE,DE-BY,Berchtesgaden,no,,,,,http://www.kliniken-suedostbayern.de/de/main/kreisklinik_berchtesgaden.htm,,Kreisklinik Berchtesgaden Hubschrauberlandeplatz,,,,,,
45227.0,DE-0033,heliport,Freilassing Hospital Helipad,47.8484971975,12.979743182700002,,EU,DE,DE-BY,Freilassing,no,,,,,http://www.kliniken-suedostbayern.de/de/main/kreisklinik_freilassing.htm,,Kreisklinik Freilassing Hubschrauberlandeplatz,,,,,,
45228.0,DE-0034,heliport,Trostberg Hospital Helipad,48.0291332578,12.5431895256,,EU,DE,DE-BY,Trostberg,no,,,,,http://www.kliniken-suedostbayern.de/de/main/kreisklinik_trostberg.htm,,Kreisklinik Trostberg Hubschrauberlandeplatz,,,,,,
307050.0,DE-0035,heliport,Helgoland Navy Helicopter Base,54.175106,7.890018,7.0,EU,DE,DE-SH,Heligoland,no,,,,,,,,,,,,,
300109.0,DE-0036,heliport,Grafenwöhr Medevac Helipad,49.708056,11.916111,1354.0,EU,DE,DE-BY,Grafenwöhr,no,,,,ET26,,,US Army Grafenwöhr Training Area,,,,,,
300115.0,DE-0037,heliport,Vilseck Main Army Heliport,49.649444,11.805833,1358.0,EU,DE,DE-BY,Vilseck,no,,,,,,,Langenbruck,,,,,,
308152.0,DE-0038,small_airport,Utscheid Glider Field,49.997778,6.342778,1390.0,EU,DE,DE-RP,Bitburg,no,,,,,http://www.flugplatz-utscheid.de/,http://de.wikipedia.org/wiki/Liste_der_Segelfluggel%C3%A4nde_in_Deutschland,Segelflugplatz Utscheid,,,,,,
308153.0,DE-0039,small_airport,Aichach Airfield,48.471797,11.134243,1445.0,EU,DE,DE-BY,Aichach,no,,,,,https://lsvaichach.de/,,Flugplatz Aichach,,,,,,
308157.0,DE-0040,small_airport,Zierenberg Airfield,51.367,9.336,1450.0,EU,DE,DE-HE,Zierenberg,no,,,,,,,,,,,,,
308158.0,DE-0041,small_airport,Zellhausen Sport Airfield,50.021637,8.983212,370.0,EU,DE,DE-HE,Zellhausen,no,,,,,,,,,,,,,
308179.0,DE-0042,small_airport,Weißenburg-Wülzburg Glider Field,49.025666,11.018422,2027.0,EU,DE,DE-BY,Weißenburg in Bayern,no,,,,,,,Segelflugplatz Weißenburg-Wülzburg,,,,,,
308191.0,DE-0044,small_airport,Witzenhausen-Burgberg Glider Field,51.349735,9.824789,659.0,EU,DE,DE-HE,Witzenhausen,no,,,,,https://www.luftsportverein-witzenhausen.de,http://de.wikipedia.org/wiki/Segelfluggel%C3%A4nde_Witzenhausen-Burgberg,,,,,,,
308192.0,DE-0045,closed,Kleve-Wisseler Dünen Airfield,51.769461,6.299106,50.0,EU,DE,DE-NW,Kalkar,no,,,,,,,,,,,,,
308196.0,DE-0046,small_airport,Wildberg Glider Airfield,48.637325,8.733327,1670.0,EU,DE,DE-BW,Wildberg,no,,,,,,,,,,,,,
308197.0,DE-0047,small_airport,Wächtersberg-Hub Glider Airfield,48.614931,8.755457,1965.0,EU,DE,DE-BW,Wildberg,no,,,EDSV,,,https://de.wikipedia.org/wiki/Flugplatz_W%C3%A4chtersberg,,,,,,,
308199.0,DE-0048,small_airport,Steinberg in Surwold Glider Airfield,52.956445,7.556663,100.0,EU,DE,DE-NI,Surwold,no,,,,,,,,,,,,,
308209.0,DE-0049,small_airport,Altfeld Airfield,49.831865,9.537292,1160.0,EU,DE,DE-BY,Marktheidenfeld,no,,,,,,,Flugplatz Altfeld,,,,,,
308211.0,DE-0050,small_airport,Alsfeld Airfield,50.750565,9.248615,970.0,EU,DE,DE-HE,Alsfeld,no,,,,,,,,,,,,,
308215.0,DE-0051,small_airport,Altdorf-Hagenhausen Airfield,49.387387,11.422305,1770.0,EU,DE,DE-BY,Altdorf bei Nürnberg,no,,,,,http://www.altdorf-hagenhausen.de/,,Flugplatz Altdorf-Hagenhausen,,,,,,
308221.0,DE-0052,small_airport,Bischofsberg Airfield,50.432197,10.28316,1080.0,EU,DE,DE-BY,Mellrichstadt,no,,,,,,,,,,,,,
308233.0,DE-0053,small_airport,Cham-Janahof Airfield,49.2120464989,12.6541042328,1200.0,EU,DE,DE-BY,Cham,no,,,,,,,,,,,,,
308236.0,DE-0054,small_airport,Dobenreuth Glider Field,49.696802,11.143212,1110.0,EU,DE,DE-BY,Forchheim,no,,,,,,,,,,,,,
308245.0,DE-0055,small_airport,Tirschenreuth  Airfield,49.8739,12.3281,1600.0,EU,DE,DE-BY,Tirschenreuth,no,,,,,,,,,,,,,
308252.0,DE-0056,small_airport,Paterzell Airfield,47.84692,11.061087,1955.0,EU,DE,DE-BY,Wessobrunn,no,,,EDPZ,,https://www.paterzell.de/,https://de.wikipedia.org/wiki/Flugplatz_Paterzell,,,,,,,
308272.0,DE-0057,small_airport,Am Kreuzberg Glider Airfield,50.3088,10.3734,875.0,EU,DE,DE-BY,Saal an der Saale,no,,,,,,,,,,,,,
308282.0,DE-0058,small_airport,Kronach Airfield,50.243644,11.3589,1520.0,EU,DE,DE-BY,Kronach,no,,,,,http://www.flugplatz-kronach.de/,,Aeroclub Frankenwald,,,,,,
308289.0,DE-0059,small_airport,Kaufbeuren Air Base,47.8617,10.6143,2400.0,EU,DE,DE-BY,Kaufbeuren,no,,,,,,https://en.wikipedia.org/wiki/Kaufbeuren_Air_Base,Fliegerhorst Kaufbeuren,,,,,,
308315.0,DE-0060,small_airport,Karlstadt-Saupurzel Glider Field,49.971234,9.790516,805.0,EU,DE,DE-BY,Karlstadt am Main,no,,,,,https://wpr.lsck.de/,,"Flugplatz Karlstadt-Saupurzel, Segelflugplatz Karlstadt-Saupurzel",,,,,,
308330.0,DE-0061,small_airport,Altötting Airfield,48.2162,12.6484,1311.0,EU,DE,DE-BY,Altötting,no,,,,,,,Osterwies,,,,,,
308407.0,DE-0062,small_airport,Antersberg Airfield,47.9629,11.9955,1605.0,EU,DE,DE-BY,Antersberg,no,,,,,,,,,,,,,
308487.0,DE-0063,small_airport,Rammertshof Amberg Airfield,49.4394,11.8107,1280.0,EU,DE,DE-BY,Amberg,no,,,,,,,,,,,,,
308578.0,DE-0064,small_airport,Oberleichtersbach Airfield,50.271942,9.823622,1330.0,EU,DE,DE-BY,Oberleichtersbach,no,,,,,,http://de.wikipedia.org/wiki/Flugplatz_Oberleichtersbach,Brückenau-Oberleichtersbach,,,,,,
308649.0,DE-0065,small_airport,Tröstau Glider Field,50.018763,11.933259,1870.0,EU,DE,DE-BY,Tröstau,no,,,,,http://www.flugplatz-troestau.de/,,EDTT,,,,,,
308750.0,DE-0066,small_airport,Königsdorf Gliding Center,47.82868,11.465,1971.0,EU,DE,DE-BY,Königsdorf,no,,,,,http://www.segelflugzentrum-koenigsdorf.de/,,,,,,,,
308807.0,DE-0067,closed,Dürabuch Glider Airfield,48.26225,11.2094,1770.0,EU,DE,DE-BY,Dürabuch,no,,,,,http://www.segelflug.de/vereine/fuerstenfeldbruck/duerabuch.html#,,,,,,,,
308808.0,DE-0068,small_airport,Erbendorf Airfield,49.8438,12.06714,1640.0,EU,DE,DE-BY,Erbendorf,no,,,,,,,,,,,,,
308862.0,DE-0069,small_airport,Kleinhartpenning UL,47.8519,11.6667,2375.0,EU,DE,DE-BY,Holzkirchen,no,,,,,,,,,,,,,
507832.0,DE-0070,heliport,Frankfurt am Main Police Headquarters Heliport,50.13276,8.67318,,EU,DE,DE-HE,Frankfurt am Main,no,,,,,,,Hubschrauberlandeplatz Polizeipräsidium Frankfurt am Main,,,,,,
308980.0,DE-0071,small_airport,Bad Königshofen Airfield,50.2876,10.4225,1030.0,EU,DE,DE-BY,Bad Königshofen,no,,,,,http://www.amhimmelreich.com/home.html,,"""Kingdom of Heaven""",,,,,,
308982.0,DE-0072,small_airport,Bad Wörishofen Glider Airfield,48.02678,10.60135,2020.0,EU,DE,DE-BY,Bad Wörishofen,no,,,,,http://www.badwoerishofen-segelflug.de/,,Segelflugplatz Bad Wörishofen,,,,,,
308983.0,DE-0073,small_airport,Benediktbeuern Airfield,47.71564,11.3914,2000.0,EU,DE,DE-BY,Benediktbeuern,no,,,,,http://www.sg-benediktbeuern.de/flugplatz.htm,,,,,,,,
309024.0,DE-0074,small_airport,Brannenburg Airfield,47.74075,12.11548,1539.0,EU,DE,DE-BY,Brannenburg,no,,,,,,,,,,,,,
309025.0,DE-0075,small_airport,Ohlstadt Airfield,47.65869,11.23507,2197.0,EU,DE,DE-BY,Ohlstadt,no,,,,,https://www.flugplatz-ohlstadt.de/,,,,,,,,
309026.0,DE-0076,closed,Eschenlohe Airfield,47.6235,11.18388,2064.0,EU,DE,DE-BY,Eschenlohe,no,,,,,,,,,,,,,
309385.0,DE-0077,small_airport,Büchig Airfield,50.4483,10.2526,1280.0,EU,DE,DE-BY,Ostheim,no,,,,,,,,,,,,,
309403.0,DE-0078,small_airport,Fichtelbrunn Airfield,49.49818,11.6595,1641.0,EU,DE,DE-BY,Neukirchen bei Sulzbach-Rosenberg,no,,,,,http://www.fichtelbrunn.de/,,,,,,,,
309406.0,DE-0079,small_airport,Friesener Warte Airfield,49.8364,11.04644,1702.0,EU,DE,DE-BY,Hirschaid,no,,,,,http://www.friesener-warte.de/,,,,,,,,
309513.0,DE-0080,small_airport,Fürth-Seckendorf Airfield,49.48152,10.8588,1058.0,EU,DE,DE-BY,Cadolzburg,no,,,,,http://www.aero-club-fuerth.de/,,,,,,,,
309514.0,DE-0081,small_airport,Füssen Glider Airfield,47.58306,10.6909,2589.0,EU,DE,DE-BY,Füssen,no,,,,,http://www.lsv-fuessen.de/,,"ED02, EDGD",,,,,,
309619.0,DE-0082,small_airport,Gammelsdorf Glider Field,48.5679,11.9325,1630.0,EU,DE,DE-BY,Gammelsdorf,no,,,,,http://www.lsv-albatros.de/typo/index.php?id=27&backPID=27&tt_news=166,,"Albatros,Segelflugplatz",,,,,,
309620.0,DE-0083,small_airport,Geitau Airfield,47.67835,11.9631,2730.0,EU,DE,DE-BY,Bayrischzell,no,,,,,http://www.lsc-schliersee.de/index.html,,,,,,,,
309632.0,DE-0084,small_airport,Geratshof Airfield,47.992923,10.843688,2096.0,EU,DE,DE-BY,Landsberg am Lech,no,,,,,http://www.geratshof.de/,,,,,,,,
309638.0,DE-0085,small_airport,Greding Glider Field,49.0622,11.2924,1732.0,EU,DE,DE-BY,Greding,no,,,,,http://www.aero-club-greding.de/,,Greding Schutzendorf,,,,,,
309639.0,DE-0086,small_airport,Greiling Airfield,47.7654,11.59546,2357.0,EU,DE,DE-BY,Bad Tölz,no,,,,,http://www.lsv-greiling.de/,,,,,,,,
309873.0,DE-0087,small_airport,Hallertau Airfield,48.64972,11.59687,1266.0,EU,DE,DE-BY,Wolnzach,no,,,,,http://www.lsv-paf.de/,,,,,,,,
309874.0,DE-0088,small_airport,Hersbruck Airfield,49.50753,11.4438,1105.0,EU,DE,DE-BY,Hersbruck,no,,,,,http://www.segelfliegen-hersbruck.de/,,,,,,,,
309875.0,DE-0089,small_airport,Hienheim Airfield,48.87811,11.76034,1320.0,EU,DE,DE-BY,Hienheim,no,,,,,http://www.fsv-kelheim.de/,,,,,,,,
309906.0,DE-0090,small_airport,Oberhinkofen Airfield,48.9517,12.1467,1276.0,EU,DE,DE-BY,Obertraubling,no,,,,,http://www.luftsportverein-regensburg.de/,,,,,,,,
309907.0,DE-0091,small_airport,Oeventrop-Ruhrwiesen Airfield,51.395422,8.147921,718.0,EU,DE,DE-NW,Arnsberg,no,,,,,http://www.lsc-oeventrop.de/,http://de.wikipedia.org/wiki/Segelfluggel%C3%A4nde_Oeventrop-Ruhrwiesen,Oeventrop-Ruhrwiesen,,,,,,
309908.0,DE-0092,small_airport,Ottenberg Airfield,49.3287,11.4797,1828.0,EU,DE,DE-BY,Berg bei Neumarkt in der Oberpfalz,no,,,,,http://www.acsn.de/flugplatz/historie.html,,,,,,,,
309909.0,DE-0093,small_airport,Unterwössen Airfield,47.72974,12.4382,1836.0,EU,DE,DE-BY,Unterwössen,no,,,,,http://www.dassu.de/,,AG4370,,,,,,
309957.0,DE-0094,small_airport,Agathazell Airfield,47.554788,10.272868,2383.0,EU,DE,DE-BY,Burgberg im Allgäu,no,,,,,http://www.agathazell.info/index.php/flugplatz,,,,,,,,
309980.0,DE-0095,small_airport,Alte Ems Airfield,53.030765,7.305385,7.0,EU,DE,DE-NI,Rhede (Ems),no,,,,,,,,,,,,,
309996.0,DE-0096,small_airport,Am Salzgittersee Airfield,52.1702,10.31573,260.0,EU,DE,DE-NI,Salzgitter,no,,,,,http://www.sg-aero.de/,,,,,,,,
309997.0,DE-0097,closed,Staufenberg Glider Field,51.362,9.6288,1200.0,EU,DE,DE-NI,Staufenberg,no,,,,,,,,,,,,,
309999.0,DE-0098,small_airport,Große Höhe Airfield,52.9861,8.5722,70.0,EU,DE,DE-NI,Ganderkesee,no,,,,,http://www.lsvdelmenhorst.de/,,,,,,,,
310000.0,DE-0099,small_airport,Große Wiese Airfield,52.13704,10.5695,253.0,EU,DE,DE-NI,Wolfenbüttel,no,,,,,http://www.lsg-wf.de/,,,,,,,,
310074.0,DE-0100,small_airport,Großes Moor Airfield,52.5359,10.02,143.0,EU,DE,DE-NI,Adelheidsdorf,no,,,,,,,,,,,,,
310075.0,DE-0101,small_airport,Hellenhagen Airfield,52.02624,9.5628,625.0,EU,DE,DE-NI,Halle,no,,,,,http://www.flugsportclub.com/index.php/der-verein/unser-flugplatz.html,,,,,,,,
310076.0,DE-0102,small_airport,Hellingst Airfield,53.3751,8.8498,73.0,EU,DE,DE-NI,Holste,no,,,,,,,,,,,,,
310077.0,DE-0103,small_airport,Rote Wiese Glider Field,52.2336,10.9809,360.0,EU,DE,DE-NI,Helmstedt,no,,,,,http://www.lsv-helmstedt.de/03103a98cd1350604/,,,,,,,,
310079.0,DE-0104,small_airport,Höpen Airfield,53.1473,9.796,275.0,EU,DE,DE-NI,Schneverdingen,no,,,,,http://www.lsv-schneverdingen.de/,https://en.wikipedia.org/wiki/H%C3%B6pen_Airfield,,,,,,,
310080.0,DE-0105,small_airport,Holtorfsloh Airfield,53.3222,10.0743,181.0,EU,DE,DE-NI,Holtorfsloh,no,,,,,,,,,,,,,
310081.0,DE-0106,small_airport,Hoya Airfield,52.8119,9.1638,55.0,EU,DE,DE-NI,Hoya,no,,,EDHY,,http://www.sfv-hoya.de/,https://de.wikipedia.org/wiki/Flugplatz_Hoya,,,,,,,
310655.0,DE-0107,small_airport,Gronau Airfield,52.0578,9.8104,480.0,EU,DE,DE-NI,An den sieben Bergen,no,,,,,,,,,,,,,
310656.0,DE-0108,small_airport,Aue bei Hattorf Airfield,51.6334,10.2544,618.0,EU,DE,DE-NI,Hattorf am Harz,no,,,,,,,,,,,,,
310657.0,DE-0109,small_airport,Brockzetel Glider Field,53.4814,7.6511,34.0,EU,DE,DE-NI,Aurich,no,,,,,,http://de.wikipedia.org/wiki/Segelfluggel%C3%A4nde_Aurich-Brockzetel,,,,,,,
310658.0,DE-0110,small_airport,Bad Zwischenahn-Rostrup Airfield,53.2102,7.9887,33.0,EU,DE,DE-NI,Bad Zwischenahn,no,,,,,,,Segelfluggelände Bad Zwischenahn-Rostrup,,,,,,
311008.0,DE-0111,small_airport,Berliner Heide Airfield,52.6697,10.3705,226.0,EU,DE,DE-NI,Metzingen,no,,,,,https://www.flugplatz-berliner-heide.de,,,,,,,,
311009.0,DE-0112,small_airport,Bisperode Airfield,52.0788,9.476,635.0,EU,DE,DE-NI,Coppenbrügge,no,,,,,http://www.lsv-hameln.de/wordpress/,,Luftsportverein Hameln,,,,,,
311010.0,DE-0113,small_airport,Blexen Airfield,53.5383,8.5388,4.0,EU,DE,DE-NI,Blexen,no,,,EDWT,,http://www.wlv-blexen.de/flugplatz/,https://de.wikipedia.org/wiki/Flugplatz_Blexen,,,,,,,
311045.0,DE-0114,small_airport,Farrenberg Gliderfield,48.385706,9.076333,2641.0,EU,DE,DE-BW,Mössingen,no,,,,,,,,,,,,,
311066.0,DE-0115,small_airport,Oppershausen Airfield,52.5955,10.2235,147.0,EU,DE,DE-NI,Wienhausen,no,,,,,http://www.hannover-segelflug.net/haec/index.php?option=com_content&task=view&id=76&Itemid=125,,Hannover Aero Club,,,,,,
311067.0,DE-0116,small_airport,Peißenberg Airfield,47.8337,11.06685,1967.0,EU,DE,DE-BY,Peißenberg,no,,,,,,,,,,,,,
311068.0,DE-0117,small_airport,Quakenbrück Airfield,52.6634,7.9249,78.0,EU,DE,DE-NI,Quakenbrück,no,,,,,http://www.lsvq.de/index.php/wir-ueber-uns,http://de.wikipedia.org/wiki/Flugplatz_Quakenbr%C3%BCck,,,,,,,
311069.0,DE-0118,small_airport,Scheuen Airfield,52.6693,10.088,190.0,EU,DE,DE-NI,Celle,no,,,,,http://www.segelfliegen-in-celle.de/,,,,,,,,
311070.0,DE-0119,closed,Schnuckenheide-Repke Airfield,52.7163,10.5336,350.0,EU,DE,DE-NI,Repke,no,,,,,http://www.lvi-repke.de/wb/,,,,,,,,
311181.0,DE-0120,small_airport,Steinberg at Wessein Airfield,52.0838,10.018,642.0,EU,DE,DE-NI,Wessein,no,,,,,http://www.sfg-salzdetfurth.de/unser-flugplatz/,,,,,,,,
311547.0,DE-0121,small_airport,Bohlenbergerfeld Airfield,53.418,7.9039,26.0,EU,DE,DE-NI,Zetel,no,,,,,http://lsg-segelflieger-zetel.de/willkommen.html,,Segelflugplatz Zetel-Bohlenbergerfeld,,,,,,
311548.0,DE-0122,small_airport,Bollrich Airfield,51.9058,10.4619,945.0,EU,DE,DE-NI,Goslar,no,,,,,http://www.bollrich.de/,,,,,,,,
311550.0,DE-0123,small_airport,Bückeburg-Weinberg Airfield,52.2511,9.0146,256.0,EU,DE,DE-NW,Porta Westfalica,no,,,,,http://www.lsv-bueckeburg.de/,,,,,,,,
311666.0,DE-0124,small_airport,Osterholz-Scharmbeck Airfield,53.2135,8.8102,3.0,EU,DE,DE-NI,Osterholz-Scharmbeck,no,,,,,http://www.segelflug.de/vereine/osterholz/,,,,,,,,
311668.0,DE-0125,small_airport,Peine-Glindbruchkippe Airfield,52.3238,10.1815,235.0,EU,DE,DE-NI,Peine,no,,,EDVP,,http://www.uhlenflug-peine.de/index.php/peine-kippe,https://de.wikipedia.org/wiki/Flugplatz_Peine-Glindbruchkippe,,,,,,,
311669.0,DE-0126,small_airport,Stüde Bernsteinsee Airfield,52.564326,10.682343,245.0,EU,DE,DE-NI,Sassenburg,no,,,,,http://www.aeroclub-wolfsburg.com/flugplatz_stuede.html,,"Wolfsburger Segelflug-Zentrum Stüde-Bernsteinsee, Wolfsburg Gliding Center Stüde Bernsteinsee",,,,,,
311720.0,DE-0127,small_airport,Sultmer Berg Airfield,51.73,9.9925,736.0,EU,DE,DE-NI,Northeim,no,,,,,http://www.segelflug-northeim.de/,,"Flugplatz Sultmer Berg, Segelfluggelände Sultmer Berg",,,,,,
311721.0,DE-0128,small_airport,Tarmstedt Airfield,53.2514,9.1084,140.0,EU,DE,DE-NI,Westertimke,no,,,,,http://www.sfg-bremen.de/,http://de.wikipedia.org/wiki/Segelfluggel%C3%A4nde_Tarmstedt,Airbus Segelfluggemeinschaft Bremen,,,,,,
311723.0,DE-0129,small_airport,Walsrode-Luisenhöhe Airfield,52.8882,9.6,194.0,EU,DE,DE-NI,Walsrode,no,,,,,,,,,,,,,
311777.0,DE-0130,small_airport,Ummern Airfield,52.6204,10.4092,237.0,EU,DE,DE-NI,Gifhorn,no,,,,,http://www.lsg-fallersleben.de/flugplatz/,,,,,,,,
311778.0,DE-0131,small_airport,Uslar Airfield,51.6619,9.6044,850.0,EU,DE,DE-NI,Uslar,no,,,EDVD,,http://www.segelflug.de/vereine/uslar/,https://de.wikipedia.org/wiki/Flugplatz_Uslar,,,,,,,
311779.0,DE-0132,small_airport,Wenzendorf Airfield,53.3374,9.7797,229.0,EU,DE,DE-NI,Wenzendorf,no,,,,,,http://de.wikipedia.org/wiki/Segelfluggel%C3%A4nde_Wenzendorf,,,,,,,
312142.0,DE-0133,small_airport,Weper Airfield,51.7124,9.8026,1190.0,EU,DE,DE-NI,Moringen,no,,,,,,,,,,,,,
312143.0,DE-0134,small_airport,FSV Illtal Airfield,49.41,7.0547,1230.0,EU,DE,DE-SL,Wustweiler,no,,,,,,,,,,,,,
312208.0,DE-0135,small_airport,Amöneburg Airfield,50.78985,8.90635,790.0,EU,DE,DE-HE,Amöneburg,no,,,,,http://fsv-blitz.de/de/home.html,,EDEC,,,,,,
312209.0,DE-0136,small_airport,Aßlarer Hütte Airfield,50.5999,8.4439,753.0,EU,DE,DE-HE,Aßlar,no,,,,,http://www.vflasslar.de/,,,,,,,,
312210.0,DE-0137,small_airport,Bensheimer Stadtwiesen Airfield,49.6926,8.5819,314.0,EU,DE,DE-HE,Bensheim,no,,,,,,http://de.wikipedia.org/wiki/Segelfluggel%C3%A4nde_Bensheim,,,,,,,
312569.0,DE-0138,small_airport,Dehausen Airfield,51.4635,9.04925,1003.0,EU,DE,DE-HE,Diemelstadt,no,,,,,,,"Kreisluftsportverband Waldeck e.V., Waldeck",,,,,,
312570.0,DE-0139,small_airport,Braunfels Airfield,50.525446,8.392514,800.0,EU,DE,DE-HE,Kronberg im Taunus,no,,,,,http://www.lsg-braunfels.de/,,,,,,,,
312571.0,DE-0140,small_airport,Der Dingel Airfield,51.536,9.3805,718.0,EU,DE,DE-HE,Hofgeismar,no,,,,,http://www.lsv-hofgeismar.de/dingel_neu/flugplatz.html,,,,,,,,
312688.0,DE-0141,small_airport,Dornberg-Sontra Airfield,51.0873,9.9155,1317.0,EU,DE,DE-HE,Sontra,no,,,,,http://www.dornberg-sontra.de/,http://de.wikipedia.org/wiki/Segelfluggel%C3%A4nde_Dornberg-Sontra,Domberg bei Sontra,,,,,,
312689.0,DE-0142,small_airport,Eibinger Forstwiese Airfield,50.0186,7.89324,1550.0,EU,DE,DE-HE,Rüdesheim am Rhein,no,,,,,http://www.lsc-rheingau.de/,,,,,,,,
312694.0,DE-0143,small_airport,Garbenheimer Wiesen Glider Field,50.574,8.529,490.0,EU,DE,DE-HE,Wetzlar,no,,,,,http://www.vfl-wetzlar.de/,,,,,,,,
312947.0,DE-0144,small_airport,Gedern Glider Field,50.432302,9.194312,1220.0,EU,DE,DE-HE,Gedern,no,,,,,https://www.sfg-gedern.de/,http://de.wikipedia.org/wiki/Segelfluggel%C3%A4nde_Gedern,,,,,,,
312948.0,DE-0145,small_airport,Gießen Airfield,50.6042,8.7286,540.0,EU,DE,DE-HE,Gießen,no,,,,,,,,,,,,,
313148.0,DE-0146,small_airport,Edermünde-Grifte Airfield,51.221,9.4475,665.0,EU,DE,DE-HE,Grifte,no,,,,,http://regiowiki.hna.de/Flugplatz_Ederm%C3%BCnde-Grifte,,,,,,,,
313149.0,DE-0147,small_airport,Hessisch Lichtenau Airfield,51.1888,9.7434,1350.0,EU,DE,DE-HE,Hessisch Lichtenau,no,,,,,http://www.lsv-heli.de/,,,,,,,,
313153.0,DE-0148,small_airport,Hörbach Airfield,50.6683,8.2604,1070.0,EU,DE,DE-HE,Herborn,no,,,,,http://www.lsv-hoerbach.de/,,"Herborn, Hoerbach",,,,,,
313154.0,DE-0149,small_airport,Hoherodskopf Airfield,50.5017,9.2227,2215.0,EU,DE,DE-HE,Schotten,no,,,,,http://www.segelflug.de/vereine/hoherodskopf/,http://de.wikipedia.org/wiki/Segelfluggel%C3%A4nde_Hoherodskopf,,,,,,,
313649.0,DE-0150,small_airport,Eudenbach Glider Field,50.673223,7.365639,,EU,DE,DE-NW,Bad Honnef,no,,,,,,,,,,,,,
313877.0,DE-0151,small_airport,Huhnrain Airfield,50.490126,9.847907,1405.0,EU,DE,DE-HE,Poppenhausen,no,,,,,,,,,,,,,
313878.0,DE-0152,small_airport,Johannisau Glider Field,50.536331,9.66121,850.0,EU,DE,DE-HE,Fulda,no,,,,,https://www.acr-fulda.de/,https://de.wikipedia.org/wiki/Segelfluggel%C3%A4nde_Johannisau,,,,,,,
314150.0,DE-0153,small_airport,Homberg (Ohm) Airfield,50.7465,9.0192,1157.0,EU,DE,DE-HE,Homberg (Ohm),no,,,,,http://www.segelflug.de/vereine/homberg-ohm/,,,,,,,,
314151.0,DE-0154,small_airport,Langenberg Airfield,50.7968,9.5631,1197.0,EU,DE,DE-HE,Niederaula,no,,,,,http://www.flugplatz-langenberg.de/,,Langenberg bei Hattenbach,,,,,,
314152.0,DE-0155,small_airport,Langenselbold Airfield,50.1764,9.0648,390.0,EU,DE,DE-HE,Langenselbold,no,,,,,,,,,,,,,
314153.0,DE-0156,small_airport,Laufenselden Glider Field,50.2217,7.9985,1316.0,EU,DE,DE-HE,Heidenrod,no,,,,,http://www.segelflug-laufenselden.de/,,,,,,,,
314240.0,DE-0157,closed,Pütnitz-Damgarten Airfield,54.263124,12.439359,,EU,DE,DE-MV,Ribnitz-Damgarten,no,,,,,,,Flugplatz Pütnitz-Damgarten,,,,,,
314241.0,DE-0158,small_airport,Reinheim Airfield,49.84,8.851,506.0,EU,DE,DE-HE,Reinheim,no,,,,,http://www.fsvor.com/index.php/wir-ueber-uns1/unser-flugplatz,,Segelfluggelände Reinheim,,,,,,
314242.0,DE-0159,small_airport,Pfingstweide Airfield,50.435682,8.62067,1160.0,EU,DE,DE-HE,Butzbach,no,,,,,http://www.aero-club-butzbach.de/,,Butzbach,,,,,,
314243.0,DE-0160,small_airport,Plätzer Airfield,50.709341,9.738779,1166.0,EU,DE,DE-HE,Burghaun,no,,,,,http://www.flugplatz-plaetzer.de/,,,,,,,,
314404.0,DE-0161,small_airport,Pohlheim Airfield,50.5322,8.7334,787.0,EU,DE,DE-HE,Pohlheim,no,,,,,http://sgs-pohlheim.de/,,,,,,,,
314405.0,DE-0162,small_airport,Riedelbach Airfield,50.3024,8.3845,1700.0,EU,DE,DE-HE,Weilrod,no,,,,,http://sfc-riedelbach.de/site/flugplatz.php,http://de.wikipedia.org/wiki/Flugplatz_Riedelbach,,,,,,,
314407.0,DE-0163,small_airport,Rothenberg Airfield,49.485747,8.935769,1575.0,EU,DE,DE-HE,Oberzent,no,,,,,,,Segelfluggelände Rothenberg,,,,,,
314409.0,DE-0164,small_airport,Schotten Airfield,50.5348,9.1455,1678.0,EU,DE,DE-HE,Schotten,no,,,,,http://translate.google.com/translate?hl=en&sl=de&u=http://www.aero-club-schotten.de/&prev=search,http://de.wikipedia.org/wiki/Segelfluggel%C3%A4nde_Schotten,,,,,,,
314411.0,DE-0165,small_airport,Stauffenbühl Airfield,51.1592,10.0472,895.0,EU,DE,DE-HE,Eschwege,no,,,,,http://www.elv-eschwege.de/,,,,,,,,
314412.0,DE-0166,closed,Eschwege Airfield,51.197,10.025,522.0,EU,DE,DE-HE,Eschwege,no,,,,,,http://de.wikipedia.org/wiki/Fliegerhorst_Eschwege,,,,,,,
314456.0,DE-0167,small_airport,Michelbach Glider Field,50.2317,8.077,1020.0,EU,DE,DE-HE,Aarbergen,no,,,,,http://www.fcaarbergen.org/,,,,,,,,
314457.0,DE-0168,small_airport,Nidda Airfield,50.4053,8.9881,589.0,EU,DE,DE-HE,Nidda,no,,,,,http://fsk-nidda.de/,http://de.wikipedia.org/wiki/Segelfluggel%C3%A4nde_Nidda,,,,,,,
314553.0,DE-0169,small_airport,Vielbrunn Airfield,49.7193,9.0823,1517.0,EU,DE,DE-HE,Michelstadt,no,,,,,http://www.fscm.de/,,,,,,,,
314554.0,DE-0170,small_airport,Oberems Glider Field,50.242,8.3986,1350.0,EU,DE,DE-HE,Glashütten,no,,,,,http://www.fsg-feldberg.de/2_unser_Flugplatz.htm,http://de.wikipedia.org/wiki/Segelfluggel%C3%A4nde_Oberems,,,,,,,
314555.0,DE-0171,small_airport,Arnsberg-Ruhrwiese Airfield,51.3878,8.0605,611.0,EU,DE,DE-NW,Arnsberg,no,,,,,http://www.aeroclub-arnsberg.de/,http://de.wikipedia.org/wiki/Segelfluggel%C3%A4nde_Arnsberg_Ruhrwiese,,,,,,,
314556.0,DE-0172,small_airport,Bergheim Airfield,50.9772,6.6085,226.0,EU,DE,DE-NW,Bergheim,no,,,,,http://www.lsc-erftland.de/,http://de.wikipedia.org/wiki/Segelfluggel%C3%A4nde_Bergheim,,,,,,,
314690.0,DE-0173,small_airport,Ziegenhain-Der Ring Airfield,50.9026,9.2403,693.0,EU,DE,DE-HE,Schwalmstadt,no,,,,,http://www.fsv-schwalm.de/startseite/flugplatz/,,,,,,,,
314691.0,DE-0174,small_airport,Borghorst Airfield,52.1505,7.4531,157.0,EU,DE,DE-NW,Steinfurt,no,,,,,http://flugplatz-borghorst.de/,http://de.wikipedia.org/wiki/Segelfluggel%C3%A4nde_Borghorst,"Borghorst-Füchten, Flugplatz Borghorst, Segelfluggelände Borghorst-Füchten",,,,,,
314692.0,DE-0175,small_airport,Büren Airfield,51.5427,8.5808,920.0,EU,DE,DE-NW,Büren,no,,,,,http://www.ac-bueren.de/,http://de.wikipedia.org/wiki/Segelfluggel%C3%A4nde_B%C3%BCren,,,,,,,
314766.0,DE-0176,small_airport,Dorsten-Am Kanal Airfield,51.6621,6.9856,109.0,EU,DE,DE-NW,Dorsten,no,,,,,http://www.lsv-dorsten.de/,,,,,,,,
314767.0,DE-0177,small_airport,Düren-Hürtgenwald Airfield,50.6937,6.4185,1194.0,EU,DE,DE-NW,Hürtgenwald,no,,,,,http://www.lsvdueren.de/,,,,,,,,
314768.0,DE-0178,small_airport,Düsseldorf-Wolfsaap Glider Field,51.2649,6.8539,370.0,EU,DE,DE-NW,Düsseldorf,no,,,,,http://www.wolfsaap.de/,https://de.wikipedia.org/wiki/Segelfluggel%C3%A4nde_D%C3%BCsseldorf-Wolfsaap,Düsseldorf,,,,,,
314868.0,DE-0179,small_airport,Emmerich Airfield,51.8221,6.2745,44.0,EU,DE,DE-NW,Emmerich am Rhein,no,,,,,http://fsv-emmerich.de/,,Palmersward,,,,,,
314869.0,DE-0180,small_airport,Gustorfer Höhe Airfield,51.0767,6.5475,290.0,EU,DE,DE-NW,Grevenbroich,no,,,,,http://www.aero-club-grevenbroich-neuss.de/startseite/,,,,,,,,
314870.0,DE-0181,closed,Halver Airfield,51.1741,7.5045,1383.0,EU,DE,DE-NW,Halver,no,,,,,http://lsv-halver.bplaced.net/,,,,,,,,
314871.0,DE-0182,small_airport,Hengsen-Opherdicke Airfield,51.4729,7.6451,435.0,EU,DE,DE-NW,Holzwickede,no,,,,,http://www.flugplatz-hengsen.de/,,,,,,,,
315134.0,DE-0183,small_airport,Welzheim Airfield,48.8763,9.6537,1700.0,EU,DE,DE-BW,Welzheim,no,,,,,http://www.flg-welzheim.de/,,,,,,,,
315135.0,DE-0184,small_airport,Stolberg-Diepenlinchen Airfield,50.768793,6.280189,875.0,EU,DE,DE-NW,Stolberg,no,,,,,http://lvstolberg.de/,https://de.wikipedia.org/wiki/Segelfluggel%C3%A4nde_Stolberg-Diepenlinchen,,,,,,,
315136.0,DE-0185,closed,Sevelen Glider Field,51.4857,6.4284,105.0,EU,DE,DE-NW,Rheinhausen,no,,,,,http://www.segelflug.de/vereine/duisburg-rheinhausen/about/about.htm,,,,,,,,
315137.0,DE-0186,closed,Hilden-Kesselweier Airfield,51.1873,6.9746,300.0,EU,DE,DE-NW,Kesselweier,no,,,,,,,,,,,,,
315179.0,DE-0187,small_airport,Iserlohn-Rheinermark Airfield,51.4293,7.6436,660.0,EU,DE,DE-NW,Iserlohn,no,,,,,http://segelfliegen.com/,https://de.wikipedia.org/wiki/Segelfluggel%C3%A4nde_Iserlohn-Rheinermark,,,,,,,
315180.0,DE-0188,small_airport,Kamen-Heeren Airfield,51.590283,7.709785,205.0,EU,DE,DE-NW,Kamen,no,,,,,http://www.lsf-kamen.de/,,,,,,,,
315181.0,DE-0189,small_airport,Langenfeld-Wiescheid Airfield,51.1409,6.9849,300.0,EU,DE,DE-NW,Langenfeld,no,,,,,http://www.lsgerbsloeh.de/,,,,,,,,
315240.0,DE-0190,small_airport,Stapelburg Airfield,51.914044,10.68326,728.0,EU,DE,DE-NI,Stapelburg,no,,,,,,,,,,,,,
315304.0,DE-0191,small_airport,Aukrug Airfield,54.0647,9.7983,50.0,EU,DE,DE-SH,Aukrug,no,,,,,http://www.segelflug-aukrug.de/index.html,https://de.wikipedia.org/wiki/Segelfluggel%C3%A4nde_Aukrug,,,,,,,
315305.0,DE-0192,small_airport,Lindlar Glider Field,50.9952,7.3738,1055.0,EU,DE,DE-NW,Lindlar,no,,,,,http://www.lsv-lindlar.de/,,,,,,,,
315388.0,DE-0193,small_airport,Altenbachtal Glider Field,49.922867,9.158177,446.0,EU,DE,DE-BY,Aschaffenburg,no,,,,,http://www.moeve-obernau.de,,Segelfluggelände Altenbachtal,,,,,,
315389.0,DE-0194,small_airport,Bell-Hundheim UL,50.027566,7.421959,1434.0,EU,DE,DE-RP,Bell,no,,,,,https://www.diamantenwerft.de,,"SolidAir, UL-Flugplatz Bell-Hundheim",,,,,,
315391.0,DE-0195,small_airport,Dankern Airfield,52.802319,7.160291,48.0,EU,DE,DE-NI,Haren (Ems),no,,,,,http://www.flugplatz-dankern.de,,Flugplatz Dankern,,,,,,
315394.0,DE-0196,small_airport,Kückhoven Ultralight Airfield,51.064809,6.359596,281.0,EU,DE,DE-NW,Erkelenz,no,,,,,http://www.ulerk.de,,,,,,,,
315395.0,DE-0197,small_airport,Heinsberg-Selfkant Ultralight Airfield,51.050556,6.054167,216.0,EU,DE,DE-NW,Waldfeucht,no,,,,,http://www.ul-heinsberg-selfkant.de,,Ultraleicht Flugplatz Heinsberg-Selfkant,,,,,,
315396.0,DE-0198,small_airport,Dolmar Airfield,50.6125,10.472778,1673.0,EU,DE,DE-TH,Kühndorf,no,,,,,,,Camping Flugplatz Dolmar,,,,,,
315397.0,DE-0199,small_airport,Ippesheim Ultralight Airfield,49.60982,10.225507,1000.0,EU,DE,DE-BY,Ippesheim,no,,,,,http://www.fsg-ippesheim.de,,UL-Flugplatz Ippesheim,,,,,,
315398.0,DE-0200,small_airport,Kerken Ultralight Airfield,51.438889,6.445556,114.0,EU,DE,DE-NW,Kerken,no,,,,,http://www.ul-kerken.de,,,,,,,,
315401.0,DE-0201,small_airport,Vettweiß-Soller ULM,50.7475,6.566944,525.0,EU,DE,DE-NW,Vettweiß,no,,,,,http://www.ul-vettweiss.de,,Gertrudenhof,,,,,,
315403.0,DE-0202,small_airport,Eutingen Airfield,48.485439,8.778033,1637.0,EU,DE,DE-BW,Eutingen im Gäu,no,,,EDTE,,http://www.fsv-rottenburg-horb.de,https://de.wikipedia.org/wiki/Flugplatz_Eutingen_im_G%C3%A4u,EUT1,,,,,,
315455.0,DE-0203,small_airport,Lünen-Lippeweiden Glider Field,51.6171,7.501,162.0,EU,DE,DE-NW,Lünen,no,,,,,http://www.fsg-luenen.de/startseite/,,LUN1,,,,,,
315456.0,DE-0204,small_airport,Meiersberg Airfield,51.2996,6.9565,520.0,EU,DE,DE-NW,Heiligenhaus,no,,,,,http://www.sportflug-niederberg.de/,,MEI1,,,,,,
315459.0,DE-0205,small_airport,Menden-Barge Airfield,51.46,7.8376,750.0,EU,DE,DE-NW,Menden,no,,,,,http://www.lsgmenden.de/,https://de.wikipedia.org/wiki/Segelfluggel%C3%A4nde_Menden-Barge,,,,,,,
315462.0,DE-0206,small_airport,Löchgau Airfield,49.001065,9.082403,883.0,EU,DE,DE-BW,Löchgau,no,,,,,,,"Flugplatz Löchgau, Segelfluggelände Löchgau",,,,,,
315463.0,DE-0207,small_airport,Radevormwald-Leye Glider Field,51.216437,7.382147,1290.0,EU,DE,DE-NW,Radevormwald,no,,,,,http://www.flugplatz-radevormwald.de/,,,,,,,,
315464.0,DE-0208,small_airport,Siegen-Eisernhardt Airfield,50.8375,8.0141,1300.0,EU,DE,DE-NW,Siegen,no,,,,,http://www.lsv-siegerland.de/,,SIE2,,,,,,
315466.0,DE-0209,closed,Sundern-Seidfeld Airfield,51.3032,7.9807,1086.0,EU,DE,DE-NW,Sundern,no,,,,,,https://de.wikipedia.org/wiki/Segelfluggel%C3%A4nde_Sundern-Seidfeld,,,,,,,
315471.0,DE-0210,small_airport,Wanlo Glider Field,51.101,6.3936,253.0,EU,DE,DE-NW,Mönchengladbach,no,,,,,,,,,,,,,
315472.0,DE-0211,small_airport,Warburg-Am Heinberg Airfield,51.4973,9.0876,572.0,EU,DE,DE-NW,Warburg,no,,,,,http://www.lsv-warburg.de/,,"WAR1, Flugplatz Warburg/Am Heinberg",,,,,,
315473.0,DE-0212,heliport,Evangelisches Jung-Stilling Hospital Helipad,50.8518,8.0184,1110.0,EU,DE,DE-NW,Siegen,no,,,,,,,1SIE,,,,,,
315475.0,DE-0213,small_airport,Weipertshofen Airfield,49.086572,10.123837,1455.0,EU,DE,DE-BW,Stimpfach,no,,,,,http://sfgcrailsheim.de/,,"WEI1, Crailsheim",,,,,,
315477.0,DE-0214,heliport,Gießen University Hospital Heliport,50.5759,8.6671,712.0,EU,DE,DE-HE,Gießen,no,,,,,,,2GIE,,,,,,
315480.0,DE-0215,small_airport,Ludwigshafen Airfield,49.4131,8.3518,318.0,EU,DE,DE-RP,Dannstadt,no,,,,,http://www.ssv-ludwigshafen.de/,https://de.wikipedia.org/wiki/Segelfluggel%C3%A4nde_Ludwigshafen-Dannstadt,LUD1,,,,,,
315481.0,DE-0216,heliport,Heilbronn Hospital Helipad,49.1532,9.1918,664.0,EU,DE,DE-BW,Heilbronn,no,,,,,,,1HEI,,,,,,
315485.0,DE-0217,small_airport,Ahlen Airfield,51.784001,7.909969,,EU,DE,DE-NW,Ahlen,no,,,,,,,Agrarflug Helilift,,,,,,
315489.0,DE-0218,small_airport,Waldeck Airfield,51.2267,9.0554,1329.0,EU,DE,DE-HE,Waldeck,no,,,,,http://flugschuleedersee.de/,,WAL1,,,,,,
315490.0,DE-0219,small_airport,Vinsebeck Airfield,51.8453,9.0141,850.0,EU,DE,DE-NW,Steinheim,no,,,,,http://www.lsv-egge.de/,,"VIN1, Vinseheim-Frankenberg",,,,,,
315491.0,DE-0220,small_airport,Stillberghof Airfield,48.7309,10.834,1680.0,EU,DE,DE-BY,Donauwörth,no,,,,,https://stillberghof.wordpress.com/,,"STI1, Donauwörth, Monheim, Ziergesheim",,,,,,
315496.0,DE-0221,closed,GSD Airport,50.329062,11.282344,,EU,DE,DE-BY,Stockheim,no,,,,,,,,,,,,,
315560.0,DE-0222,small_airport,Altomünster Airfield,48.381953,11.272777,1631.0,EU,DE,DE-BY,Altomünster,no,,,,,,,"Altomünster ULM, Flugplatz Altomünster",,,,,,
315561.0,DE-0223,small_airport,Bad Bibra Airfield,51.20199,11.498222,984.0,EU,DE,DE-ST,Finne,no,,,,,,,,,,,,,
315562.0,DE-0224,small_airport,Reute/Bad Waldsee Airfield,47.915,9.710278,1892.0,EU,DE,DE-BW,Bad Waldsee,no,,,,,,,Flugplatz Reute,,,,,,
315563.0,DE-0225,small_airport,Berg Airfield,47.830746,9.539587,,EU,DE,DE-BW,Berg,no,,,,,,,"Flugplatz Berg, Berg-Ravensburg",,,,,,
315564.0,DE-0226,small_airport,Bobzin Ultralight Airfield,53.486111,11.168333,,EU,DE,DE-MV,Bobzin,no,,,,,,,Ultraleicht-Fluggelände Bobzin,,,,,,
315565.0,DE-0227,small_airport,Bösingen-Dunningen Airfield,48.227671,8.534725,2287.0,EU,DE,DE-BW,Bösingen,no,,,,,,,Sonderlandeplatz Bösingen-Dunningen,,,,,,
315566.0,DE-0228,small_airport,Dingelstedt Airfield,51.986122,10.967081,,EU,DE,DE-ST,Huy,no,,,,,,,,,,,,,
315567.0,DE-0229,small_airport,Schlechtenfeld Glider Strip,48.284722,9.673333,1811.0,EU,DE,DE-BY,Ehingen,no,,,,,http://www.sfc-ehingen.de,,,,,,,,
315568.0,DE-0230,small_airport,Riesa-Canitz Airfield,51.3024,13.228,410.0,EU,DE,DE-SN,Riesa,no,,,,,http://segelwiese-canitz.de/,,,,,,,,
315569.0,DE-0231,closed,Gronenfelde,52.363889,14.496111,,EU,DE,DE-BR,,no,,,,,,,,,,,,,
315570.0,DE-0232,small_airport,Gerolzhofen Model Airfield,49.888008,10.376308,,EU,DE,DE-TH,Gerolzhofen,no,,,,,http://www.msg-gerolzhofen.de,,,,,,,,
315571.0,DE-0233,small_airport,Grünstadt Airfield,49.5855556,8.1388889,1039.0,EU,DE,DE-RP,Grünstadt,no,,,,,http://www.segelflug-gruenstadt.de/,,Quirnheim,,,,,,
315572.0,DE-0234,small_airport,Heiligenberg Glider Field,47.83291,9.30127,2490.0,EU,DE,DE-BW,Heiligenberg,no,,,,,,,"Segelfluggelände Heiligenberg, Segelflugplatz Heiligenberg",,,,,,
315574.0,DE-0235,small_airport,Hohenthann Airfield,48.664444,12.053611,1435.0,EU,DE,DE-BY,Hohenthann,no,,,,,,,,,,,,,
315575.0,DE-0236,small_airport,Irsingen-Hesselberg Airfield,49.038375,10.503145,,EU,DE,DE-BY,Gerolfingen,no,,,,,,,,,,,,,
315576.0,DE-0237,small_airport,Landau-Ebenberg Airfield,49.176859,8.131229,525.0,EU,DE,DE-BW,Landau in der Pfalz,no,,,,,,,,,,,,,
315577.0,DE-0238,small_airport,Klippeneck Airfield,48.1075,8.7627778,3215.0,EU,DE,DE-BW,Denkingen,no,,,,,http://www.klippeneck.de/,https://de.wikipedia.org/wiki/Segelfluggel%C3%A4nde_Klippeneck,,,,,,,
315579.0,DE-0239,small_airport,Wasentegernbach,48.2777778,12.2222222,,EU,DE,DE-BY,,no,,,,,,,,,,,,,
315580.0,DE-0240,small_airport,Weilerswist UL,50.719051,6.84989,446.0,EU,DE,DE-NW,Weilerswist,no,,,,,,,"Müggenhausen, Nordeifel",,,,,,
315582.0,DE-0241,small_airport,Wildberg Airfield,47.600278,9.741944,1726.0,EU,DE,DE-BW,Weißensberg,no,,,,,,,,,,,,,
315584.0,DE-0242,small_airport,Kell Airfield,49.6216667,6.8402778,1840.0,EU,DE,DE-RP,Kell am See,no,,,,,http://www.lsv-hochwald.de/,,,,,,,,
315585.0,DE-0243,heliport,Lobeda Heliport,50.89538,11.6027,492.0,EU,DE,DE-TH,Jena,no,,,,,,,,,,,,,
315586.0,DE-0244,small_airport,Vaihingen an der Enz Airfield,48.9362,8.9736,1038.0,EU,DE,DE-BW,Vaihingen an der Enz,no,,,,,http://www.fsv-vaihingen.de/,,,,,,,,
315587.0,DE-0245,heliport,SRH Hospital Helipad,50.603,10.7104,1759.0,EU,DE,DE-TH,Suhl,no,,,,,,,,,,,,,
315588.0,DE-0246,closed,Urspring Airfield,48.553,9.9038,2100.0,EU,DE,DE-BW,Lonsee,no,,,,,http://sfg-hegy.de/index.php?section=flugplatz,,,,,,,,
315600.0,DE-0247,small_airport,Übersberg Airfield,48.4584,9.2977,2570.0,EU,DE,DE-BW,Pfullingen,no,,,,,http://www.flugplatz-uebersberg.de/,,,,,,,,
315605.0,DE-0248,small_airport,Titschendorf Airfield,50.3941,11.5217,2140.0,EU,DE,DE-TH,Wurzbach,no,,,,,,,Segelflugplatz LSC Nordhalben,,,,,,
315681.0,DE-0249,small_airport,Konz-Könen Glider Field,49.675969,6.543002,725.0,EU,DE,DE-SL,Konz,no,,,,,http://www.ac-trier-konz.de,,Segelflugplatz Konz-Könen,,,,,,
315719.0,DE-0250,small_airport,Tauberbischofsheim Glider Field,49.6477,9.6326,940.0,EU,DE,DE-BW,Tauberbischofsheim,no,,,,,http://www.aero-club-tbb.de/file/Willkommen.html,,Segelflugplatz Tauberbischofsheim,,,,,,
315720.0,DE-0251,small_airport,Singhofen Airfield,50.2714,7.8548,980.0,EU,DE,DE-RP,Singhofen,no,,,,,,,,,,,,,
315722.0,DE-0252,small_airport,Nastätten Glider Field,50.198,7.89,1220.0,EU,DE,DE-RP,Nastätten,no,,,,,http://www.aero-club-nastaetten.de/,,,,,,,,
315723.0,DE-0253,small_airport,Montabaur Airfield,50.422638,7.827973,930.0,EU,DE,DE-RP,Westerwald,no,,,,,http://www.lsc-ww.de/,,,,,,,,
315725.0,DE-0254,small_airport,Arnschwang ULM,49.271627,12.778309,1355.0,EU,DE,DE-BY,Arnschwang,no,,,,,,,,,,,,,
315726.0,DE-0255,closed,Erpetshof UL,49.657417,12.293667,,EU,DE,DE-BY,Vohenstrauß,no,,,,,,,,,,,,,
315772.0,DE-0257,closed,Niepars Airfield,54.304566,12.910596,,EU,DE,DE-MV,Niepars,no,,,,,,,,,,,,,
315775.0,DE-0258,small_airport,Neu-Gülze Airfield,53.381,10.804,38.0,EU,DE,DE-MV,Neu-Gülze,no,,,,,http://www.akaflieg-hamburg.de/,,,,,,,,
315786.0,DE-0259,small_airport,Neuruppin Airfield,52.94127,12.78,140.0,EU,DE,DE-BR,Berlin,no,,,,,http://www.ftv-spandau.de/,,,,,,,,
315787.0,DE-0260,small_airport,Mönchsheide Glider Field,50.508023,7.256813,690.0,EU,DE,DE-RP,Bad Breisig,no,,,,,http://www.moenchsheide.de/joomla/,https://de.wikipedia.org/wiki/Segelfluggel%C3%A4nde_M%C3%B6nchsheide,,,,,,,
315793.0,DE-0261,small_airport,Kusel-Langenbach Airfield,49.4779,7.3094,1495.0,EU,DE,DE-RP,Langenbach,no,,,,,http://www.flugsportverein-kusel.de/,,,,,,,,
315794.0,DE-0262,small_airport,Klein Gartz Airfield,52.828,11.316,112.0,EU,DE,DE-ST,Salzwedel,no,,,,,http://www.lsv-salzwedel.de/flugbetrieb/flugplatz.php,,,,,,,,
315796.0,DE-0263,small_airport,Kirn Airfield,49.773,7.5217,1435.0,EU,DE,DE-RP,Kirn,no,,,,,http://www.flugsport-kirn.de/drupal-6.13-DE/node/13,,Meckenbach,,,,,,
315797.0,DE-0264,heliport,Helios Sankt Elisabeth Hospital Bad Kissingen Heliport,50.190243,10.082644,925.0,EU,DE,DE-BY,Bad Kissingen,no,,,,,,,,,,,,,
315799.0,DE-0265,heliport,Kißlegg Autobahn Police Heliport,47.7689,9.8921,2145.0,EU,DE,DE-BW,Kißlegg,no,,,,,,,Kisslegg,,,,,,
315800.0,DE-0266,small_airport,Wangen-Kißlegg Airfield,47.753962,9.86219,2102.0,EU,DE,DE-BW,Wangen im Allgäu,no,,,,,http://www.fsg-wangen.de/,,Kisslegg,,,,,,
315801.0,DE-0267,heliport,Tübingen Trauma Hospital Helipad,48.532951,9.035617,1489.0,EU,DE,DE-BW,Tübingen,no,,,,,,,,,,,,,
315802.0,DE-0268,heliport,Tübingen University Hospital Heliport,48.5297,9.0382,1490.0,EU,DE,DE-BW,Tübingen,no,,,,,,,,,,,,,
315803.0,DE-0269,small_airport,Kammermark Airfield,53.1953,12.1642,280.0,EU,DE,DE-BR,Pritzwalk,no,,,,,http://kammermark.de/,https://de.wikipedia.org/wiki/Segelfluggel%C3%A4nde_Kammermark,,,,,,,
315804.0,DE-0270,small_airport,Grambeker Heide Airfield,53.5834,10.6985,168.0,EU,DE,DE-SH,Mölln,no,,,,,http://www.grambekerheide.de/,,,,,,,,
315805.0,DE-0271,small_airport,Fischbek Airfield,53.4561,9.8317,217.0,EU,DE,DE-HH,Fischbek,no,,,,,http://www.segelflugclub-fischbek.de/,https://de.wikipedia.org/wiki/Segelfluggel%C3%A4nde_Fischbek,,,,,,,
315806.0,DE-0272,small_airport,Eßweiler Airfield,49.5621,7.58,1365.0,EU,DE,DE-RP,Eßweiler,no,,,,,http://www.lsv-essweiler.de/,https://de.wikipedia.org/wiki/Luftsportverein_E%C3%9Fweiler,Essweiler,,,,,,
315843.0,DE-0273,small_airport,Daun-Senheld Glider Field,50.175895,6.857754,1718.0,EU,DE,DE-RP,Mehren,no,,,,,,,,,,,,,
315846.0,DE-0274,small_airport,Dauborn Airfield,50.321667,8.193889,,EU,DE,DE-HE,Hünfelden,no,,,,,,,Flugplatz Dauborn,,,,,,
315847.0,DE-0275,small_airport,Dillingen Airfield,49.3863,6.7493,795.0,EU,DE,DE-SL,Saarlouis,no,,,,,http://www.lsc-dillingen.de/,,,,,,,,
315848.0,DE-0276,small_airport,Antdorf Ultralight Airfield,47.760048,11.304356,2014.0,EU,DE,DE-BY,Antdorf,no,,,,,,,,,,,,,
315850.0,DE-0277,small_airport,Söller Airfield,49.0934,7.7941,995.0,EU,DE,DE-RP,Bundenthal,no,,,,,,,Bundenthal-Rumbach,,,,,,
315852.0,DE-0278,small_airport,Aventoft Airfield,54.8961,8.8208,-10.0,EU,DE,DE-SH,Aventoft,no,,,,,http://www.flugplatz-aventoft.de/,,,,,,,,
315886.0,DE-0279,small_airport,Esslingen-Jägerhaus Airfield,48.762222,9.333889,1625.0,EU,DE,DE-BW,Esslingen,no,,,,,http://www.aero-club-esslingen.de/,,Eßlingen,,,,,,
315891.0,DE-0280,small_airport,Bad Marienberg Airfield,50.6611,8.0276,1792.0,EU,DE,DE-RP,Oberroßbach,no,,,,,http://www.lcm-badmarienberg.de/,,"Hof, Oberroßbach",,,,,,
315892.0,DE-0281,small_airport,Baumerlenbach Airfield,49.231,9.421,800.0,EU,DE,DE-BW,Langenbrettach,no,,,,,http://www.fsg-oehringen.de/,,,,,,,,
315932.0,DE-0282,small_airport,Berneck Airfield,48.5737,9.7291,2480.0,EU,DE,DE-BW,Deggingen,no,,,,,http://www.berneck-segelflug.de/,,,,,,,,
315935.0,DE-0283,small_airport,Auf der Schaufel Ultralight Airfield,51.093889,9.148333,1102.0,EU,DE,DE-NW,Bad Wildungen,no,,,,,,,"UL-Flugplatz ""Auf der Schaufel""",,,,,,
315936.0,DE-0284,small_airport,Roßberg Becherbach Airfield,49.642961,7.6841,,EU,DE,DE-RP,Nußbach,no,,,,,,,Sonderlandeplatz Roßberg Becherbach,,,,,,
315937.0,DE-0285,small_airport,Brakel Airfield,51.738682,9.19977,,EU,DE,DE-NW,Brakel,no,,,,,,,"Flugplatz Brakel, UL-Flugplatz Brakel",,,,,,
315939.0,DE-0286,small_airport,Ernzen Airfield,49.828271,6.434691,1145.0,EU,DE,DE-RP,Ernzen,no,,,,,,,"Flugplatz Emzen, UL-Flugplatz Emzen",,,,,,
315940.0,DE-0287,small_airport,Drensteinfurt Ultralight Airfield,51.767335,7.747003,,EU,DE,DE-NW,Drensteinfurt,no,,,,,,,"UL-Flugplatz Drensteinfurt, Flugplatz Flugschule Thomas Weigel, Thomas Weigel Flight School",,,,,,
315941.0,DE-0288,small_airport,Haiterbach-Nagold Glider Field,48.531389,8.675278,1975.0,EU,DE,DE-BW,Nagold,no,,,,,,,"Haiterbach, Nagold, Segelfluggelände Haiterbach-Nagold",,,,,,
315942.0,DE-0289,small_airport,Imsweiler UL,49.606543,7.795593,950.0,EU,DE,DE-RP,Imsweiler,no,,,EDRQ,,https://fsvi.de/,https://de.wikipedia.org/wiki/Flugplatz_Imsweiler,"Flugplatz Imsweiler, UL-Flugplatz Imsweiler-Donnersberg",,,,,,
315943.0,DE-0290,small_airport,Linnich-Boslar Ultralight Airfield,50.962572,6.33678,341.0,EU,DE,DE-NW,Linnich,no,,,,,,,Boslar,,,,,,
315944.0,DE-0291,small_airport,Morschenich Ultralight Airfield,50.873203,6.552472,338.0,EU,DE,DE-NW,Merzenich,no,,,,,,,Sonderlandeplatz Morschenich,,,,,,
315945.0,DE-0292,small_airport,Paradiek Lohne bei Vechta,52.6680556,8.3213889,102.0,EU,DE,DE-NI,Lohne,no,,,,,,,"Vechta,Paradiek",,,,,,
315946.0,DE-0293,small_airport,Riedlingen Airfield,48.144444,9.466666,1732.0,EU,DE,DE-BW,Riedlingen,no,,,,,http://www.fliegergruppe-riedlingen.de/,,,,,,,,
315949.0,DE-0294,small_airport,Zschorna Ultralight Airfield,51.386455,12.821102,469.0,EU,DE,DE-SN,Lossatal,no,,,,,,,Zschorna UL,,,,,,
315952.0,DE-0296,small_airport,Peiting Airfield,47.757478,10.904481,2457.0,EU,DE,DE-BY,Peiting,no,,,,,,,Peiting UL,,,,,,
315953.0,DE-0297,small_airport,Westhausen Ultralight Airfield,50.304202,10.679784,1001.0,EU,DE,DE-TH,Westhausen,no,,,,,,,,,,,,,
315961.0,DE-0299,small_airport,Boberg Airfield,53.5147,10.1442,2.0,EU,DE,DE-HH,,no,,,,,http://www.hac-boberg.de/,,,,,,,,
315963.0,DE-0301,small_airport,Degmarn Glider Field,49.2579,9.2745,530.0,EU,DE,DE-BW,Oedheim,no,,,,,,,,,,,,,
315989.0,DE-0302,small_airport,Hangensteiner Hof Airfield,48.9328,8.8155,970.0,EU,DE,DE-BW,Mühlacker,no,,,,,http://www.fsc-muehlacker.de/index.php/ueber-uns/flugplatz/4-flugplatz,,,,,,,,
315990.0,DE-0303,small_airport,Haßloch Airfield,49.3553,8.2902,361.0,EU,DE,DE-RP,Haßloch,no,,,,,https://translate.google.com/translate?hl=en&sl=de&u=http://www.duddefliecher.de/index.php/fluggebiete/schlaeppgelaende-hassloch,,,,,,,,
315991.0,DE-0304,small_airport,Hayingen Glider Field,48.2848,9.4657,2328.0,EU,DE,DE-BW,Hayingen,no,,,,,http://www.lsv-hayingen.de/,,,,,,,,
316003.0,DE-0305,small_airport,Heilbronn-Böckingen Glider Field,49.1223,9.1815,525.0,EU,DE,DE-BW,Heilbronn,no,,,,,http://www.fliegergruppe-heilbronn.de/,,,,,,,,
316008.0,DE-0306,small_airport,Hermuthausen Airfield,49.3146,9.7468,1350.0,EU,DE,DE-BW,Ingelfingen,no,,,,,,,,,,,,,
316010.0,DE-0307,small_airport,Hilzingen Airfield,47.7604,8.7683,1493.0,EU,DE,DE-BW,Hilzingen,no,,,,,http://sfg-singen.de/home/,,,,,,,,
316011.0,DE-0308,small_airport,Hornberg Airfield,48.7458,9.8615,2240.0,EU,DE,DE-BW,Schwäbisch Gmünd,no,,,,,http://extern.flg-gd.de/index.php/flugplatz-hornberg,,,,,,,,
316012.0,DE-0309,small_airport,Hülben Airfield,48.5293,9.398,2385.0,EU,DE,DE-BW,Hülben,no,,,,,http://www.fliegergruppehuelben.de/,,Huelben,,,,,,
316016.0,DE-0311,small_airport,Isny Glider Field,47.7002,10.0207,2260.0,EU,DE,DE-BW,Isny im Allgäu,no,,,,,http://www.lsg-isny.de/,,,,,,,,
316017.0,DE-0312,small_airport,Kirchzarten Airfield,47.9509,7.9558,1385.0,EU,DE,DE-BW,Kirchzarten,no,,,,,http://brausegeier.de/,https://de.wikipedia.org/wiki/Segelfluggel%C3%A4nde_Kirchzarten,Segelfluggelände Kirchzarten,,,,,,
316018.0,DE-0313,small_airport,Leibertingen Airfield,48.0445,9.0314,2749.0,EU,DE,DE-BW,Leibertingen,no,,,,,http://www.flugplatz-leibertingen.de/,https://de.wikipedia.org/wiki/Segelfluggel%C3%A4nde_Leibertingen,,,,,,,
316019.0,DE-0314,small_airport,Leuzendorf Glider Field,49.3518,10.0757,1540.0,EU,DE,DE-BW,Schrozberg,no,,,,,http://www.hohenloher-luftsportgruppe.de/,,,,,,,,
316020.0,DE-0315,small_airport,Malmsheim Airfield,48.7847,8.9175,1488.0,EU,DE,DE-BW,Renningen,no,,,,,http://sfcleonberg.de/,https://en.wikipedia.org/wiki/Malmsheim_Airfield,,,,,,,
316021.0,DE-0316,small_airport,Malsch Airfield,49.2375,8.6783,420.0,EU,DE,DE-BW,Heidelberg,no,,,,,http://www.fsg-letzenberg-malsch.de/,,,,,,,,
316022.0,DE-0317,small_airport,Markdorf Glider Field,47.7072,9.391,1388.0,EU,DE,DE-BW,Markdorf,no,,,,,http://www.sfg-markdorf.de/www/,,Segelfluggelände Markdorf,,,,,,
316023.0,DE-0318,small_airport,Möckmühl-Korb Airfield,49.3442,9.401,1148.0,EU,DE,DE-BW,Möckmühl,no,,,,,http://www.flugsportverein-moeckmuehl.de/,,moeckmuehl,,,,,,
316024.0,DE-0319,small_airport,Schreckhof Airfield,49.3513,9.1208,898.0,EU,DE,DE-BW,Mosbach,no,,,,,http://www.fliegermosbach.de/verein/flugplatz/,,Hamberg-Mosbach,,,,,,
316025.0,DE-0320,small_airport,Mülben Airfield,49.456,9.104,1740.0,EU,DE,DE-BW,,no,,,,,http://weird-car.de/lsv/index.php,https://de.wikipedia.org/wiki/Segelfluggel%C3%A4nde_M%C3%BClben,,,,,,,
316026.0,DE-0321,small_airport,Münsingen-Eisberg Airfield,48.4093,9.4425,2385.0,EU,DE,DE-BW,Dottingen,no,,,,,http://www.lsvmuensingen.de/lsv/,,,,,,,,
316027.0,DE-0322,small_airport,Musbach Airfield,48.5027,8.4786,2295.0,EU,DE,DE-BW,Freudenstadt,no,,,,,http://www.fg-freudenstadt.de/wordpress/,,,,,,,,
316029.0,DE-0323,small_airport,Neresheim Gliderfield,48.7417,10.3277,1781.0,EU,DE,DE-BW,Neresheim,no,,,,,http://www.sfg-neresheim.de/index.html,,,,,,,,
316031.0,DE-0324,small_airport,Seißen UL,48.413081,9.766288,,EU,DE,DE-BW,Blaubeuren,no,,,,,,,Seissen,,,,,,
316032.0,DE-0325,closed,Ochsenhausen Airfield,48.0535,9.9189,2135.0,EU,DE,DE-BW,Ochsenhausen,no,,,,,http://www.lsv-ochsenhausen.de/,,,,,,,,
316033.0,DE-0326,small_airport,Oppingen-Au Airfield,48.5566,9.8219,2238.0,EU,DE,DE-BW,Nellingen,no,,,,,http://www.fliegergruppe-gingen.de/sites/flugplatz/flugplatz.html,https://de.wikipedia.org/wiki/Segelfluggel%C3%A4nde_Oppingen-Au,Gingen an der Fils,,,,,,
316037.0,DE-0327,small_airport,Pleidelsheim Airfield,48.9564,9.1914,616.0,EU,DE,DE-BW,Pleidelsheim,no,,,,,http://www.segelflug-pleidelsheim.de/2015/index.php,,"Segelflugplatz Pleidelsheim, Segelfluggelände Pleidelsheim",,,,,,
316045.0,DE-0328,small_airport,Rastatt Airfield,48.8742,8.2129,370.0,EU,DE,DE-BW,Rastatt,no,,,,,http://www.flugplatz-rastatt.de/cms/front_content.php,,Rastatt-Baldenau,,,,,,
316046.0,DE-0329,small_airport,Reiselfingen Airfield,47.8517,8.3715,2450.0,EU,DE,DE-BW,Löffingen,no,,,,,http://www.sfg-reiselfingen.de/,,Segelflugplatz Reiselflingen,,,,,,
316048.0,DE-0330,small_airport,Burgebrach Ultralight Airfield,49.838199,10.778872,,EU,DE,DE-BY,Burgebrach,no,,,,,,,,,,,,,
316050.0,DE-0331,small_airport,Forst-Sengenthal Ultralight Airfield,49.215229,11.400697,,EU,DE,DE-BY,Sengenthal,no,,,,,,,,,,,,,
316051.0,DE-0332,small_airport,Roßfeld Airfield,48.513231,9.3331,2634.0,EU,DE,DE-BW,Metzingen,no,,,,,http://www.lsv-rossfeld.de/home/index.php?,,Rossfeld,,,,,,
316052.0,DE-0333,small_airport,Schäfhalde Airfield,48.6922,10.0995,2075.0,EU,DE,DE-BW,Steinheim am Albuch,no,,,,,http://www.fliegergruppe-heidenheim.de/,,,,,,,,
316053.0,DE-0334,small_airport,Sinsheim Airfield,49.2472,8.8938,525.0,EU,DE,DE-BW,Sinsheim,no,,,EDTK,,http://www.flugsportring-kraichgau.de/,https://de.wikipedia.org/wiki/Segelfluggel%C3%A4nde_Sinsheim,,,,,,,
316054.0,DE-0335,small_airport,Schwann-Conweiler Airfield,48.8382,8.5432,1550.0,EU,DE,DE-BW,Pforzheim,no,,,,,http://www.fsc-pforzheim.de/flugplatz.html,http://www.pfenz.de/wiki/Flugplatz_Schwann-Conweiler,,,,,,,
316121.0,DE-0336,small_airport,Altes Lager Airfield,51.996217,12.973008,322.0,EU,DE,DE-BR,Niedergörsdorf,no,,,,,,https://en.wikipedia.org/wiki/J%C3%BCterbog_Airfield,"Sonderlandeplatz ""Altes Lager"", Jüterbog",,,,,,
316126.0,DE-0337,small_airport,Crawinkel Airfield,50.778494,10.81692,1549.0,EU,DE,DE-TH,Ohrdruf,no,,,,,http://www.flugplatz-crawinkel.de/,,Flugplatz Crawinkel,,,,,,
316129.0,DE-0338,small_airport,Günching UL,49.267765,11.572641,1799.0,EU,DE,DE-BY,Velburg,no,,,,,,,,,,,,,
316132.0,DE-0339,small_airport,Hartenstein-Thierfeld Ultralight Airfield,50.675798,12.678946,1361.0,EU,DE,DE-SN,Zschocken,no,,,,,,,,,,,,,
316136.0,DE-0340,small_airport,Pretzschendorf Ultralight Airfield,50.884038,13.531042,1610.0,EU,DE,DE-SN,Klingenberg,no,,,,,,,,,,,,,
316137.0,DE-0341,small_airport,Sauldorf-Boll Ultrallightport,47.955796,9.029828,2165.0,EU,DE,DE-BY,Sauldorf,no,,,,,,,,,,,,,
316138.0,DE-0342,small_airport,Sulz am Neckar UL,48.34487,8.636649,1772.0,EU,DE,DE-BW,Sulz,no,,,,,,,Sulz-Kastell,,,,,,
316139.0,DE-0343,small_airport,Hasselfelde Airfield,51.704242,10.875735,1644.0,EU,DE,DE-ST,Hasselfelde,no,,,,,,,"Westernstadt, Pullman City",,,,,,
316140.0,DE-0344,small_airport,Göpfersdorf Airfield,50.913871,12.612927,960.0,EU,DE,DE-TH,Göpfersdorf,no,,,,,http://www.flugsportverein-altenburger-land.de/,,Flugplatz Göpfersdorf,,,,,,
316183.0,DE-0345,small_airport,Gundelsheim ULM,49.290832,9.173094,817.0,EU,DE,DE-BW,Gundelsheim,no,,,,,,,,,,,,,
316186.0,DE-0346,small_airport,Hinterweiler Ultralight Airfield,50.24501,6.75542,1996.0,EU,DE,DE-RP,Hinterweiler,no,,,,,http://www.dfc-vulkaneifel.de/,,UL-Flugplatz Hinterweiler,,,,,,
316188.0,DE-0347,small_airport,Möckern-Tryppehna Airfield,52.1773,11.929264,240.0,EU,DE,DE-ST,Möckern,no,,,,,,,,,,,,,
316189.0,DE-0348,small_airport,Roggenhagen Ultralight Airfield,53.670895,13.3999,,EU,DE,DE-MV,Brunn,no,,,,,,,,,,,,,
316244.0,DE-0349,small_airport,Frankendorf Ultralight Airfield,49.836506,11.089082,1686.0,EU,DE,DE-BY,Buttenheim,no,,,,,,,Frankendorf UL,,,,,,
308065.0,DE-0350,closed,Brandis Airbase,51.328383,12.656439,525.0,EU,DE,DE-SN,Brandis,no,,,,,,,"Flugplatz Polenz, Fliegerhorst Waldpolenz, Flugplatz Brandis, Fliegerhorst Brandis",,,,,,
323838.0,DE-0351,balloonport,Bitterfeld Balloonport,51.624671,12.29462,256.0,EU,DE,DE-ST,Bitterfeld,no,,,,,http://www.ballon-bitterfeld.de/,,Ballonflugplatz Bitterfeld,,,,,,
320179.0,DE-0352,closed,Skydive Bad Lippspringe,51.79056,8.786111,,EU,DE,DE-NW,Lippspringe,no,,,,,,,,,,,,,
320213.0,DE-0353,small_airport,Beedeln Ultralight Flightpark,51.007235,12.814543,,EU,DE,DE-SN,Seelitz,no,,,,,,,,,,,,,
320314.0,DE-0355,small_airport,Sonderlandeplatz Meißendorf-Brunsiek,52.7122879,9.8729296,,EU,DE,DE-NI,Meißendorf,no,,,,,http://www.meido.de/,,,,,,,,
320633.0,DE-0356,small_airport,Uehrde Airfield,52.100976,10.737462,415.0,EU,DE,DE-NI,Uehrde,no,,,,,,,,,,,,,
320634.0,DE-0357,small_airport,Brauna Airfield,51.282857,14.055521,587.0,EU,DE,DE-SN,Kamenz,no,,,,,,,"Flugplatz Brauna, UL-Flugplatz Brauna",,,,,,
320635.0,DE-0358,small_airport,Burgheim Airfield,48.692206,11.033122,1332.0,EU,DE,DE-BY,Burgheim,no,,,,,,,,,,,,,
320702.0,DE-0359,small_airport,Fehmarn-Neujellingsdorf Airfield,54.455942,11.109612,,EU,DE,DE-SH,Fehmarn,no,,,,,http://www.fehmarn-air.de,http://de.wipikedia.org/Flugplatz Fehmarn-Neujellingsdorf,"Fehmarn, Skerra, Sonderlandeplatz Fehmarn-Neujellingsdorf",,,,,,
320705.0,DE-0360,small_airport,Katensen private UL strip,52.4411581,10.1661266,,EU,DE,DE-NI,Katensen,no,,,,,,,,,,,,,
320746.0,DE-0361,small_airport,Mellenthin Ultralight Airfield,53.9175,14.0325,66.0,EU,DE,DE-MV,Mellenthin,no,,,,,http://www.usedomerfliegerclub.de/,,Usedom,,,,,,
320747.0,DE-0362,small_airport,Hagen-Hof-Wahl Airfield,51.307116,7.426994,1280.0,EU,DE,DE-NW,Hagen,no,,,,,,,Landeplatz Hagen-Hof-Wahl,,,,,,
320758.0,DE-0363,small_airport,UL-Gelände Bürstadt,49.6558333,8.4747222,230.0,EU,DE,DE-HE,Bürstadt,no,,,,,http://www.igulb.de/,,,,,,,,
320759.0,DE-0364,closed,Crussow Airfield,53.013056,14.071111,180.0,EU,DE,DE-BR,Angermünde,no,,,,,http://www.flugplatzcrussow.de,,Flugplatz Crussow,,,,,,
320760.0,DE-0365,small_airport,Teldau-Amholz Airfield,53.328233,10.832841,25.0,EU,DE,DE-MV,Teldau,no,,,,,http://www.elbeflugschule.de,,Sonderlandeplatz Teldau-Amholz,,,,,,
320778.0,DE-0366,small_airport,Kleinkoschen Ultralight Airfield,51.511841,14.082798,349.0,EU,DE,DE-BR,Senftenberg,no,,,,,,,UL-Flugplatz Kleinkoschen,,,,,,
320790.0,DE-0368,small_airport,Mohorn Airfield,50.997963,13.446165,1173.0,EU,DE,DE-SN,Wilsdruff,no,,,,,,,Sonderlandeplatz Mohorn,,,,,,
320828.0,DE-0369,small_airport,Wertheim Airfield,49.72579,9.506707,1000.0,EU,DE,DE-BW,Wertheim,no,,,,,http://www.Flugplatz-Wertheim.de,,Flugplatz Wertheim,,,,,,
320854.0,DE-0370,small_airport,Schwarzenbach-Sötern Ultralight Airfield,49.591944,7.031389,1509.0,EU,DE,DE-SL,Nonnweiler,no,,,,,,,,,,,,,
320859.0,DE-0371,small_airport,Offenbüttel Ultralight Airfield,54.175833,9.378056,6.0,EU,DE,DE-SH,Offenbüttel,no,,,,,,,Thode,,,,,,
320860.0,DE-0372,small_airport,Altenbeuthen UL,50.592206,11.588424,1715.0,EU,DE,DE-TH,Altenbeuthen,no,,,,,http://www.flugzentrum.com,,,,,,,,
320889.0,DE-0373,heliport,Günzburg Hospital Helipad,48.4581,10.291601,1554.0,EU,DE,DE-BY,Günzburg,no,,,,,,,,,,,,,
320890.0,DE-0374,heliport,Legoland Helipad,48.4259,10.298503,1565.0,EU,DE,DE-BY,Günzburg,no,,,,,,,,,,,,,
320891.0,DE-0375,closed,Wilhelmsburg Barracks Heliport,48.414099,9.981372,1900.0,EU,DE,DE-BW,Ulm,no,,,,,,,Hubschrauberlandeplatz Wilhelmsburg-Kaserne,,,,,,
320896.0,DE-0376,small_airport,Mittelfischach Ultralight Airfield,49.034134,9.871645,1263.0,EU,DE,DE-BW,Obersontheim,no,,,,,,,,,,,,,
320897.0,DE-0377,small_airport,Waltrop Ultralight Airfield,51.640381,7.426479,161.0,EU,DE,DE-NW,Waltrop,no,,,,,,,Sonderlandeplatz Waltrop,,,,,,
320906.0,DE-0378,small_airport,Schlierstadt-Seligenberg Airfield,49.443554,9.361944,1148.0,EU,DE,DE-BW,Osterburken,no,,,,,http://southsidebase.de,,South Side Base,,,,,,
320912.0,DE-0379,small_airport,Litzlohe UL,49.351883,11.488491,1876.0,EU,DE,DE-BY,Pilsach auf der Heid,no,,,,,,,"Litzlohe, UL-Flugplatz Litzlohe",,,,,,
320913.0,DE-0380,small_airport,Eimbeckhausen Airfield,52.225832,9.425161,538.0,EU,DE,DE-NI,Bad Münder,no,,,,,,,,,,,,,
320930.0,DE-0381,small_airport,Straßham Ultralight Airfield,48.179722,11.927222,1690.0,EU,DE,DE-BY,Forstern,no,,,,,http://www.rundfluege-muenchen.de/,,,,,,,,
320931.0,DE-0382,small_airport,Unterschwaningen Ultralight Airfield,49.086013,10.634766,1500.0,EU,DE,DE-BY,Unterschwaningen,no,,,,,,,,,,,,,
320937.0,DE-0383,small_airport,Bredstedt Airfield,54.633425,8.985745,92.0,EU,DE,DE-SH,Bredstedt,no,,,,,,,"Breezer, Flugplatz Bredstedt",,,,,,
320941.0,DE-0384,heliport,Kemnitz Heliport,54.0824235,13.5361492,,EU,DE,DE-MV,Kemnitz,no,,,,,http://www.heliflight-vorpommern.de,,,,,,,,
320993.0,DE-0385,small_airport,Fresh Breeze UL,52.518069,9.732115,187.0,EU,DE,DE-NI,Bissendorf,no,,,,,,,,,,,,,
320994.0,DE-0386,small_airport,Everswinkel Ultralight Airfield,51.884444,7.838056,194.0,EU,DE,DE-NW,Everswinkel,no,,,,,,,,,,,,,
320995.0,DE-0387,small_airport,Geilsheim UL,49.024268,10.660071,1565.0,EU,DE,DE-BY,Wassertrüdingen,no,,,,,,,,,,,,,
321028.0,DE-0388,small_airport,Plötzin Airfield,52.355651,12.824854,164.0,EU,DE,DE-BR,Plötzin,no,,,,,http://user.cs.tu-berlin.de/~mvr/ploetzin/,,Flugplatz Plötzin,,,,,,
321055.0,DE-0389,small_airport,Metelen Ultralight Airfield,52.15949,7.241294,160.0,EU,DE,DE-NW,Metelen,no,,,,,http://www.ul-metelen.de,,"Flugplatz Metelen, UL Metelen",,,,,,
321056.0,DE-0390,small_airport,Dorstadt Ultralight Airfield,52.099876,10.550802,351.0,EU,DE,DE-NI,Dorstadt,no,,,,,http://www.rittergut-dorstadt.de/flugplatz/,,,,,,,,
321125.0,DE-0391,small_airport,Malsch-Ettlingen Ultralight Flightpark,48.901667,8.328333,387.0,EU,DE,DE-BW,Malsch,no,,,,,,,,,,,,,
321127.0,DE-0392,small_airport,Weidberg-Kaltenwestheim Ultralight Airfield,50.608674,10.087069,2034.0,EU,DE,DE-TH,Kaltennordheim,no,,,,,,,,,,,,,
321128.0,DE-0393,small_airport,Dörzbach-Hohebach Ultralight Flightpark,49.350308,9.715267,1320.0,EU,DE,DE-BW,Dörzbach,no,,,,,http://www.ul-verein.de,,,,,,,,
321129.0,DE-0394,small_airport,Morbach Ultralight Airfield,49.033929,9.589713,1624.0,EU,DE,DE-BW,Großerlach,no,,,,,,,,,,,,,
321189.0,DE-0395,small_airport,Sonderlandeplatz Kremmen-Hohenbruch UL,52.797548,13.102406,120.0,EU,DE,DE-BR,Kremmen,no,,,,,http://www.flugplatz-kremmen.de/,,,,,,,,
321190.0,DE-0396,small_airport,Kunrau-Jahrstedt Ultralight Airfield,52.567273,10.994203,218.0,EU,DE,DE-ST,Klötze,no,,,,,,,,,,,,,
321210.0,DE-0397,small_airport,Deisterflieger UL,52.2941978,9.3773282,,EU,DE,DE-NI,,no,,,,,,,,,,,,,
321215.0,DE-0398,small_airport,Neuenstadt am Kocher Ultralight Airfield,49.242661,9.316724,617.0,EU,DE,DE-BW,Neuenstadt am Kocher,no,,,,,http://www.schlosserei-froehlich.de/flugplatz,,,,,,,,
321216.0,DE-0399,small_airport,Hoym Airfield,51.777931,11.285309,472.0,EU,DE,DE-ST,Seeland,no,,,,,,,"Flugplatz Hoym, Ultraleichtflugschule Hoym-Peter Eckstein",,,,,,
321230.0,DE-0400,small_airport,Niederwillingen Airfield,50.780019,11.050058,1329.0,EU,DE,DE-TH,Stadtilm,no,,,,,,,,,,,,,
321249.0,DE-0401,small_airport,Oberrot-Glashofen UL,49.01005,9.638593,1574.0,EU,DE,DE-BW,Oberrot,no,,,,,http://www.ulv-oberrot.de,,,,,,,,
321284.0,DE-0402,small_airport,Donstorf UL,52.655,8.556944,128.0,EU,DE,DE-NI,,no,,,,,,,,,,,,,
321359.0,DE-0403,small_airport,Ohlsbach Ultralight Airfield,48.433145,7.972054,525.0,EU,DE,DE-BW,Offenburg,no,,,,,http://www.ortenauer-dgf.de/,,,,,,,,
321360.0,DE-0404,small_airport,Walxheim-Unterschneidheim UL,48.953631,10.323716,1690.0,EU,DE,DE-BW,Unterschneidheim,no,,,,,http://www.fliegervereinwalxheim.de,,,,,,,,
321379.0,DE-0405,small_airport,Naunheim / Maifeld Ultralight Airfield,50.258215,7.332162,700.0,EU,DE,DE-RP,Naunheim,no,,,,,http://www.aerodrom.de,,,,,,,,
321449.0,DE-0406,closed,Drachenflugplatz Welver Ultralight Airfield,51.617628,7.936072,325.0,EU,DE,DE-NW,Illingen-Welver,no,,,,,,,,,,,,,
321500.0,DE-0407,small_airport,Gemen-Kirchspiel Ultralight Airfield,51.878889,6.855278,164.0,EU,DE,DE-NW,Borken,no,,,,,http://www.motorschirm-muensterland.de,,,,,,,,
321578.0,DE-0408,small_airport,Schwaigern/Stetten UL,49.141667,8.9875,755.0,EU,DE,DE-BW,Schwaigern,no,,,,,,,"Ul Schwaigern Stetten,  EDSWAG , Flugplatz Stetten, Schwaigern",,,,,,
322105.0,DE-0409,small_airport,Gersdorf Ultralight Airfield,49.03187,11.141181,1804.0,EU,DE,DE-BY,Nennslingen,no,,,,,http://an03369.hp.altmuehlnet.de,,,,,,,,
324582.0,DE-0410,heliport,Rupin Hospital Helipad,52.9039727,12.7963431,,EU,DE,DE-BR,Ruppin,no,,,,,,,,,,,,,
325169.0,DE-0411,small_airport,Hohenstein UL,51.533636,10.57889,,EU,DE,DE-TH,Hohenstein,no,,,,,,,,,,,,,
326221.0,DE-0412,small_airport,Gössenheim Ultralight Airfield,50.028245,9.772232,738.0,EU,DE,DE-BY,Gössenheim,no,,,,,https://www.facebook.com/igulgoesse/,,"Gössenheim, UL, Ultra Leicht, UL Flugfeld Gössenheim, Ultraleicht-Flugplatz Gössenheim",,,,,,
326618.0,DE-0413,small_airport,Obersöllbach Ultralight Airfield,49.183183,9.559103,,EU,DE,DE-BW,Neuenstein,no,,,,,,,,,,,,,
327063.0,DE-0414,small_airport,Brodau Cropduster Strip,51.4987,12.32983,341.0,EU,DE,DE-SN,Delitsch,no,,,,,,,Agrarflugplatz Brodau,,,,,,
327064.0,DE-0415,small_airport,Laussig Agricultural Airstrip,51.535632,12.642359,,EU,DE,DE-SN,Laussig,no,,,,,,,"EXMB, Agrarflugplatz Laußig, Laußig",,,,,,
328934.0,DE-0416,closed,Maurice Rose Army Air Field,50.177008,8.658793,,EU,DE,DE-HE,Frankfurt am Main,no,,,,,,https://de.wikipedia.org/wiki/Alter_Flugplatz_(Frankfurter_Gr%C3%BCng%C3%BCrtel),"EDEN, Old Bonames Airfield",,,,,,
328937.0,DE-0417,closed,Rebstock Airfield,50.111029,8.613238,,EU,DE,DE-HE,Frankfurt am Main,no,,,,,,https://de.wikipedia.org/wiki/Frankfurt-Rebstock,,,,,,,
329127.0,DE-0418,heliport,DRF Air Rescue München Heliport,48.110558,11.465242,1791.0,EU,DE,DE-BY,München,no,,,,,,,,,,,,,
329130.0,DE-0419,closed,Heidelberg Army Helicopter Base,49.392397,8.651935,,EU,DE,DE-BW,Heidelberg,no,,,,,,,"ETIE, ETIE, HDB",,,,,,
329248.0,DE-0420,heliport,Greifswald Hospital Heliport,54.089077,13.408176,,EU,DE,DE-MV,,no,,,,,,,,,,,,,
329249.0,DE-0421,heliport,Neustrelitz Heliport,53.3821208,13.0521218,,EU,DE,DE-MV,,no,,,,,,,,,,,,,
329257.0,DE-0422,heliport,Aachen Hospital Heliport,50.775674,6.044372,,EU,DE,DE-NW,Aachen,no,,,,,,,Rettende Hand,,,,,,
329299.0,DE-0423,heliport,Bad Saarow Hospital Heliport,52.284419,14.06036,,EU,DE,DE-BR,,no,,,,,,,,,,,,,
329393.0,DE-0424,closed,Meyenburg Cropduster Airstrip,53.3101318,12.2514551,,EU,DE,DE-MV,,no,,,,,,,,,,,,,
331680.0,DE-0425,small_airport,Machern Cropduster Strip,51.35862,12.611778,515.0,EU,DE,DE-SN,Machern,no,,,,,,,Agrar-Flugfeld Machern,,,,,,
330770.0,DE-0426,small_airport,Freyenstein UL,53.2752777,12.3661111,310.0,EU,DE,DE-BR,,no,,,,,,,Trapp Technologie Horst Trapp,,,,,,
333985.0,DE-0427,small_airport,Zwochau Cropduster Strip,51.46339,12.23996,,EU,DE,DE-SN,Wiedemar,no,,,,,,,,,,,,,
331187.0,DE-0428,closed,Böblingen/Sindelfingen Airfield,48.689544,8.996193,,EU,DE,DE-BW,Böblingen,no,,,,,,https://en.wikipedia.org/wiki/B%C3%B6blingen_Airport,"Böblingen Airport, PHM",,,,,,
331188.0,DE-0429,heliport,Böblingen Hospital Heliport,48.690553,9.03221,1683.0,EU,DE,DE-BW,Böblingen,no,,,,,,https://de.wikipedia.org/wiki/Flugfeld_(Stadtteil),PHM,,,,,,
331189.0,DE-0430,heliport,Sindelfingen Hospital Heliport,48.71495,9.02438,,EU,DE,DE-BW,Sindelfingen,no,,,,,,,,,,,,,
331258.0,DE-0431,heliport,Oldenburg Police Heliport,53.2162096,8.2177713,,EU,DE,DE-NI,,no,,,,,,,,,,,,,
331281.0,DE-0432,small_airport,Gerbstedt Airstrip,51.636832,11.614951,,EU,DE,DE-ST,Gerbstedt,no,,,,,,,,,,,,,
334173.0,DE-0433,small_airport,Parchim Sport Airfield,53.41861,11.80167,,EU,DE,DE-MV,Parchim,no,,,,,,,"Luftsportverein Parchim, Sportflugplatz Parchim",,,,,,
334188.0,DE-0434,heliport,Christoph 12 Luftrettungszentrum,54.034939,10.562518,,EU,DE,DE-SH,,no,,,,,,,,,,,,,
334707.0,DE-0435,small_airport,Kolitzheim-Herleshof Airfield,49.920062,10.258141,751.0,EU,DE,DE-BY,Kolitzheim,no,,,,,,,Flugplatz Kolitzheim-Herleshof,,,,,,
350530.0,DE-0436,small_airport,Heimatshofen Private Airstrip UL,47.95773,11.82082,,EU,DE,DE-BY,,no,,,,,,,,,,,,,
336792.0,DE-0437,heliport,Luftrettungszentrum Bielefeld,51.982693,8.528706,,EU,DE,DE-NW,Bielefeld,no,,,,,,,,,,,,,
336888.0,DE-0438,closed,Basepohl Airfield,53.747388,12.950649,,EU,DE,DE-MV,Stavenhagen,no,,,,,,,"Basepohl, Heliport, Airfield",,,,,,
336937.0,DE-0439,closed,Einstazhafen Kaltenkirchen Airfield,53.825327,9.904432,,EU,DE,DE-SH,Kaltenkirchen,no,,,,,,,,,,,,,
2209.0,DE-0440,closed,Berlin-Schönefeld Airport,52.380001,13.5225,157.0,EU,DE,DE-BR,Berlin,no,,,,,,https://en.wikipedia.org/wiki/Berlin-Sch%C3%B6nefeld_International_Airport,"BER, EDDB, ETBS, Schoenefeld, Terminal 5, SXF",,,,,,
337060.0,DE-0441,closed,Borkheide Airfield,52.23364,12.84742,,EU,DE,DE-BR,Borkheide,no,,,,,,,Flugplatz Borkheide,,,,,,
337335.0,DE-0442,heliport,Sankt Elisabeth Hospital Iserlohn Heliport,51.380347,7.690685,831.0,EU,DE,DE-NW,Iserlohn,no,,,,,,,,,,,,,
339905.0,DE-0443,small_airport,Marbach-Rielingshausen Airfield,48.967714,9.322093,981.0,EU,DE,DE-BW,Marbach am Neckar,no,,,,,,,,,,,,,
340434.0,DE-0444,heliport,Borkum Heliport,53.566654,6.755764,,EU,DE,DE-NI,Borkum,no,,,,,,,,,,,,,
341228.0,DE-0445,small_airport,Felling Airfield,48.07159,12.13531,-2.0,EU,DE,DE-BY,Edling,no,,,,,,,Flugplatz Felling,,,,,,
341522.0,DE-0446,heliport,Rhein-Maas Hospital Heliport,50.814876,6.143212,,EU,DE,DE-NW,Würselen,no,,,,,,,,,,,,,
343912.0,DE-0447,small_airport,Bruchsal dropzone,49.0975,8.59495,,EU,DE,DE-BW,,no,,,,,https://www.fsc-bruchsal.de/dropzone,,,,,,,,
343923.0,DE-0448,balloonport,Köln-Sülz Balloonport,50.91305,6.89627,177.0,EU,DE,DE-NW,Köln (Cologne),no,,,,,,,Freiballon-Startplatz Köln-Sülz,,,,,,
343996.0,DE-0449,closed,Berlin-Staaken Airport,52.53446,13.11579,108.0,EU,DE,DE-BR,Dallgow-Döberitz,no,,,,,,,,,,,,,
344307.0,DE-0450,heliport,Duisburg Air Rescue Heliport (Christoph 9),51.380215,6.787303,112.0,EU,DE,DE-NW,Duisburg,no,,,,,,,,,,,,,
344642.0,DE-0451,heliport,Düdinghausen Auxiliary Helicopter Base,52.58029,8.93266,,EU,DE,DE-NI,Steyerberg,no,,,,,,,"ETHB, HB02, Hubschruberlandeplatz Düdinghausen",,,,,,
344827.0,DE-0452,closed,Fallschirmsportclub Oberhausen,49.5491,9.95173,,EU,DE,DE-BY,Oberhausen,no,,,,,,,,,,,,,
345228.0,DE-0453,small_airport,Starnberg-Landstetten Airfield,47.981058,11.243291,,EU,DE,DE-BY,Starnberg,no,,,,,,,,,,,,,
348414.0,DE-0454,small_airport,Maroldsweisach Airstrip,50.19933,10.75923,1102.0,EU,DE,DE-BY,Maroldsweisach,no,,,,,,,,,,,,,
348975.0,DE-0455,small_airport,Feuchtwangen Private Airstrip,49.194288,10.379262,1693.0,EU,DE,DE-BY,Feuchtwangen,no,,,,,,,,,,,,,
2215.0,DE-0456,closed,Berlin Tempelhof International Airport,52.472451,13.404599,167.0,EU,DE,DE-BE,Berlin,no,,,,,,https://en.wikipedia.org/wiki/Tempelhof_International_Airport,"BER, EDDI, THF",,,,,,
350927.0,DE-0457,heliport,Bonn University Hospital Heliport,50.701752,7.102408,,EU,DE,DE-NW,Bonn,no,,,,,,,,,,,,,
352812.0,DE-0458,heliport,Berlin Emergency Hospital Heliport,52.51926,13.56769,233.0,EU,DE,DE-BE,Berlin,no,,,,,,,,,,,,,
352814.0,DE-0459,heliport,Helios Clinic Berlin-Buch Heliport,52.63,13.51039,,EU,DE,DE-BE,Berlin,no,,,,,,,,,,,,,
352815.0,DE-0460,heliport,Vivantes Humboldt Clinic Heliport,52.59042,13.30846,118.0,EU,DE,DE-BE,Berlin,no,,,,,,,,,,,,,
352816.0,DE-0461,heliport,Charité Clinic Virchow Campus Heliport,52.54049,13.34266,131.0,EU,DE,DE-BE,Berlin,no,,,,,,,,,,,,,
352817.0,DE-0462,heliport,Vivantes Freidrichshain Clinic Heliport,52.52701,13.43915,194.0,EU,DE,DE-BE,Berlin,no,,,,,,,,,,,,,
352818.0,DE-0463,heliport,Berlin Tempelhof Heliport,52.48243,13.39561,157.0,EU,DE,DE-BE,Berlin,no,,,,,,,,,,,,,
352819.0,DE-0464,heliport,Charité Clinic Benjamin Franklin Campus Heliport,52.44135,13.32286,128.0,EU,DE,DE-BE,Berlin,no,,,,,,,,,,,,,
352821.0,DE-0465,heliport,Havelhöhe Medical Heliport,52.46104,13.16276,177.0,EU,DE,DE-BE,Berlin,no,,,,,,,,,,,,,
353307.0,DE-0466,closed,Bardenitz Heliport,52.07595,12.96762,213.0,EU,DE,DE-BR,Treuenbritzen,no,,,,,,,,,,,,,
353308.0,DE-0467,heliport,Ernst von Bergmann Clinic Heliport,52.40015,13.06554,,EU,DE,DE-BR,Potsdam,no,,,,,,,,,,,,,
353759.0,DE-0468,heliport,ADAC Air Rescue Center Heliport (Christoph 1),48.083663,11.559414,1853.0,EU,DE,DE-BY,München,no,,,,,,,,,,,,,
353760.0,DE-0469,heliport,Murnau Accident Hospital Heliport,47.67214,11.215452,2227.0,EU,DE,DE-BY,Murnau am Staffelsee,no,,,,,,,"BGU, Berufsgenossenschaftliche, ADAC Luftrettungszentrum Christoph Murnau, BG Unfallklinik Murnau Heliport",,,,,,
353761.0,DE-0470,heliport,DRF Air Rescue Station Regensburg / Regensburg University Hospital Heliport,48.987064,12.09297,1325.0,EU,DE,DE-BY,Regensburg,no,,,,,,https://de.wikipedia.org/wiki/Christoph_Regensburg,,,,,,,
353762.0,DE-0471,heliport,Rechts der Isar University Hospital Heliport,48.136011,11.600677,1725.0,EU,DE,DE-BY,München,no,,,,,,,Klinikum rechts der Isar der Technischen Universität München,,,,,,
353763.0,DE-0472,heliport,München Bogenhausen Hospital Heliport,48.154309,11.626185,1719.0,EU,DE,DE-BY,München,no,,,,,,,,,,,,,
353764.0,DE-0473,heliport,Deutsches Herzzentrum München Heliport,48.152786,11.548548,1715.0,EU,DE,DE-BY,München,no,,,,,,,German Heart Center Munich,,,,,,
353765.0,DE-0474,heliport,München South Surgical Hospital Heliport,48.103039,11.548246,1725.0,EU,DE,DE-BY,München,no,,,,,,,Artemed Klinikum München Süd,,,,,,
353766.0,DE-0475,heliport,Aussenlandeplatz Innenstadtkliniken Goetheplatz,48.133208,11.562263,1725.0,EU,DE,DE-BY,München,no,,,,,,,,,,,,,
353767.0,DE-0476,heliport,Garmisch-Partenkirchen Clinic Heliport,47.484399,11.129059,2421.0,EU,DE,DE-BY,Garmisch-Partenkirchen,no,,,,KGP,,,,,,,,,
353834.0,DE-0477,small_airport,Kreuzebra Ultralight Airfield,51.33262,10.25527,1562.0,EU,DE,DE-TH,Dingelstädt,no,,,,,,,,,,,,,
354102.0,DE-0478,small_airport,Teck Glider Field,48.608753,9.474184,1214.0,EU,DE,DE-BW,Dettingen unter Teck,no,,,,,https://www.flg-dettingen.de/,https://de.wikipedia.org/wiki/Segelfluggel%C3%A4nde_Teck,Segelfluggelände Teck,,,,,,
354337.0,DE-0479,closed,Fliegerhorst Neubiberg,48.072057,11.635852,1808.0,EU,DE,DE-BY,Unterhaching,no,,,,,,https://de.wikipedia.org/wiki/Fliegerhorst_Neubiberg,,,,,,,
354384.0,DE-0480,small_airport,Sollach Airstrip,47.9062,11.76946,,EU,DE,DE-BY,Valley,no,,,,,,,,,,,,,
354463.0,DE-0481,closed,Eschborn Air Base,50.135764,8.549981,443.0,EU,DE,DE-HE,Eschborn,no,,,,,https://www.fliegerhorst-eschborn.de/eschborn-air-base/,https://en.wikipedia.org/wiki/Eschborn_Airfield,"Y74, Y74",,,,,,
354885.0,DE-0482,heliport,Lehnin Military Training Area Heliport,52.226452,12.807269,187.0,EU,DE,DE-BR,Brück,no,,,,,,,,,,,,,
354886.0,DE-0483,heliport,Lehnin Military Training Area Fläming Barracks Heliport,52.213658,12.798691,177.0,EU,DE,DE-BR,Brück,no,,,,,,,,,,,,,
355092.0,DE-0484,heliport,IABG Helipad,51.609169,8.935168,,EU,DE,DE-NW,Lichtenau,no,,,,,,,,,,,,,
355093.0,DE-0485,heliport,Dresden Federal Police Heliport,51.133696,13.773546,,EU,DE,DE-SN,Dresden,no,,,,,,,Bundespolizei Dresden,,,,,,
355232.0,DE-0486,heliport,Christoph  Westfalen-ADAC,52.123376,7.690313,50.0,EU,DE,DE-NW,Greven,no,,,,,,,,,,,,,
355233.0,DE-0487,heliport,ADAC Air Rescue Station Rheine Heliport (Christoph Europa 2),52.277279,7.431425,40.0,EU,DE,DE-NW,Rheine,no,,,,,,,,,,,,,
355419.0,DE-0488,heliport,Luftstützpunkt Meppen Heliport,52.72632,7.32988,72.0,EU,DE,DE-NI,49716 Meppen,no,,,,,,,,,,,,,
355544.0,DE-0489,heliport,Reinbek St. Adolf-Stift Hospital Helipad,53.508943,10.24186,25.0,EU,DE,DE-SH,Reinbek,no,,,,,,,,,,,,,
355548.0,DE-0490,heliport,Bethesda Hospital Helipad,53.48615,10.234677,95.0,EU,DE,DE-HH,Bergedorf,no,,,,BKB,https://www.klinik-bergedorf.de/start,,,,,,,,
355552.0,DE-0491,heliport,Wilhelmstift Catholic Children's Hospital Helipad,53.587442,10.164236,80.0,EU,DE,DE-HH,Hamburg,no,,,,KKKW,,https://de.wikipedia.org/wiki/Katholisches_Kinderkrankenhaus_Wilhelmstift,,,,,,,
355553.0,DE-0492,heliport,Hamburg Military Hospital Helipad,53.596875,10.077857,56.0,EU,DE,DE-HH,Hamburg,no,,,,BWK,https://hamburg.bwkrankenhaus.de/startseite.html,https://de.wikipedia.org/wiki/Bundeswehrkrankenhaus_Hamburg,,,,,,,
355554.0,DE-0493,heliport,Johanniter Hospital Heliport,53.431836,10.385492,205.0,EU,DE,DE-SH,Geestacht,no,,,,,https://www.johanniter.de/en/the-johanniter-clinics/johanniter-krankenhaus-geesthacht/,https://de.wikipedia.org/wiki/Johanniter-Krankenhaus_Geesthacht,,,,,,,
355555.0,DE-0494,heliport,Asklepios Hospital Harburg Helipad,53.459786,9.950835,210.0,EU,DE,DE-HH,Hamburg,no,,,,AKHAR,https://www.asklepios.com/hamburg/harburg/,,,,,,,,
355556.0,DE-0495,heliport,Asklepios Hospital Altona Heliport,53.555431,9.902346,85.0,EU,DE,DE-HH,Hamburg,no,,,,AKHA,https://www.asklepios.com/hamburg/altona/,https://de.wikipedia.org/wiki/Asklepios_Klinik_Altona,,,,,,,
355557.0,DE-0496,heliport,University of Hamburg Medical Center Eppendorf Helipad,53.591518,9.973955,200.0,EU,DE,DE-HH,Hamburg,no,,,,,,https://en.wikipedia.org/wiki/University_Medical_Center_Hamburg-Eppendorf,,,,,,,
356378.0,DE-0497,heliport,Frankfurt Westside Heliport,50.089619,8.585571,312.0,EU,DE,DE-HE,Frankfurt am Main,no,,,,,,,,,,,,,
28689.0,DE-0498,closed,Flugplatz Peine-Eddesse,52.4025,10.228889,249.0,EU,DE,DE-NI,Peine,no,,,,,,http://de.wikipedia.org/wiki/Flugplatz_Peine-Eddesse,EDVP,,,,,,
504916.0,DE-0499,small_airport,Tangeln Private Airstrip,52.66652,11.012335,,EU,DE,DE-ST,Beetzendorf,no,,,,,,,,,,,,,
507041.0,DE-0500,heliport,Helios Clinic Wiesbaden Heliport,50.08687,8.27111,581.0,EU,DE,DE-HE,Wiesbaden,no,,,,,,,German Diagnostic Clinic (DKD),,,,,,
507042.0,DE-0501,heliport,Helios Horst Schmidt Clinic (HSK) Heliport,50.0636,8.18951,686.0,EU,DE,DE-HE,Wiesbaden,no,,,,,,,,,,,,,
507044.0,DE-0502,heliport,Benedictus Hospital Heliport,47.905973,11.276472,1952.0,EU,DE,DE-BY,Tutzing,no,,,,,,,,,,,,,
507045.0,DE-0503,heliport,Wolfratshausen District Clinic Heliport,47.91171,11.429508,1895.0,EU,DE,DE-BY,Wolfratshausen,no,,,,KKWR,,,,,,,,,
507046.0,DE-0504,heliport,Asklepios Clinic Bad Tölz Heliport,47.755941,11.551597,2160.0,EU,DE,DE-BY,Bad Tölz,no,,,,,,,,,,,,,
507047.0,DE-0505,heliport,Agatharied Hospital Heliport,47.768412,11.82824,2440.0,EU,DE,DE-BY,Hausham,no,,,,HAR,,,,,,,,,
507048.0,DE-0506,heliport,RoMed Hospital Rosenheim Heliport,47.860402,12.132213,1545.0,EU,DE,DE-BY,Rosenheim,no,,,,,,,,,,,,,
507049.0,DE-0507,heliport,Wasserburg District Hospital Heliport,48.063371,12.213101,1570.0,EU,DE,DE-BY,Wasserburg am Inn,no,,,,,,,Hubschrauberlandeplatz Wasserburg Kreisklinik,,,,,,
507050.0,DE-0508,heliport,Lübbecke Hospital Heliport,52.29628,8.60262,338.0,EU,DE,DE-NW,Lübbecke,no,,,,,,,,,,,,,
507833.0,DE-0509,heliport,Agaplesion Markus Hospital Heliport,50.13542,8.64781,420.0,EU,DE,DE-HE,Frankfurt am Main,no,,,,,,,,,,,,,
507834.0,DE-0510,heliport,Frankfurt University Hospital Heliport,50.095651,8.662482,390.0,EU,DE,DE-HE,Frankfurt am Main,no,,,,UMF,,,,,,,,,
507835.0,DE-0511,heliport,Frankfurt University Hospital Neurology Clinic Heliport,50.09148,8.64743,325.0,EU,DE,DE-HE,Frankfurt am Main,no,,,,,,,,,,,,,
507836.0,DE-0512,heliport,Northwest Hospital Heliport,50.150067,8.61875,375.0,EU,DE,DE-HE,Frankfurt am Main,no,,,,,,,,,,,,,
507837.0,DE-0513,heliport,Hochtaunus Hospital Helipad,50.212395,8.619153,640.0,EU,DE,DE-HE,Bad Homburg,no,,,,HTK,,,Oberursel,,,,,,
509620.0,DE-0514,small_airport,Sassberg Glider Field,51.90246,10.70052,,EU,DE,DE-ST,Veckenstedt,no,,,,,,,,,,,,,
511376.0,DE-0515,small_airport,Bibergau Ultralight Airfield,49.80707,10.11947,906.0,EU,DE,DE-BY,Dettelbach,no,,,,,,,UL-Flugplatz Bibergau,,,,,,
511660.0,DE-0516,heliport,Dresden Neustadt Hospital Heliport,51.090019,13.709502,361.0,EU,DE,DE-SN,Dresden,no,,,,,,,,,,,,,
511937.0,DE-0517,heliport,Würzburg University Hospital Straubmühlweg Heliport,49.80971,9.95594,823.0,EU,DE,DE-BY,Würzburg,no,,,,,,,,,,,,,
512275.0,DE-0518,closed,Casino Army Heliport AHP,50.127672,8.666064,402.0,EU,DE,DE-HE,Frankfurt am Main,no,,,,,,,EDOL,,,,,,
512276.0,DE-0519,closed,Friedberg Army Heliport,50.333723,8.734264,488.0,EU,DE,DE-HE,Friedberg,no,,,,,,,EDEV,,,,,,
512277.0,DE-0520,closed,Kassel-Waldau Airfield,51.280833,9.505278,492.0,EU,DE,DE-HE,Kassel,no,,,,,,https://de.wikipedia.org/wiki/Flugplatz_Kassel-Waldau,,,,,,,
512280.0,DE-0521,closed,Thunder Pad / Savage Pad,50.320833,8.748889,492.0,EU,DE,DE-HE,Friedberg,no,,,,,,,,,,,,,
512281.0,DE-0522,closed,Kassel  Mittelfeld,51.33505,9.484347,580.0,EU,DE,DE-HE,Kassel,no,,,,,,,EDVM,,,,,,
513669.0,DE-0523,heliport,Passau Clinic Heliport,48.563516,13.444771,1007.0,EU,DE,DE-BY,Passau,no,,,,,,,Hubschrauberlandeplatz Klinikum Passau,,,,,,
513714.0,DE-0524,heliport,ADAC Air Rescue Station Senftenberg Heliport,51.530666,13.988192,390.0,EU,DE,DE-BR,Senftenberg,no,,,,,,,,,,,,,
513843.0,DE-0525,heliport,Nennig Heliport,49.53668,6.38792,607.0,EU,DE,DE-SL,Nennig,no,,,,,,,,,,,,,
513848.0,DE-0526,heliport,Nürburgring Heliport,50.331241,6.943107,2021.0,EU,DE,DE-RP,Nürburg,no,,,,,,,,,,,,,
513870.0,DE-0527,heliport,Spiekeroog Emergency Heliport,53.766643,7.698197,8.0,EU,DE,DE-NI,Spiekeroog,no,,,,,,,,,,,,,
513980.0,DE-0528,heliport,Dresden University Hospital Heliport,51.05757,13.78001,,EU,DE,DE-SN,Dresden,no,,,,,,,,,,,,,
513981.0,DE-0529,heliport,Dresden Elbwiesen Heliport,51.06144,13.78079,381.0,EU,DE,DE-SN,Dresden,no,,,,,,,,,,,,,
513983.0,DE-0530,heliport,Coswig Specialty Hospital Heliport,51.13189,13.5931,410.0,EU,DE,DE-SN,Coswig,no,,,,,,,,,,,,,
513984.0,DE-0531,heliport,Dernbach Sacred Heart Hospital Heliport,50.45302,7.7865,883.0,EU,DE,DE-RP,Dernbach (Westerwald),no,,,,,,,Herz-Jesu-Krankenhaus Dernbach Hubscrauberlandeplatz,,,,,,
513985.0,DE-0532,heliport,Saint Vincent Hospital Limburg Heliport,50.38764,8.05149,,EU,DE,DE-HE,Limburg an der Lahn,no,,,,,,,,,,,,,
561478.0,DE-0533,small_airport,Magolsheim Ultralight,48.405731,9.622993,,EU,DE,DE-BW,,no,,,,,,,,,,,,,
514034.0,DE-0534,heliport,Eduardus Hospital Heliport,50.93188,6.98074,157.0,EU,DE,DE-NW,Köln (Cologne),no,,,,,,,,,,,,,
514035.0,DE-0535,heliport,Köln University Hospital Heliport,50.92398,6.91981,,EU,DE,DE-NW,Köln (Cologne),no,,,,,,,,,,,,,
514036.0,DE-0536,heliport,Elisabeth Hospital Rheydt Heliport,51.15698,6.41791,272.0,EU,DE,DE-NW,Mönchengladbach,no,,,,,,,,,,,,,
514037.0,DE-0537,heliport,Maria Hilf Clinic Heliport,51.21732,6.42161,262.0,EU,DE,DE-NW,Mönchengladbach,no,,,,,,,Our Lady Help of Christians Clinic Heliport,,,,,,
514038.0,DE-0538,heliport,Hermann-Josef Hospital Erkelenz Heliport,51.0746,6.31341,344.0,EU,DE,DE-NW,Erkelenz,no,,,,,,,,,,,,,
514039.0,DE-0539,heliport,Rheinaue Heliport,50.70948,7.1389,209.0,EU,DE,DE-NW,Bonn,no,,,,,,,,,,,,,
514040.0,DE-0540,heliport,Porz am Rhein Hospital Heliport,50.89163,7.05102,184.0,EU,DE,DE-NW,Köln (Cologne),no,,,,,,,,,,,,,
514041.0,DE-0541,heliport,Merheim Hospital Heliport,50.93864,7.05412,,EU,DE,DE-NW,Köln (Cologne),no,,,,,,,,,,,,,
514042.0,DE-0542,heliport,Sankt Vinzenz Hospital Heliport,50.96678,6.94577,,EU,DE,DE-NW,Köln (Cologne),no,,,,,,,,,,,,,
514043.0,DE-0543,heliport,Amsterdam Street Children's Hospital Heliport,50.96237,6.9669,167.0,EU,DE,DE-NW,Köln (Cologne),no,,,,,,,Kinderkrankenhaus Amsterdamer Straße Hubschrauberlandeplatz,,,,,,
514044.0,DE-0544,heliport,Sankt Johannes Hospital Heliport,50.79674,7.11828,186.0,EU,DE,DE-NW,Troisdorf,no,,,,,,,,,,,,,
514045.0,DE-0545,heliport,Helios Clinic Wipperfürth Heliport,51.1122,7.38447,1024.0,EU,DE,DE-NW,Wipperfürth,no,,,,,,,,,,,,,
514046.0,DE-0546,heliport,Vinzenz-Pallotti Hospital Heliport,50.96117,7.17554,640.0,EU,DE,DE-NW,Bergisch Gladbach,no,,,,,,,,,,,,,
514083.0,DE-0547,heliport,Riesa Hospital Heliport,51.295018,13.31389,351.0,EU,DE,DE-SN,Riesa,no,,,,,,,Elblandklinikum Riesa,,,,,,
514084.0,DE-0548,heliport,Collm Clinic Oschatz Heliport,51.291871,13.11432,,EU,DE,DE-SN,Oschatz,no,,,,,,,,,,,,,
514085.0,DE-0549,heliport,RoMed Hospital Bad Aibling Heliport,47.865479,12.017729,1634.0,EU,DE,DE-BY,Bad Aibling,no,,,,,,,,,,,,,
514086.0,DE-0550,heliport,Pirna Hospital Heliport,50.95862,13.95239,,EU,DE,DE-SN,Pirna,no,,,,,,,,,,,,,
514095.0,DE-0551,heliport,Catholic Clinic Marienhof Koblenz Heliport,50.35987,7.57101,249.0,EU,DE,DE-RP,Koblenz,no,,,,,,,,,,,,,
514096.0,DE-0552,heliport,Helios Clinic Bonn / Rhein-Seig Heliport,50.70756,7.03309,512.0,EU,DE,DE-NW,Bonn,no,,,,,,,,,,,,,
514097.0,DE-0553,heliport,Nettetal City Hospital Heliport,51.30855,6.27125,157.0,EU,DE,DE-NW,Nettetal,no,,,,,,,,,,,,,
514159.0,DE-0554,heliport,Buttstädt Heliport,51.11052,11.32703,600.0,EU,DE,DE-TH,Buttstädt,no,,,,,,,,,,,,,
514193.0,DE-0555,heliport,Freising Clinic Heliport,48.4044,11.74402,1516.0,EU,DE,DE-BY,Freising,no,,,,,,,,,,,,,
514194.0,DE-0556,heliport,Landshut Hospital Heliport,48.53758,12.13869,1286.0,EU,DE,DE-BY,Landshut,no,,,,,,,,,,,,,
514195.0,DE-0557,heliport,Enghausen Heliport,48.53653,11.90451,1483.0,EU,DE,DE-BY,Mauern,no,,,,,,,,,,,,,
514236.0,DE-0558,heliport,Ilmtal Hospital Pfaffenhofen Heliport,48.5186,11.50034,1486.0,EU,DE,DE-BY,Pfaffenhofen an der Ilm,no,,,,,,,,,,,,,
514237.0,DE-0559,heliport,Kösching Hospital Heliport,48.81558,11.5078,1270.0,EU,DE,DE-BY,Kösching,no,,,,,,,,,,,,,
514305.0,DE-0560,heliport,Viersen General Hospital Heliport,51.25142,6.38142,226.0,EU,DE,DE-NW,Viersen,no,,,,,,,Allgemeines Krankenhaus Viersen,,,,,,
514306.0,DE-0561,heliport,Asklepios Children's Clinic Sankt Augustin Heliport,50.77646,7.1802,206.0,EU,DE,DE-NW,Sankt Augustin,no,,,,,,,,,,,,,
514319.0,DE-0562,heliport,Saxon Switzerland Clinic Sebnitz Heliport,50.9828,14.26838,1178.0,EU,DE,DE-SN,Sebnitz,no,,,,,,,Sächsische Schweiz Klinik Sebnitz Hubschrauberlandeplatz,,,,,,
514346.0,DE-0563,heliport,Asklepios Clinic Langen Heliport,49.99727,8.68459,522.0,EU,DE,DE-HE,Langen (Hessen),no,,,,,,,,,,,,,
514350.0,DE-0564,heliport,Wurzen Hospital Heliport,51.379229,12.732144,387.0,EU,DE,DE-SN,Wurzen,no,,,,,,,,,,,,,
514356.0,DE-0565,heliport,Ingolstadt Hospital Heliport,48.77048,11.37254,1250.0,EU,DE,DE-BY,Ingolstadt,no,,,,,,,,,,,,,
514357.0,DE-0566,heliport,Regiomed Hospital Coburg Heliport,50.246657,10.975104,1061.0,EU,DE,DE-BY,Coburg,no,,,,,,,,,,,,,
514372.0,DE-0567,heliport,Medinos Clinics Sonneberg District Heliport,50.35401,11.1623,,EU,DE,DE-TH,Sonneberg,no,,,,,,,,,,,,,
514428.0,DE-0568,heliport,Memmingen Hospital Heliport,47.982584,10.16873,,EU,DE,DE-BY,Memmingen,no,,,,,,,,,,,,,
514429.0,DE-0569,heliport,Sana Clinic Biberach District Hospital Heliport,48.11311,9.77936,1927.0,EU,DE,DE-BW,Biberach an der Riß,no,,,,,,,,,,,,,
514430.0,DE-0570,heliport,Ulm Military Hospital Emergency Heliport,48.424923,9.947619,,EU,DE,DE-BW,Ulm,no,,,,,,,"Hubschrauberlandeplatz Bundeswehrkrankenhaus Ulm, BWK Ulm",,,,,,
514431.0,DE-0571,heliport,Westallgäu Clinic Wangen Heliport,47.69569,9.84637,1916.0,EU,DE,DE-BW,Wangen im Allgäu,no,,,,,,,Hubschrauberlandeplatz Oberschwabenklinik Westallgäu-Klinikum Wangen,,,,,,
514432.0,DE-0572,heliport,Sankt Elisabeth Hospital Heliport,47.78801,9.62105,,EU,DE,DE-BW,Ravensburg,no,,,,,,,Hubschrauberlandeplatz Sankt-Elizabethen-Klinikum,,,,,,
514434.0,DE-0573,heliport,Helios Clinic Dachau Heliport,48.26608,11.42828,,EU,DE,DE-BY,Dachau,no,,,,,,,,,,,,,
514442.0,DE-0574,heliport,Konstanz Hospital Heliport,47.67203,9.18869,,EU,DE,DE-BW,Konstanz,no,,,,,,,,,,,,,
514485.0,DE-0575,heliport,Weißer Hirsch Hospital Heliport,51.06518,13.83706,827.0,EU,DE,DE-SN,Dresden,no,,,,,,,Landeplatz Krankenhaus Weißer Hirsch,,,,,,
514488.0,DE-0576,heliport,Düsseldorf University Hospital Heliport,51.19524,6.78924,,EU,DE,DE-NW,Düsseldorf,no,,,,,,,Hubschrauberlandeplatz Universitätsklinikum Düsseldorf,,,,,,
514489.0,DE-0577,heliport,Johanna-Etienne Hospital Heliport,51.212838,6.659823,135.0,EU,DE,DE-NW,Neuss,no,,,,,,,Hubschrauberlandeplatz Johanna-Etienne Krankenhaus,,,,,,
514490.0,DE-0578,heliport,Helios Clinic Krefeld Heliport,51.31996,6.56446,,EU,DE,DE-NW,Krefeld,no,,,,,,,Hubschrauberlandeplatz Helios Klinikum Krefeld,,,,,,
514491.0,DE-0579,heliport,Kemperhof Koblenz Clinic Heliport,50.35648,7.56574,240.0,EU,DE,DE-RP,Koblenz,no,,,,,,,,,,,,,
514510.0,DE-0580,heliport,Sankt-Nikolaus Diocesan Hospital Heliport,50.44161,7.40338,194.0,EU,DE,DE-RP,Andernach,no,,,,,,,Hubschrauberlandeplatz Sankt-Nikolaus Stiftshospital,,,,,,
514511.0,DE-0581,heliport,Ochtendung Heliport,50.35352,7.42395,732.0,EU,DE,DE-RP,Ochtendung,no,,,,,,,,,,,,,
514512.0,DE-0582,heliport,Ebersberg Heliport,48.08125,11.95861,1886.0,EU,DE,DE-BY,Ebersberg,no,,,,,,,,,,,,,
514513.0,DE-0583,heliport,Mainz University Hospital Heliport,49.99405,8.2547,,EU,DE,DE-RP,Mainz,no,,,,,,,Hubschrauberlandeplatz Uniklinikum Mainz,,,,,,
514514.0,DE-0584,heliport,Weinheim Hospital Heliport,49.55042,8.64409,338.0,EU,DE,DE-BW,Weinheim,no,,,,,,,Hubschrauberlandeplatz GRN-Klinik Weinheim,,,,,,
514557.0,DE-0585,heliport,Helios Clinic Leisnig Heliport,51.1559,12.91885,742.0,EU,DE,DE-SN,Leisnig,no,,,,,,,,,,,,,
514558.0,DE-0586,heliport,Juraklinik Scheßlitz Heliport,49.9801,11.03935,1004.0,EU,DE,DE-BY,Scheßlitz,no,,,,,,,,,,,,,
514559.0,DE-0587,heliport,Ilm District Clinic Arnstadt-Ilmenau Heliport,50.67973,10.91826,1608.0,EU,DE,DE-TH,Ilmenau,no,,,,,,,Hubschrauberlandeplatz Ilm-Kreis Klinik Arnstadt-Ilmenau,,,,,,
514570.0,DE-0588,heliport,Sankt Josef Hospital Heliport,48.03333,10.72428,2034.0,EU,DE,DE-BY,Buchloe,no,,,,,,,,,,,,,
514571.0,DE-0589,heliport,Landsberg am Lech Hospital Heliport,48.04754,10.85646,2001.0,EU,DE,DE-BY,Landsberg am Lech,no,,,,,,,,,,,,,
514572.0,DE-0590,small_airport,Wangen bei Starnberg Airfield,48.01634,11.42009,2060.0,EU,DE,DE-BY,Starnberg,no,,,,,,,,,,,,,
514578.0,DE-0591,heliport,Thuringia Hospital Saalfeld Heliport,50.64393,11.34214,922.0,EU,DE,DE-TH,Saalfeld/Saale,no,,,,,,,,,,,,,
514579.0,DE-0592,heliport,Asklepios ASB Hospital Radeberg Heliport,51.12457,13.93073,833.0,EU,DE,DE-SN,Radeberg,no,,,,,,,,,,,,,
514582.0,DE-0593,heliport,Asklepios Hospital München-Gauting Heliport,48.06684,11.35257,1932.0,EU,DE,DE-BY,Gauting,no,,,,,,,,,,,,,
514632.0,DE-0594,heliport,Mittlerhein Community Hospital Sankt Elisabeth Mayen Heliport,50.32331,7.21985,804.0,EU,DE,DE-RP,Mayen,no,,,,,,,,,,,,,
514633.0,DE-0595,heliport,Jakobsberg Heliport,50.25589,7.59564,843.0,EU,DE,DE-RP,Boppard,no,,,,,,,,,,,,,
514634.0,DE-0596,heliport,Osterspai Volunteer Fire Department Heliport,50.24557,7.59856,256.0,EU,DE,DE-RP,Osterspai,no,,,,,,,,,,,,,
514635.0,DE-0597,heliport,RoMed Hospital Prien Heliport,47.85012,12.36949,1706.0,EU,DE,DE-BY,Prien am Chiemsee,no,,,,,,,,,,,,,
514636.0,DE-0598,heliport,RoMed Hospital Wasserburg Heliport,48.05886,12.19701,1598.0,EU,DE,DE-BY,Wasserburg am Inn,no,,,,,,,,,,,,,
514640.0,DE-0599,heliport,Bergstraße District Hospital Heliport,49.62937,8.6235,318.0,EU,DE,DE-HE,Heppenheim (Bergstraße),no,,,,,,,,,,,,,
514642.0,DE-0600,heliport,Gensingen Volunteer Fire Department Heliport,49.8916,7.9298,322.0,EU,DE,DE-RP,Gensingen,no,,,,,,,,,,,,,
514681.0,DE-0601,heliport,Hannover Air Rescue Heliport (Christoph 4),52.38496,9.80657,,EU,DE,DE-NI,Hannover,no,,,,,,,,,,,,,
514682.0,DE-0602,heliport,Wolfenbüttel Municipal Hospital Heliport (Christoph 30),52.179225,10.534531,256.0,EU,DE,DE-NI,Wolfenbüttel,no,,,,,,,,,,,,,
514686.0,DE-0603,heliport,ADAC Air Rescue Station Bremen Heliport (Christoph 6),53.035281,8.816995,13.0,EU,DE,DE-HB,Bremen,no,,,,,,,,,,,,,
514687.0,DE-0604,heliport,ADAC Air Rescue Station Uelzen Heliport (Christoph 19),52.97323,10.53266,194.0,EU,DE,DE-NI,Uelzen,no,,,,,,,,,,,,,
514688.0,DE-0605,heliport,Federal Office of Administration Heliport,50.97039,6.970863,,EU,DE,DE-NW,Köln,no,,,,,,,,,,,,,
514689.0,DE-0606,heliport,ADAC Air Rescue Station Leipzig/Schkeuditz-Dölzig Heliport (Christoph 61),51.35124,12.19252,367.0,EU,DE,DE-SN,Schkeuditz,no,,,,,,,,,,,,,
514690.0,DE-0607,heliport,Darmstadt Hospital Heliport,49.87451,8.64535,,EU,DE,DE-HE,Darmstadt,no,,,,,,,,,,,,,
514708.0,DE-0608,heliport,Sana Clinic Pegnitz Heliport,49.75779,11.5265,1548.0,EU,DE,DE-BY,Pegnitz,no,,,,,,,,,,,,,
514736.0,DE-0609,heliport,Sana Hospital Offenbach Helipad,50.094492,8.757021,410.0,EU,DE,DE-HE,Offenbach am Main,no,,,,SKO,,,,,,,,,
514743.0,DE-0610,heliport,Grafenwöhr South Heliport,49.62768,11.67311,1627.0,EU,DE,DE-BY,Grafenwöhr,no,,,,,,,,,,,,,
514744.0,DE-0611,heliport,Grafenwöhr West Heliport,49.66886,11.65067,1549.0,EU,DE,DE-BY,Grafenwöhr,no,,,,,,,,,,,,,
514745.0,DE-0612,heliport,Sankt Johannes Hospital Auerbach Heliport,49.69805,11.62001,1444.0,EU,DE,DE-BY,Auerbach in der Oberpfalz,no,,,,,,,,,,,,,
514749.0,DE-0613,heliport,Jena University Hospital Heliport,50.88672,11.61895,,EU,DE,DE-TH,Jena,no,,,,,,,,,,,,,
514772.0,DE-0614,heliport,Barmherzige Brüder (Brothers of Mercy) Hospital Regensburg Heliport,49.01728,12.06322,,EU,DE,DE-BY,Regensburg,no,,,,,,,Hubschrauberlandeplatz Barmherzige Brüder Regensburg,,,,,,
514773.0,DE-0615,heliport,Lakumed Hospital Landshut-Achdorf Heliport,48.52405,12.15101,1430.0,EU,DE,DE-BY,Landshut,no,,,,,,,,,,,,,
514776.0,DE-0616,heliport,Bernkastel/Wittlich Compound Hospital Heliport (Christoph 10),49.99985,6.89311,807.0,EU,DE,DE-RP,Wittlich,no,,,,,,,,,,,,,
514812.0,DE-0617,heliport,ADAC Air Rescue Station Ulm (Christoph 22),48.42654,9.9455,2031.0,EU,DE,DE-BW,Ulm,no,,,,,,,,,,,,,
514813.0,DE-0618,heliport,Friedrichshafen Hospital Heliport,47.67284,9.42856,1453.0,EU,DE,DE-BW,Friedrichshafen,no,,,,,,,,,,,,,
514814.0,DE-0619,heliport,Helios Clinic Erlenbach Heliport,49.81028,9.16613,505.0,EU,DE,DE-BY,Erlenbach am Main,no,,,,,,,,,,,,,
514815.0,DE-0620,heliport,Kulmbach Hospital Heliport,50.11744,11.46655,1125.0,EU,DE,DE-BY,Kulmbach,no,,,,,,,,,,,,,
514816.0,DE-0621,heliport,Helios Clinic Meiningen Heliport,50.55709,10.39894,1371.0,EU,DE,DE-TH,Meiningen,no,,,,,,,,,,,,,
514817.0,DE-0622,heliport,Sana Hospital Radevormwald Heliport,51.19901,7.35192,1157.0,EU,DE,DE-NW,Radevormwald,no,,,,,,,,,,,,,
514818.0,DE-0623,heliport,Sana Clinic Duisburg Heliport,51.39605,6.78257,,EU,DE,DE-NW,Duisburg,no,,,,,,,,,,,,,
514819.0,DE-0624,heliport,Sana Clinic Hof Heliport,50.30143,11.9153,1706.0,EU,DE,DE-BY,Hof,no,,,,,,,,,,,,,
514821.0,DE-0625,heliport,Marien Hospital Siegen Heliport,50.87863,8.02942,823.0,EU,DE,DE-NW,Siegen,no,,,,,,,,,,,,,
514822.0,DE-0626,small_airport,Reichshof-Eckenhagen Airfield,50.99282,7.68911,1024.0,EU,DE,DE-NW,Reichshof,no,,,,,,,Flugplatz Reichshof-Eckenhagen,,,,,,
514868.0,DE-0627,heliport,Cham Hospital Heliport,49.2268,12.6591,1339.0,EU,DE,DE-BY,Cham,no,,,,,,,,,,,,,
514975.0,DE-0628,heliport,Heinrich Braun Hospital Zwickau Heliport,50.7231,12.47106,978.0,EU,DE,DE-SN,Zwickau,no,,,,,,,,,,,,,
514976.0,DE-0629,heliport,Helios Clinic Plauen Heliport,50.48964,12.15362,1263.0,EU,DE,DE-SN,Plauen,no,,,,,,,Vogtland Hospital Heliport,,,,,,
514977.0,DE-0630,heliport,Rudolf Virchow Hospital Glauchau Heliport,50.80806,12.55431,991.0,EU,DE,DE-SN,Glauchau,no,,,,,,,,,,,,,
514978.0,DE-0631,heliport,DRK Hospital Lichtenstein Heliport,50.74793,12.6354,1073.0,EU,DE,DE-SN,Lichtenstein/Sachsen,no,,,,,,,,,,,,,
514979.0,DE-0632,heliport,Sachsenring Heliport,50.79212,12.68528,1037.0,EU,DE,DE-SN,Hohenstein-Ernstthal,no,,,,,,,,,,,,,
514980.0,DE-0633,heliport,Erzgebirge Hospital Heliport,50.59373,13.00303,1883.0,EU,DE,DE-SN,Annaberg-Buchholz,no,,,,,,,,,,,,,
515017.0,DE-0634,heliport,Kamenz Heliport,51.2641,14.12522,617.0,EU,DE,DE-SN,Kamenz,no,,,,,,,,,,,,,
515020.0,DE-0635,heliport,Chemnitz-Glösa Industrial Park Heliport,50.871811,12.904403,935.0,EU,DE,DE-SN,Chemnitz,no,,,,,,,,,,,,,
515193.0,DE-0636,heliport,Helios Clinic Schwelm Heliport,51.29488,7.31265,846.0,EU,DE,DE-NW,Schwelm,no,,,,,,,,,,,,,
515194.0,DE-0637,heliport,Alfried Krupp Hospital Heliport,51.42772,7.00968,391.0,EU,DE,DE-NW,Essen,no,,,,,,,,,,,,,
515196.0,DE-0638,closed,Lausitzring Red Bull Airport,51.53357,13.92804,407.0,EU,DE,DE-BR,Schipkau,no,,,,,,,,,,,,,
515197.0,DE-0639,heliport,DEKRA Lausitzring Heliport,51.53192,13.92451,394.0,EU,DE,DE-BR,Schipkau,no,,,,,,,,,,,,,
515272.0,DE-0640,heliport,Bad Neustadt an der Saale Hospital Heliport,50.32265,10.23508,,EU,DE,DE-BY,Bad Neustadt an der Saale,no,,,,,,,RHÖN-KLINIKUM Campus Bad Neustadt,,,,,,
515273.0,DE-0641,heliport,Siloah Sankt Trudpert Hospital Heliport,48.8979,8.67334,,EU,DE,DE-BW,Pforzheim,no,,,,,,,,,,,,,
515305.0,DE-0642,heliport,Groß-Gerau District Hospital Heliport,49.91367,8.47589,299.0,EU,DE,DE-HE,Groß-Gerau,no,,,,,,,,,,,,,
515306.0,DE-0643,heliport,Frankfurt Höchst Hospital Heliport,50.10987,8.54714,,EU,DE,DE-HE,Frankfurt am Main,no,,,,,,,,,,,,,
515307.0,DE-0644,heliport,Dritter Orden University Hospital Heliport,48.16789,11.50389,1683.0,EU,DE,DE-BY,München,no,,,,,,,,,,,,,
515309.0,DE-0645,heliport,SRH Wald-Klinikum Gera Hospital Heliport,50.86702,12.05101,846.0,EU,DE,DE-TH,Gera,no,,,,,,,,,,,,,
515311.0,DE-0646,heliport,Pleißental Hospital Heliport,50.74247,12.36517,1073.0,EU,DE,DE-SN,Werdau,no,,,,,,,,,,,,,
515312.0,DE-0647,heliport,Tirschenreuth Hospital Heliport,49.88563,12.33422,1722.0,EU,DE,DE-BY,Tirschenreuth,no,,,,,,,,,,,,,
515313.0,DE-0648,heliport,Weiden Hospital Heliport,49.681861,12.166368,,EU,DE,DE-BY,Weiden in der Oberpfalz,no,,,,,,,,,,,,,
515314.0,DE-0649,heliport,DRF Air Rescue Station Villingen-Schwenningen Heliport (Christoph 11),48.06631,8.50103,2520.0,EU,DE,DE-BW,Villingen-Schwenningen,no,,,,,,,,,,,,,
515315.0,DE-0650,heliport,Rottweil-Rottenmünster Hospital Heliport,48.14948,8.635628,1850.0,EU,DE,DE-BW,Rottweil,no,,,,,,,,,,,,,
515317.0,DE-0651,heliport,Görlitz Hospital Heliport,51.16119,14.96984,,EU,DE,DE-SN,Görlitz,no,,,,,,,,,,,,,
515340.0,DE-0652,heliport,Bautzen-Bischofswerda Hospital Heliport,51.13689,14.1775,997.0,EU,DE,DE-SN,Bischofswerda,no,,,,,,,,,,,,,
515341.0,DE-0653,heliport,Sankt Josefs Hospital Heliport,48.46829,7.96692,623.0,EU,DE,DE-BW,Offenburg,no,,,,,,,,,,,,,
515342.0,DE-0654,heliport,Ortenau Hospital Lahr-Ettenheim Heliport,48.34407,7.88709,,EU,DE,DE-BW,Lahr/Schwarzwald,no,,,,,,,,,,,,,
515343.0,DE-0655,heliport,Ortenau Hospital Achern Heliport,48.6253,8.06402,525.0,EU,DE,DE-BW,Achern,no,,,,,,,,,,,,,
515346.0,DE-0656,heliport,Oberlausitzer Bergland Hospital Heliport,51.00531,14.56841,1273.0,EU,DE,DE-SN,Ebersbach-Neugersdorf,no,,,,,,,,,,,,,
515350.0,DE-0657,heliport,Freiburg University Hospital Heliport 1,48.00746,7.83927,,EU,DE,DE-BW,Freiburg im Breisgau,no,,,,,,,,,,,,,
515351.0,DE-0658,heliport,Freiburg University Hospital Heliport 2,48.006775,7.840243,,EU,DE,DE-BW,Freiburg im Breisgau,no,,,,,,,,,,,,,
515352.0,DE-0659,heliport,Sankt Marien Hospital Ahaus,52.06904,6.99206,190.0,EU,DE,DE-NW,Ahaus,no,,,,,,,,,,,,,
515358.0,DE-0660,heliport,Sankt Antonius Hospital Heliport,51.77196,6.13523,167.0,EU,DE,DE-NW,Kleve,no,,,,,,,,,,,,,
515361.0,DE-0661,heliport,Marienhaus Hospital Sankt Wendel-Ottweiler Heliport,49.45445,7.17959,1035.0,EU,DE,DE-SL,Sankt Wendel,no,,,,,,,,,,,,,
515364.0,DE-0662,heliport,Westpfalz Hospital Kaiserslautern Heliport,49.44169,7.75684,,EU,DE,DE-RP,Kaiserslautern,no,,,,,,,,,,,,,
515398.0,DE-0663,heliport,Altötting-Burghausen District Hospital Burghausen Heliport,48.167201,12.84225,1388.0,EU,DE,DE-BY,Burghausen,no,,,,,,,,,,,,,
515399.0,DE-0664,heliport,DonauIsar Hospital Dingolfing Heliport,48.62124,12.48935,1281.0,EU,DE,DE-BY,Dingolfing,no,,,,,,,,,,,,,
515400.0,DE-0665,heliport,Eggenfelden District Hospital Heliport,48.41225,12.76021,1463.0,EU,DE,DE-BY,Eggenfelden,no,,,,,,,,,,,,,
515401.0,DE-0666,heliport,Pfarrkirchen District Hospital Heliport,48.43755,12.92685,1521.0,EU,DE,DE-BY,Pfarrkirchen,no,,,,,,,,,,,,,
515402.0,DE-0667,heliport,Altötting-Burghausen District Hospital Altötting Heliport,48.23503,12.67676,1306.0,EU,DE,DE-BY,Altötting,no,,,,,,,,,,,,,
515403.0,DE-0668,heliport,Mühldorf am Inn Hospital Heliport,48.24375,12.53212,1274.0,EU,DE,DE-BY,Mühldorf am Inn,no,,,,,,,,,,,,,
515405.0,DE-0669,heliport,Evangelisches Diakonie Hospital Schwäbisch Hall Heliport,49.12535,9.74176,,EU,DE,DE-BW,Schwäbisch Hall,no,,,,,,,,,,,,,
515417.0,DE-0670,heliport,Schrobenhausen District Hospital Heliport,48.5722,11.26313,1391.0,EU,DE,DE-BY,Schrobenhausen,no,,,,,,,,,,,,,
515419.0,DE-0671,heliport,Wertach Hospital Bobingen Heliport,48.28158,10.82354,1670.0,EU,DE,DE-BY,Bobingen,no,,,,,,,,,,,,,
515420.0,DE-0672,heliport,Augsburg University Hospital Heliport,48.38452,10.83784,,EU,DE,DE-BY,Augsburg,no,,,,,,,Christoph 40,,,,,,
515421.0,DE-0673,heliport,Sankt Elisabeth Hospital Straubing Heliport,48.88594,12.59089,,EU,DE,DE-BY,Straubing,no,,,,,,,Christoph 15,,,,,,
515422.0,DE-0674,heliport,Leonberg Hospital Heliport,48.803254,8.999099,1296.0,EU,DE,DE-BW,Leonberg,no,,,,,,,Christoph 41,,,,,,
515423.0,DE-0675,heliport,Sankt Vincentius Hospital Heliport,49.00043,8.37832,,EU,DE,DE-BW,Karlsruhe,no,,,,,,,,,,,,,
515462.0,DE-0676,heliport,Südharz Hospital Nordhausen Heliport,51.51658,10.79483,840.0,EU,DE,DE-TH,Nordhausen,no,,,,,,,Christoph 37,,,,,,
515463.0,DE-0677,small_airport,Bleicherode Airfield,51.47292,10.57113,981.0,EU,DE,DE-TH,Lipprechterode,no,,,,,,,,,,,,,
515464.0,DE-0678,heliport,Harz Hospital Quedlinburg Heliport,51.7932,11.16262,385.0,EU,DE,DE-ST,Quedlinburg,no,,,,,,,,,,,,,
515517.0,DE-0679,heliport,Martha-Maria Nürnberg Hospital Heliport,49.48284,11.1368,1076.0,EU,DE,DE-BY,Nürnberg,no,,,,,,,,,,,,,
515519.0,DE-0680,heliport,Nürnberg South Hospital Heliport,49.41419,11.1477,1121.0,EU,DE,DE-BY,Nürnberg,no,,,,,,,,,,,,,
515520.0,DE-0681,heliport,Nürnberg North Hospital Heliport,49.46318,11.06251,,EU,DE,DE-BY,Nürnberg,no,,,,,,,,,,,,,
515521.0,DE-0682,heliport,Fürth Hospital Heliport,49.48428,10.97486,1031.0,EU,DE,DE-BY,Fürth,no,,,,,,,,,,,,,
515524.0,DE-0683,heliport,Burgholzhausen Rotorflug Heliport,50.26433,8.66629,616.0,EU,DE,DE-HE,Friedrichsdorf,no,,,,,,,,,,,,,
515527.0,DE-0684,heliport,Rummelsberg Hospital Heliport,49.36154,11.2649,1226.0,EU,DE,DE-BY,Schwarzenbruck,no,,,,,,,,,,,,,
515528.0,DE-0685,heliport,Bietigheim Hospital Heliport,48.95662,9.13568,689.0,EU,DE,DE-BW,Bietigheim-Bissingen,no,,,,,,,,,,,,,
515535.0,DE-0686,small_airport,Meidelstetten Gliderfield,48.36233,9.31004,2480.0,EU,DE,DE-BW,Hohenstein (Reutlingen),no,,,,,,,,,,,,,
515547.0,DE-0687,heliport,Bamberg Hospital Heliport,49.8676,10.88804,948.0,EU,DE,DE-BY,Bamberg,no,,,,,,,,,,,,,
515548.0,DE-0688,heliport,Erlangen University Hospital Rooftop Heliport,49.60007,11.01116,,EU,DE,DE-BY,Erlangen,no,,,,,,,,,,,,,
515549.0,DE-0689,heliport,Forchheim Franconian Switzerland Hospital Heliport,49.71353,11.0778,879.0,EU,DE,DE-BY,Forchheim,no,,,,,,,Hubschrauberlandeplatz Klinikum Forchheim - Fränkische Schweiz,,,,,,
515552.0,DE-0690,heliport,Würzburg University Hospital Rooftop Heliport,49.80693,9.95787,,EU,DE,DE-BY,Würzburg,no,,,,,,,,,,,,,
515553.0,DE-0691,heliport,Kitzingen Hospital Heliport,49.74428,10.13679,860.0,EU,DE,DE-BY,Kitzingen,no,,,,,,,,,,,,,
515554.0,DE-0692,heliport,Ochsenfurt Hospital Heliport,49.65971,10.08672,807.0,EU,DE,DE-BY,Ochsenfurt,no,,,,,,,Christoph 18,,,,,,
515555.0,DE-0693,heliport,ADAC Air Rescue Station Dinkelsbühl Heliport,49.06596,10.40159,1614.0,EU,DE,DE-BY,Dinkelsbühl,no,,,,,,,Christoph 65,,,,,,
515556.0,DE-0694,heliport,Leopoldina Schweinfurt City Hospital Heliport,50.0512,10.2442,791.0,EU,DE,DE-BY,Schweinfurt,no,,,,,,,,,,,,,
515557.0,DE-0695,heliport,Europakanal Hospital Heliport,49.60593,10.96851,941.0,EU,DE,DE-BY,Erlangen,no,,,,,,,,,,,,,
515565.0,DE-0696,heliport,Main-Kinzig Hospital Schlüchtern Heliport,50.3547,9.52871,958.0,EU,DE,DE-HE,Schlüchtern,no,,,,,,,,,,,,,
515566.0,DE-0697,heliport,Helios Clinic Mansfeld-Südharz Heliport,51.47178,11.31013,,EU,DE,DE-ST,Sangerhausen,no,,,,,,,,,,,,,
515567.0,DE-0698,heliport,Westphalia Miners' Hospital Heliport,51.51896,7.53337,347.0,EU,DE,DE-NW,Dortmund,no,,,,,,,Klinikum Westfalen - Knappschaftskrankenhaus,,,,,,
515574.0,DE-0699,heliport,Christian Hospital Unna West Heliport,51.53263,7.67634,387.0,EU,DE,DE-NW,Unna,no,,,,,,,,,,,,,
515575.0,DE-0700,heliport,Christian Hospital Unna Central Heliport,51.53704,7.68307,348.0,EU,DE,DE-NW,Unna,no,,,,,,,,,,,,,
515576.0,DE-0701,heliport,Kamen Hospital Heliport,51.5955,7.66145,214.0,EU,DE,DE-NW,Kamen,no,,,,,,,,,,,,,
515578.0,DE-0702,heliport,Dortmund Hospital North Heliport,51.53326,7.45482,236.0,EU,DE,DE-NW,Dortmund,no,,,,,,,,,,,,,
515579.0,DE-0703,heliport,Sankt Christophorus Hospital Heliport,51.67545,7.61918,266.0,EU,DE,DE-NW,Werne an der Lippe,no,,,,,,,,,,,,,
515581.0,DE-0704,heliport,Sankt Marien Hospital Heliport,51.61878,7.51548,171.0,EU,DE,DE-NW,Lünen,no,,,,,,,Christoph 8,,,,,,
515582.0,DE-0705,heliport,Brambauer Hospital Heliport,51.59027,7.443,299.0,EU,DE,DE-NW,Brambauer,no,,,,,,,,,,,,,
515583.0,DE-0706,heliport,Bochum University Miners' Hospital Heliport,51.46541,7.32754,374.0,EU,DE,DE-NW,Bochum,no,,,,,,,,,,,,,
515589.0,DE-0707,heliport,Fichtelgebirge Hospital Marktredwitz Heliport,50.00113,12.0651,1810.0,EU,DE,DE-BY,Marktredwitz,no,,,,,,,,,,,,,
515590.0,DE-0708,closed,Engelsdorf / Motorschirm Airfield,51.71628,11.85192,264.0,EU,DE,DE-ST,Könnern,no,,,,,,,,,,,,,
515591.0,DE-0709,heliport,Magdeburg Hospital Heliport,52.15862,11.58415,194.0,EU,DE,DE-ST,Magdeburg,no,,,,,,,,,,,,,
515592.0,DE-0710,heliport,Magdeburg University Hospital Heliport,52.10217,11.61981,,EU,DE,DE-ST,Magdeburg,no,,,,,,,,,,,,,
515594.0,DE-0711,heliport,Herz-Jesu Hospital Fulda Heliport,50.56407,9.67235,935.0,EU,DE,DE-HE,Fulda,no,,,,,,,,,,,,,
515595.0,DE-0712,heliport,Fulda Hospital Heliport,50.54544,9.7051,1050.0,EU,DE,DE-HE,Fulda,no,,,,,,,Christoph 28,,,,,,
515596.0,DE-0713,heliport,Helios Sankt Elisabeth Hospital Hünfeld Heliport,50.662377,9.767742,978.0,EU,DE,DE-HE,Hünfeld,no,,,,,,,,,,,,,
515635.0,DE-0714,heliport,Helios Clinic Erfurt Heliport,50.99436,11.01206,,EU,DE,DE-TH,Erfurt,no,,,,,,,,,,,,,
515636.0,DE-0715,heliport,Catholic Hospital Sankt Johann Nepomuk Erfurt Heliport,50.9462,11.08564,833.0,EU,DE,DE-TH,Erfurt,no,,,,,,,,,,,,,
515637.0,DE-0716,heliport,Weilburg District Hospital Heliport,50.48627,8.25322,689.0,EU,DE,DE-HE,Weilburg,no,,,,,,,,,,,,,
515638.0,DE-0717,heliport,Helios Clinic Gotha Heliport,50.92894,10.67889,1030.0,EU,DE,DE-TH,Gotha,no,,,,,,,,,,,,,
515639.0,DE-0718,heliport,Sophien and Hufeland Hospital Weimar Heliport,50.96078,11.32206,,EU,DE,DE-TH,Weimar,no,,,,,,,,,,,,,
515640.0,DE-0719,heliport,Lahn-Dill Clinic Wetzlar Heliport,50.53711,8.52886,958.0,EU,DE,DE-HE,Wetzlar,no,,,,,,,,,,,,,
515641.0,DE-0720,heliport,Elisabeth Hospital Schmalkalden Heliport,50.721822,10.440202,958.0,EU,DE,DE-TH,Schmalkalden,no,,,,,,,,,,,,,
515643.0,DE-0721,heliport,Hufeland Hospital Heliport,51.200385,10.468735,758.0,EU,DE,DE-TH,Mühlhausen/Thüringen,no,,,,,,,,,,,,,
515644.0,DE-0722,heliport,KMG Hospital Sondershausen Heliport,51.37388,10.87975,641.0,EU,DE,DE-TH,Sondershausen,no,,,,,,,,,,,,,
515747.0,DE-0723,heliport,Schwandorf District Hospital Oberviechtach Heliport,49.46085,12.41117,1762.0,EU,DE,DE-BY,Oberviechtach,no,,,,,,,,,,,,,
515748.0,DE-0724,closed,Amberg Army Airfield,49.4209,11.84035,1406.0,EU,DE,DE-BY,Amberg,no,,,,,,,,,,,,,
515749.0,DE-0725,heliport,Sankt Marien Hospital Amberg Heliport,49.44836,11.86676,,EU,DE,DE-BY,Amberg,no,,,,,,,,,,,,,
515754.0,DE-0726,heliport,Herdecke Community Hospital Heliport,51.4103,7.39948,645.0,EU,DE,DE-NW,Herdecke,no,,,,,,,,,,,,,
515755.0,DE-0727,heliport,Sankt-Johannes Catholic Hospital Hagen Heliport,51.39629,7.47345,466.0,EU,DE,DE-NW,Hagen,no,,,,,,,,,,,,,
515766.0,DE-0728,heliport,Sankt Marien Hospital Vreden Heliport,52.04663,6.81387,128.0,EU,DE,DE-NW,Vreden,no,,,,,,,,,,,,,
515768.0,DE-0729,heliport,DonauIsar Hospital Landau Heliport,48.6664,12.70314,1375.0,EU,DE,DE-BY,Landau an der Isar,no,,,,,,,,,,,,,
515769.0,DE-0730,heliport,Marburg University Hospital Ground Heliport,50.8139,8.8044,1171.0,EU,DE,DE-HE,Marburg,no,,,,,,,,,,,,,
515770.0,DE-0731,heliport,Marburg University Hospital Rooftop Heliport,50.81474,8.80778,1171.0,EU,DE,DE-HE,Marburg,no,,,,,,,,,,,,,
515771.0,DE-0732,heliport,Dillingen District Hospital Heliport,48.57447,10.48094,1429.0,EU,DE,DE-BY,Dillingen an der Donau,no,,,,,,,,,,,,,
515772.0,DE-0733,heliport,Sankt Joseph Hospital Prüm Heliport,50.21311,6.41131,1818.0,EU,DE,DE-RP,Prüm,no,,,,,,,,,,,,,
515780.0,DE-0734,heliport,AMEOS Hospital Sankt Salvator Halberstadt Heliport,51.90157,11.05214,367.0,EU,DE,DE-ST,Halberstadt,no,,,,,,,,,,,,,
515781.0,DE-0735,heliport,AMEOS Hospital Bernburg Heliport,51.78164,11.73507,,EU,DE,DE-ST,Bernburg (Saale),no,,,,,,,,,,,,,
515782.0,DE-0736,heliport,Harz Hospital Wernigerode Heliport,51.83587,10.77361,784.0,EU,DE,DE-ST,Wernigerode,no,,,,,,,,,,,,,
515903.0,DE-0737,heliport,Schotten Heliport,50.50725,9.10638,1010.0,EU,DE,DE-HE,Schotten,no,,,,,,,,,,,,,
515904.0,DE-0738,heliport,Carl Thien Hospital Cottbus Heliport,51.74339,14.32204,,EU,DE,DE-BR,Cottbus,no,,,,,,,,,,,,,
515907.0,DE-0739,heliport,Regiomed Hospital Neuhaus am Rennweg Heliport,50.51063,11.12983,2680.0,EU,DE,DE-TH,Neuhaus am Rennweg,no,,,,,,,,,,,,,
515910.0,DE-0740,heliport,Untererthal Heliport,50.15736,9.87626,919.0,EU,DE,DE-BY,Hammelburg,no,,,,,,,,,,,,,
515911.0,DE-0741,heliport,Crailsheim Hospital Heliport,49.13545,10.07877,1365.0,EU,DE,DE-BW,Crailsheim,no,,,,,,,,,,,,,
515912.0,DE-0742,heliport,Red Cross Hospital Wertheim Heliport,49.76132,9.49866,1063.0,EU,DE,DE-BW,Wertheim,no,,,,,,,,,,,,,
515917.0,DE-0743,heliport,Vogelsberg District Hospital Alsfeld Heliport,50.76362,9.26963,971.0,EU,DE,DE-HE,Alsfeld,no,,,,,,,,,,,,,
515918.0,DE-0744,heliport,Bad Hersfeld Hospital Heliport,50.87705,9.71497,874.0,EU,DE,DE-HE,Bad Hersfeld,no,,,,,,,,,,,,,
515923.0,DE-0745,heliport,Werra-Meißner Eschwege Hospital Heliport,51.18225,10.04925,624.0,EU,DE,DE-HE,Eschwege,no,,,,,,,,,,,,,
515924.0,DE-0746,heliport,Jerichower Land District Hospital Heliport,52.26335,11.8311,167.0,EU,DE,DE-ST,Burg bei Magdeburg,no,,,,,,,,,,,,,
515934.0,DE-0747,heliport,Elbe-Elster Hospital Finsterwalde Heliport,51.63642,13.69832,367.0,EU,DE,DE-BR,Finsterwalde,no,,,,,,,,,,,,,
515945.0,DE-0748,heliport,Rotenburg an der Fulda Cardiovascular Center Heliport,51.004436,9.738468,,EU,DE,DE-HE,Rotenburg an der Fulda,no,,,,,,,,,,,,,
515947.0,DE-0749,heliport,Bad Salzungen Hospital Heliport,50.8042,10.21672,942.0,EU,DE,DE-TH,Bad Salzungen,no,,,,,,,,,,,,,
515949.0,DE-0750,heliport,Sankt Georg Hospital Eisenach Heliport,50.98755,10.31667,755.0,EU,DE,DE-TH,Eisenach,no,,,,,,,,,,,,,
515977.0,DE-0751,heliport,Sankt Georg Hospital Leipzig Reserve Heliport,51.38289,12.37341,381.0,EU,DE,DE-SN,Leipzig,no,,,,,,,,,,,,,
515978.0,DE-0752,heliport,Sankt George Hospital Leipzig Heliport,51.38325,12.37594,,EU,DE,DE-SN,Leipzig,no,,,,,,,,,,,,,
515979.0,DE-0753,heliport,Leipzig University Hospital Heliport 1,51.33016,12.38692,,EU,DE,DE-SN,Leipzig,no,,,,,,,,,,,,,
515980.0,DE-0754,heliport,Evangelical Deaconess Hospital Leipzig Heliport,51.34239,12.31806,374.0,EU,DE,DE-SN,Leipzig,no,,,,,,,Hubschrauberlandeplatz Evangelisches Diakonissenkrankenhaus Leipzig,,,,,,
515981.0,DE-0755,heliport,Leipzig Heart Center Ground Heliport,51.30605,12.43675,476.0,EU,DE,DE-SN,Leipzig,no,,,,,,,,,,,,,
515983.0,DE-0756,heliport,Leipzig Heart Center Rooftop Heliport,51.30757,12.43564,,EU,DE,DE-SN,Leipzig,no,,,,,,,,,,,,,
515984.0,DE-0757,heliport,Sankt Elisabeth Hospital Leipzig Heliport,51.30341,12.37863,,EU,DE,DE-SN,Leipzig,no,,,,,,,,,,,,,
515985.0,DE-0758,heliport,Helios Clinic Schkeuditz Heliport,51.39533,12.22929,384.0,EU,DE,DE-SN,Schkeuditz,no,,,,,,,,,,,,,
515986.0,DE-0759,heliport,Regiomed Hospital Lichtenfels Heliport,50.13885,11.08157,,EU,DE,DE-BY,Lichtenfels,no,,,,,,,,,,,,,
515988.0,DE-0760,heliport,Leipzig University Hospital Heliport 2,51.32916,12.38882,,EU,DE,DE-SN,Leipzig,no,,,,,,,,,,,,,
515989.0,DE-0761,heliport,Martha-Maria Halle-Dölau Hospital Heliport,51.50387,11.8801,407.0,EU,DE,DE-ST,Halle (Saale),no,,,,,,,,,,,,,
515990.0,DE-0762,heliport,BG Hospital Bergmannstrost Halle Heliport,51.46054,11.98771,,EU,DE,DE-ST,Halle (Saale),no,,,,,,,,,,,,,
515991.0,DE-0763,heliport,Sankt Elisabeth and Sankt Barbara Hospital Halle (Saale) Heliport,51.47723,11.96897,,EU,DE,DE-ST,Halle (Saale),no,,,,,,,,,,,,,
515992.0,DE-0764,heliport,Halle (Saale) University Hospital Heliport,51.50082,11.93521,,EU,DE,DE-ST,Halle (Saale),no,,,,,,,,,,,,,
515993.0,DE-0765,heliport,Asklepios Clinic Weißenfels Heliport,51.19365,11.95542,449.0,EU,DE,DE-ST,Weißenfels,no,,,,,,,,,,,,,
516014.0,DE-0766,heliport,AMEOS Hospital Aschersleben Heliport,51.74479,11.45676,449.0,EU,DE,DE-ST,Aschersleben,no,,,,,,,,,,,,,
516017.0,DE-0767,closed,Alteno Air Base,51.8675,13.7817,,EU,DE,DE-BR,Luckau,no,,,,,,,,,,,,,
516018.0,DE-0768,heliport,KMG Hospital Luckenwalde Heliport,52.09918,13.18359,154.0,EU,DE,DE-BR,Luckenwalde,no,,,,,,,,,,,,,
516021.0,DE-0769,heliport,Bitterfield-Wolfen Health Center Heliport,51.63308,12.33311,249.0,EU,DE,DE-ST,Bitterfeld-Wolfen,no,,,,,,,,,,,,,
516022.0,DE-0770,heliport,Hohe Warte Hospital Heliport,49.96745,11.58573,1345.0,EU,DE,DE-BY,Bayreuth,no,,,,,,,,,,,,,
516023.0,DE-0771,heliport,Bayreuth Hospital Heliport,49.94438,11.5355,1388.0,EU,DE,DE-BY,Bayreuth,no,,,,,,,Christoph 20,,,,,,
516024.0,DE-0772,heliport,Nordoberpfalz Hospital Kemnath Heliport,49.86856,11.89058,1512.0,EU,DE,DE-BY,Kemnath,no,,,,,,,,,,,,,
516025.0,DE-0773,heliport,Dessau Municipal Hospital Rooftop Heliport,51.81586,12.19702,,EU,DE,DE-ST,Dessau-Roßlau,no,,,,,,,,,,,,,
516027.0,DE-0774,heliport,Dessau Municipal Hospital Ground Heliport,51.81604,12.19411,190.0,EU,DE,DE-ST,Dessau-Roßlau,no,,,,,,,,,,,,,
516028.0,DE-0775,heliport,Helios Hospital Hettstedt Heliport,51.66112,11.49327,728.0,EU,DE,DE-ST,Hettstedt,no,,,,,,,,,,,,,
516029.0,DE-0776,heliport,Elbe-Elster Hospital Elsterwerda Heliport,51.45563,13.52217,312.0,EU,DE,DE-BR,Elsterwerda,no,,,,,,,,,,,,,
516038.0,DE-0777,heliport,Torgau District Hospital Heliport,51.56142,12.98388,,EU,DE,DE-SN,Torgau,no,,,,,,,,,,,,,
516039.0,DE-0778,heliport,Elbe-Elster Hospital Herzberg Heliport,51.68606,13.20694,269.0,EU,DE,DE-BR,Herzberg (Elster),no,,,,,,,,,,,,,
516040.0,DE-0779,heliport,Johanniter Hospital Treuenbrietzen Heliport,52.08331,12.87572,233.0,EU,DE,DE-BR,Treuenbrietzen,no,,,,,,,,,,,,,
516045.0,DE-0780,heliport,Hephata Hospital Heliport,50.90977,9.16633,823.0,EU,DE,DE-HE,Schwalmstadt,no,,,,,,,,,,,,,
516074.0,DE-0781,heliport,Sankt Franziskus Hospital Winterberg Heliport,51.19336,8.53671,2228.0,EU,DE,DE-NW,Winterberg,no,,,,,,,,,,,,,
516076.0,DE-0782,heliport,Grafschaft Abbey Specialty Hospital Heliport,51.14439,8.32323,1427.0,EU,DE,DE-NW,Schmallenberg,no,,,,,,,,,,,,,
516078.0,DE-0783,heliport,Bad Berleburg Air Rescue Heliport,51.06198,8.40527,1490.0,EU,DE,DE-NW,Bad Berleburg,no,,,,,,,,,,,,,
516079.0,DE-0784,heliport,Flemmingstraße Hospital Ground Heliport,50.84617,12.88346,1096.0,EU,DE,DE-SN,Chemnitz,no,,,,,,,,,,,,,
516080.0,DE-0785,heliport,Flemmingstraße Hospital Rooftop Heliport,50.845721,12.885257,,EU,DE,DE-SN,Chemnitz,no,,,,,,,,,,,,,
516081.0,DE-0786,heliport,Helios Clinic Aue Heliport,50.59296,12.71597,,EU,DE,DE-SN,Aue-Bad Schlema,no,,,,,,,,,,,,,
516082.0,DE-0787,heliport,Bergstadt Schneeberg Polyclinic Heliport,50.60464,12.64301,1578.0,EU,DE,DE-SN,Schneeberg,no,,,,,,,,,,,,,
516083.0,DE-0788,heliport,Heinrich Braun Hospital Kirchberg Heliport,50.62645,12.56295,1547.0,EU,DE,DE-SN,Kirchberg,no,,,,,,,,,,,,,
516084.0,DE-0789,heliport,ADAC Air Rescue Station Zwickau Heliport,50.71988,12.43055,1135.0,EU,DE,DE-SN,Zwickau,no,,,,,,,Christoph 46,,,,,,
516085.0,DE-0790,heliport,Erlabrunn Hospital Heliport,50.47181,12.70706,,EU,DE,DE-SN,Breitenbrunn/Erzgebirge,no,,,,,,,,,,,,,
516086.0,DE-0791,heliport,Paracelsus Hospital Schöneck Heliport,50.39778,12.33596,2405.0,EU,DE,DE-SN,Schöneck/Vogtland,no,,,,,,,,,,,,,
516087.0,DE-0792,heliport,Paracelsus Hospital Adorf Heliport,50.32971,12.29068,1818.0,EU,DE,DE-SN,Adorf/Vogtland,no,,,,,,,,,,,,,
516088.0,DE-0793,heliport,Fichtelgebirge Hospital Selb Heliport,50.16957,12.11761,1814.0,EU,DE,DE-SN,Selb,no,,,,,,,,,,,,,
516095.0,DE-0794,heliport,Paul-Gerhardt-Stift Evangelical Hospital Heliport,51.87057,12.65704,246.0,EU,DE,DE-ST,Wittenberg,no,,,,,,,,,,,,,
516096.0,DE-0795,heliport,MediClin Heart Center Coswig Heliport,51.87831,12.47623,226.0,EU,DE,DE-SN,Coswig (Anhalt),no,,,,,,,,,,,,,
516097.0,DE-0796,heliport,Ernst von Bergmann Hospital Bad Belzig Heliport,52.14079,12.59828,,EU,DE,DE-BR,Bad Belzig,no,,,,,,,,,,,,,
516104.0,DE-0797,heliport,AMEOS Hospital Staßfurt Heliport,51.85366,11.59181,217.0,EU,DE,DE-ST,Staßfurt,no,,,,,,,,,,,,,
516105.0,DE-0798,heliport,Lausitzer Seenland Hospital Heliport,51.44227,14.27334,,EU,DE,DE-SN,Hoyerswerda,no,,,,,,,,,,,,,
517320.0,DE-0799,closed,Oldenburg Air Base,53.18025,8.16088,30.0,EU,DE,DE-NI,Oldenburg,no,,,,,,https://en.wikipedia.org/wiki/Oldenburg_Air_Base,"Fliegerhorst Oldenburg, RAF Oldenburg",,,,,,
517552.0,DE-0800,closed,Eilenburg Airfield,51.507652,12.682116,331.0,EU,DE,DE-SN,Eilenburg,no,,,,,,,,,,,,,
521444.0,DE-0801,small_airport,Aßberg UL,48.71549,13.68585,,EU,DE,DE-BY,Jandelsbrunn,no,,,,,,,,,,,,,
530118.0,DE-0802,closed,Fahrensodde Naval Air Base,54.823,9.464,0.0,EU,DE,DE-SH,Solitüde,no,,,,,,,,,,,,,
533506.0,DE-0803,heliport,DRK Altenkirchen Hospital Heliport,50.68258,7.62942,758.0,EU,DE,DE-RP,Altenkirchen,no,,,,,,,,,,,,,
533626.0,DE-0804,closed,Friesoythe ULM,53.02963,7.79992,23.0,EU,DE,DE-NI,Friesoythe,no,,,,,http://www.mbc-friesoythe.de/platz,,,,,,,,
533827.0,DE-0805,small_airport,Westerenger Airfield,52.12826,8.51346,390.0,EU,DE,DE-NW,Enger,no,,,,,,,,,,,,,
533858.0,DE-0806,closed,Sülte-Boldela Airfield,53.53758,11.40853,,EU,DE,DE-MV,Sülstorf-Boldela,no,,,,,https://www.mil-airfields.de/germany/suelte-boldela-airfield.html,,,,,,,,
533863.0,DE-0807,closed,Störmede Air Base,51.61574,8.46649,,EU,DE,DE-NW,Geseke,no,,,,,,,Fliegerhorst Störmede,,,,,,
533865.0,DE-0808,heliport,Göttingen University Clinic Heliport,51.5517,9.94329,541.0,EU,DE,DE-NI,Göttingen,no,,,,,,,Christoph 44,,,,,,
533866.0,DE-0809,closed,Goslar Air Base,51.93223,10.43434,,EU,DE,DE-NI,Goslar,no,,,,,,,Fliegerhorst Goslar,,,,,,
533891.0,DE-0810,closed,Schwäbisch Gmünd Army Airfield,48.8141,9.8039,,EU,DE,DE-BW,Mutlangen,no,,,,,,,EDIX,,,,,,
534593.0,DE-0811,heliport,Hegau-Jugendwerk Neurological Hospital Heliport,47.69144,8.76817,1440.0,EU,DE,DE-BW,Gailingen am Hochrhein,no,,,,,,,,,,,,,
534599.0,DE-0812,heliport,Christophsbad Heliport,48.70053,9.64216,1093.0,EU,DE,DE-BW,Göppingen,no,,,,,,,,,,,,,
534861.0,DE-0813,heliport,Sulingen Auxiliary Helicopter Base,52.651472,8.886417,118.0,EU,DE,DE-NI,Maasen,no,,,,,,,"ALP Sulingen, Außenlandeplatz Sulingen, ETHB, HB01",,,,,,
535301.0,DE-0814,small_airport,Ottmarsbocholt Airfield,51.82325,7.51512,200.0,EU,DE,DE-NW,Lüdinghausen,no,,,,,,,"Flugplatz Ottmarsbocholt, MFC Ottmarsbocholt",,,,,,
563502.0,DE-0815,heliport,Autobahn Police Wiesbaden Heliport,50.09831,8.34958,692.0,EU,DE,DE-HE,Wiesbaden,no,,,,,,,,,,,,,
563517.0,DE-0816,heliport,Idstein Volunteer Fire Department Heliport,50.21697,8.25538,1047.0,EU,DE,DE-HE,Idstein,no,,,,,,,,,,,,,
563520.0,DE-0817,heliport,Catholic Hospital Koblenz-Montabaur Heliport,50.43125,7.83303,840.0,EU,DE,DE-RP,Montabaur,no,,,,,,,,,,,,,
563521.0,DE-0818,heliport,Autobahn Police Heiligenroth Heliport,50.44692,7.84539,873.0,EU,DE,DE-RP,Heiligenroth,no,,,,,,,,,,,,,
563523.0,DE-0819,heliport,Kalkberg Heliport,50.94758,6.99728,243.0,EU,DE,DE-NW,Köln,no,,,,,,,,,,,,,
563525.0,DE-0820,closed,Congress Center East Kölnmesse Heliport,50.94327,6.98101,,EU,DE,DE-NW,Köln,no,,,,,,,,,,,,,
563529.0,DE-0821,closed,Siegburg Volunteer Fire Department Helipad,50.79913,7.21431,210.0,EU,DE,DE-NW,Siegburg,no,,,,,,,,,,,,,
563539.0,DE-0822,closed,Former Bad Homburg Hospital Helipad,50.2229,8.60879,587.0,EU,DE,DE-HE,Bad Homburg,no,,,,,,,,,,,,,
563541.0,DE-0823,heliport,Ransbach-Baumbach Volunteer Fire Department Heliport,50.46293,7.73081,1005.0,EU,DE,DE-RP,Ransbach-Baumbach,no,,,,,,,,,,,,,
563542.0,DE-0824,heliport,DRK Kamillus Hospital Asbach Heliport,50.66839,7.42471,886.0,EU,DE,DE-NW,Asbach,no,,,,,,,,,,,,,
563546.0,DE-0825,heliport,Neurath Power Station Heliport,51.03358,6.61428,312.0,EU,DE,DE-NW,Grevenbroich,no,,,,,,,,,,,,,
563547.0,DE-0826,heliport,Garzweiler Opencast Mine Heliport,51.06548,6.54156,207.0,EU,DE,DE-NW,Grevenbroich,no,,,,,,,,,,,,,
563549.0,DE-0827,heliport,Ayrshire Barracks South Heliport,51.16992,6.39323,269.0,EU,DE,DE-NW,Mönchengladbach,no,,,,,,,,,,,,,
563551.0,DE-0828,heliport,Grimma Hospital Heliport,51.2373,12.71939,472.0,EU,DE,DE-SN,Grimma,no,,,,,,,,,,,,,
563552.0,DE-0829,heliport,Autobahn Police South Hesse Heliport,49.86663,8.62122,420.0,EU,DE,DE-HE,Darmstadt,no,,,,,,,,,,,,,
563553.0,DE-0830,heliport,Dobeln Hospital Heliport,51.117054,13.129225,577.0,EU,DE,DE-SN,Dobeln,no,,,,,,,,,,,,,
563564.0,DE-0831,closed,Mittweida District Hospital Helipad,50.98086,12.98357,961.0,EU,DE,DE-SN,Mittweida,no,,,,,,,,,,,,,
563566.0,DE-0832,heliport,Carl von Basedow Saalekreis Hospital Querfurt Heliport,51.37063,11.60606,673.0,EU,DE,DE-ST,Querfurt,no,,,,,,,,,,,,,
564894.0,DE-0833,heliport,Naumburg Hospital Heliport,51.16025,11.81553,420.0,EU,DE,DE-ST,Naumburg,no,,,,,,,Naumburg (Saale),,,,,,
564896.0,DE-0834,heliport,Leipzig Police Academy Heliport,51.37804,12.38731,390.0,EU,DE,DE-SN,Leipzig,no,,,,,,,Polizeifachschule Leipzig,,,,,,
564901.0,DE-0835,heliport,Ingolstadt Municipal Heliport,48.77016,11.41878,1234.0,EU,DE,DE-BY,Ingolstadt,no,,,,,,,,,,,,,
564909.0,DE-0836,heliport,Rheinhessen Specialty Hospital Alzey Heliport,49.74042,8.128,581.0,EU,DE,DE-RP,Alzey,no,,,,,,,,,,,,,
564931.0,DE-0837,heliport,Helios Hospital Lutherstadt Eisleben Heliport,51.53362,11.54092,538.0,EU,DE,DE-ST,Lutherstadt Eisleben,no,,,,,,,,,,,,,
564932.0,DE-0838,heliport,Sankt Marienworth Hospital Heliport,49.846918,7.861823,,EU,DE,DE-RP,Bad Kreuznach,no,,,,,,,,,,,,,
564934.0,DE-0839,heliport,Robert Koch Hospital Heliport,51.01379,11.51299,676.0,EU,DE,DE-TH,Apolda,no,,,,,,,,,,,,,
564936.0,DE-0840,heliport,Fossiliengrube Heliport,49.90611,11.46417,1388.0,EU,DE,DE-BY,Mistelgau,no,,,,,,,,,,,,,
564937.0,DE-0841,heliport,Bayreuth Psychiatric Hospital Heliport,49.95663,11.56823,1122.0,EU,DE,DE-BY,Bayreuth,no,,,,,,,,,,,,,
564938.0,DE-0842,heliport,Zeitz Hospital Heliport,51.03202,12.16044,866.0,EU,DE,DE-ST,Zeitz,no,,,,,,,,,,,,,
564939.0,DE-0843,heliport,Sana Hospital Borna Heliport,51.13545,12.5065,525.0,EU,DE,DE-SN,Borna,no,,,,,,,,,,,,,
564949.0,DE-0844,heliport,Autobahn Police Ruchheim Heliport,49.47969,8.32379,328.0,EU,DE,DE-RP,Ludwigshafen am Rhein,no,,,,,,,,,,,,,
572114.0,DE-0845,closed,Kalkhorst Agricultural Airfield,53.97492,11.02248,79.0,EU,DE,DE-MV,Kalkhorst,no,,,,,,,,,,,,,
575545.0,DE-0846,heliport,Helios Clinic Munich West Heliport,48.14521,11.45391,1732.0,EU,DE,DE-BY,München,no,,,,,,,Pasing,,,,,,
575546.0,DE-0847,heliport,Deutschherrnwiese Heliport,49.45495,11.05905,981.0,EU,DE,DE-BY,Nürnberg,no,,,,,,,Pasing,,,,,,
575547.0,DE-0848,heliport,München North Railyard Northeast Helipad,48.19426,11.50915,1644.0,EU,DE,DE-BY,München,no,,,,,,,Pasing,,,,,,
575548.0,DE-0849,heliport,München North Railyard West Helipad 2,48.20183,11.47368,1657.0,EU,DE,DE-BY,München,no,,,,,,,Pasing,,,,,,
575549.0,DE-0850,heliport,München North Railyard West Helipad 1,48.19838,11.48255,1650.0,EU,DE,DE-BY,München,no,,,,,,,Pasing,,,,,,
575551.0,DE-0851,heliport,Ostallgäu-Kaufbeuren Hospital Heliport,47.88773,10.60982,2349.0,EU,DE,DE-BY,Kaufbeuren,no,,,,,,,Pasing,,,,,,
575552.0,DE-0852,heliport,Starnberg Emergency Heliport,48.01887,11.32643,2161.0,EU,DE,DE-BY,Starnberg,no,,,,,,,Pasing,,,,,,
575553.0,DE-0853,heliport,Hanau Fire Department Emergency Heliport,50.14534,8.94291,354.0,EU,DE,DE-HE,Hanau,no,,,,,,,Pasing,,,,,,
575554.0,DE-0854,heliport,Dippenricht Heliport,49.25398,11.36318,1450.0,EU,DE,DE-BY,Berngau,no,,,,,,,Pasing,,,,,,
575697.0,DE-0855,closed,Schkopau Heliport,51.393913,11.985662,272.0,EU,DE,DE-ST,Schkopau,no,,,,,,,,,,,,,
575698.0,DE-0856,heliport,Bavaria Hospital Kreischa Heliport,50.94682,13.76707,725.0,EU,DE,DE-SN,Kreischa,no,,,,,,,,,,,,,
575699.0,DE-0857,heliport,Helios Clinic Freital Heliport,50.99179,13.64548,,EU,DE,DE-SN,Freital,no,,,,,,,,,,,,,
575704.0,DE-0858,heliport,Ilm District Hospital Arnstadt-Ilmenau Heliport,50.83944,10.94069,,EU,DE,DE-TH,Arnstadt,no,,,,,,,,,,,,,
575705.0,DE-0859,heliport,DRF Rescue Station Bad Berka Heliport,50.88991,11.26387,1109.0,EU,DE,DE-TH,Bad Berka,no,,,,,,,,,,,,,
575707.0,DE-0860,heliport,Bad Berka Central Hospital Heliport,50.88993,11.26623,,EU,DE,DE-TH,Bad Berka,no,,,,,,,,,,,,,
575727.0,DE-0861,heliport,Weilheim Rescue Heliport,47.82553,11.14297,1847.0,EU,DE,DE-BY,Weilheim in Oberbayern,no,,,,,,,,,,,,,
575728.0,DE-0862,heliport,Lauterbacher Mühle am Ostersee Private Hospital Heliport,47.79255,11.2915,1955.0,EU,DE,DE-BY,Iffeldorf,no,,,,,,,,,,,,,
575729.0,DE-0863,heliport,Feldafing Heliport,47.93597,11.29251,2034.0,EU,DE,DE-BY,Feldafing,no,,,,,,,,,,,,,
575730.0,DE-0864,heliport,Aschaffenburg Hospital Heliport,49.9767,9.18859,751.0,EU,DE,DE-BY,Aschaffenburg,no,,,,,,,,,,,,,
575731.0,DE-0865,heliport,Neustadt Hospital Heliport,49.58199,10.62407,1089.0,EU,DE,DE-BY,Neustadt an der Aisch,no,,,,,,,,,,,,,
575732.0,DE-0866,heliport,Schützenplatz Emergency Heliport,50.98716,12.98901,951.0,EU,DE,DE-SN,Mittweida,no,,,,,,,,,,,,,
575824.0,DE-0867,heliport,Brandweg Heliport,47.46448,11.02754,2861.0,EU,DE,DE-BY,Grainau,no,,,,,,,,,,,,,
575825.0,DE-0868,heliport,Main-Spessart Hospital Marktheidenfeld Campus Heliport,49.84949,9.62573,705.0,EU,DE,DE-BY,Marktheidenfeld,no,,,,,,,,,,,,,
575826.0,DE-0869,heliport,Camp Albertshof Army Heliport,49.23691,11.82518,1549.0,EU,DE,DE-BY,Hohenfels,no,,,,,,,,,,,,,
575833.0,DE-0870,heliport,Höllentalangerhütte Mountain Rescue Heliport,47.43736,11.02358,4541.0,EU,DE,DE-BY,Grainau,no,,,,,,,,,,,,,
577181.0,DE-0871,heliport,Erding District Hospital Heliport,48.29414,11.8956,1542.0,EU,DE,DE-BY,Erding,no,,,,,,,,,,,,,
577182.0,DE-0872,heliport,Haar Hospital Heliport,48.11777,11.74781,1788.0,EU,DE,DE-BY,Haar,no,,,,,,,,,,,,,
577220.0,DE-0873,heliport,Eisenberg Forest Rudolf Elle Hospital Heliport,50.95682,11.88139,1152.0,EU,DE,DE-TH,Eisenberg,no,,,,,,,,,,,,,
2204.0,DE-0875,closed,Cottbus-Drewitz Airport,51.889442,14.531944,272.0,EU,DE,DE-BR,Jänschwalde,no,,,,,,https://en.wikipedia.org/wiki/Cottbus-Drewitz_Airport,"EDCD, CBU",,,,,,
2223.0,DE-0876,closed,Berlin-Tegel Otto Lilienthal International Airport,52.557675,13.29185,122.0,EU,DE,DE-BE,Berlin,no,,,,,http://www.berlin-airport.de/en/travellers-txl/index.php,https://en.wikipedia.org/wiki/Berlin_Tegel_Airport,"TXL, EDDT, Otto Lilienthal, EDTT",,,,,,
2258.0,DE-0877,closed,Schwerin Parchim International Airport,53.426998,11.7834,166.0,EU,DE,DE-MV,Parchim,no,,,,,,https://en.wikipedia.org/wiki/Parchim_International_Airport,"EDOP, SZW",,,,,,
2279.0,DE-0878,closed,Brandenburg-Briest Airport,52.43861,12.458333,102.0,EU,DE,DE-BR,Brandenburg an der Havel,no,,,,,,,"EDUB, EDUB",,,,,,
2282.0,DE-0879,closed,Templin/Groß Dölln Airfield,53.028258,13.54022,174.0,EU,DE,DE-BR,Templin,no,,,,,,http://de.wikipedia.org/wiki/EDUT,"EDUT, Flugplatz Templin/Groß Dölln",,,,,,
2287.0,DE-0880,closed,Bremerhaven Airport,53.506943,8.572778,10.0,EU,DE,DE-HB,Bremerhaven,no,,,,,,https://en.wikipedia.org/wiki/Bremerhaven_Airport,"BRV, EDWB",,,,,,
2731.0,DE-0881,closed,Hanau Army Air Field,50.169201,8.96159,368.0,EU,DE,DE-HE,Erlensee,no,,,,,,,"ETID, Langendiebach Airfield",,,,,,
2738.0,DE-0882,closed,Jever Air Base,53.533501,7.88867,24.0,EU,DE,DE-NI,Schortens,no,,,,,,https://de.wikipedia.org/wiki/Flugplatz_Jever,"ETNJ, Fliegerhorst Jever, Flugplatz Jever",,,,,,
2748.0,DE-0883,closed,Landsberg am Lech Air Base,48.070599,10.906,2044.0,EU,DE,DE-BY,Penzing,no,,,,,,,ETSA,,,,,,
2750.0,DE-0884,closed,Erding Air Base,48.3223,11.9487,1515.0,EU,DE,DE-BY,Erding,no,,,,,,https://de.wikipedia.org/wiki/Fliegerhorst_Erding,"Fliegerhorst Erding, ETSE",,,,,,
2751.0,DE-0885,closed,Fürstenfeldbruck Air Base,48.205555,11.266944,1703.0,EU,DE,DE-BY,Fürstenfeldbruck,no,,,,,,https://en.wikipedia.org/wiki/F%C3%BCrstenfeldbruck_Air_Base,"ETSF, ETSF, FEL",,,,,,
2756.0,DE-0886,closed,Gütersloh Air Base,51.922104,8.308732,236.0,EU,DE,DE-NW,Gütersloh,no,,,,,,https://en.wikipedia.org/wiki/RAF_G%C3%BCtersloh,"RAF Gütersloh, Princess Royal Barracks Gütersloh, EDUO, ETUO, GUT",,,,,,
28534.0,DE-0887,closed,Bordelum Airfield,54.627499,8.930278,3.0,EU,DE,DE-SH,Bredstedt,no,,,,,,,"EDWA, EDWA",,,,,,
28549.0,DE-0888,closed,Emmel Airfield Dedelow Airport,53.356388,13.783611,213.0,EU,DE,DE-BR,Prenzlau,no,,,,,,,"EDBD, EDBD",,,,,,
28563.0,DE-0889,closed,Fürstenwalde Airport,52.390598,14.0972,184.0,EU,DE,DE-BR,Fürstenwalde/Spree,no,,,,,,,"EDAL, Fuerstenwalde",,,,,,
28617.0,DE-0890,closed,Karlsruhe-Forchheim Airport,48.9843,8.3355,381.0,EU,DE,DE-BW,Rheinstetten,no,,,,,,http://de.wikipedia.org/wiki/Flugplatz_Karlsruhe-Forchheim,"EDTK, QCA",,,,,,
28636.0,DE-0891,closed,Lemwerder Airport,53.144699,8.62444,20.0,EU,DE,DE-HB,Lemwerder,no,,,,,,https://de.wikipedia.org/wiki/Flugplatz_Lemwerder,"EDWD, EDWD, XLW",,,,,,
28656.0,DE-0892,closed,Nauen Airport,52.6278,12.9139,112.0,EU,DE,DE-BR,,no,,,,,,,"EDCN, EDCN",,,,,,
28669.0,DE-0893,closed,Nordenbeck Airport,51.2350791174,8.81752610207,1453.0,EU,DE,DE-HE,,no,,,,,,,"EDGN, EDGN",,,,,,
29394.0,DE-0894,closed,Baumholder Army Air Field,49.650299,7.30007,,EU,DE,DE-RP,,no,,,,,,,ETEK,,,,,,
29398.0,DE-0895,closed,Cottbus Army Airfield,51.767899,14.292,220.0,EU,DE,DE-BR,Cottbus,no,,,,,http://www.flugplatzmuseumcottbus.de/,https://en.wikipedia.org/wiki/Cottbus_Air_Base,ETHT,,,,,,
29400.0,DE-0896,closed,Eggebeck Air Base,54.624802,9.346,65.0,EU,DE,DE-SH,,no,,,,,,,"ETME, ETME",,,,,,
29401.0,DE-0897,closed,Hopsten Air Base,52.33869934082,7.5413298606873,423.0,EU,DE,DE-NW,Hopsten,no,,,,,,,"Airport Dreierwalde, ETNP",,,,,,
29404.0,DE-0898,closed,Brüggen Air Base,51.199699,6.13208,248.0,EU,DE,DE-NW,Niederkrüchten,no,,,,,,https://en.wikipedia.org/wiki/RAF_Bruggen,ETUR,,,,,,
29677.0,DE-0899,closed,Babenhausen Airfield,49.952499,8.968056,928.0,EU,DE,DE-HE,Babenhausen,no,,,,,,,"EDEF, Flugplatz Babenhausen",,,,,,
29724.0,DE-0900,closed,Brand-Briesen Airfield,52.035862,13.746214,230.0,EU,DE,DE-BR,Halbe,no,,,,,,https://en.wikipedia.org/wiki/Brand-Briesen_Airfield,EDUC,,,,,,
30591.0,DE-0901,closed,Flughafen München-Riem,48.137798,11.6903,,EU,DE,DE-BY,Munich,no,,,,,,https://en.wikipedia.org/wiki/Munich-Riem_airport,"EDDM, MUC, XMUC",,,,,,
30984.0,DE-0902,closed,Leipheim Air Base,48.439999,10.2356,1604.0,EU,DE,DE-BY,Leipheim,no,,,,,,,"EDSD, EDSD",,,,,,
31022.0,DE-0903,closed,Ahlhorn Air Force Base,52.888915,8.236055,162.0,EU,DE,DE-NI,Großenkneten,no,,,,,,,ETNA,,,,,,
34923.0,DE-0904,closed,Gatow Airport,52.4744,13.1381,161.0,EU,DE,DE-BE,Spandau,no,,,,,,https://en.wikipedia.org/wiki/Gatow_Airport,"GWW, EDBG, General-Steinhoff Kaserne, Luftwaffenmuseum der Bundeswehr, RAF Gatow",,,,,,
43123.0,DE-0905,closed,Pellworm Field,54.536388,8.68,3.0,EU,DE,DE-SH,Pellworm,no,,,,,,,"UL-Field, EDHP",,,,,,
308946.0,DE-0906,closed,RAF Wildenrath,51.1141,6.2151,285.0,EU,DE,DE-NW,British Armed Forces,no,,,,,,https://en.wikipedia.org/wiki/RAF_Wildenrath,"WID, WID",,,,,,
314608.0,DE-0907,closed,Sembach Air Base,49.507,7.866,1050.0,EU,DE,DE-RP,Sembach,no,,,,,,https://en.wikipedia.org/wiki/Sembach_Kaserne,"ETAS, ETAS, SEX",,,,,,
319948.0,DE-0908,closed,Ahlhorn Airport,52.888968,8.233252,161.0,EU,DE,DE-NI,Großenkneten,no,,,,,http://www.metropolpark-hansalinie.de/service/sonderlandeplatz/,,"Ahlhorn, EDHA",,,,,,
331422.0,DE-0909,closed,Pferdsfeld Air Base,49.855,7.603333,,EU,DE,DE-RP,,no,,,,,,https://de.wikipedia.org/wiki/Fliegerhorst_Pferdsfeld,"ETSP, ETSP",,,,,,
46652.0,DE-0910,small_airport,Rheinstetten Glider Field,48.9777,8.3425,380.0,EU,DE,DE-BW,Rheinstetten,no,,,,,http://www.sfg-reiselfingen.de/,,,,,,,,
355231.0,DE-0911,heliport,Christoph Hansa ADAC Helipad,53.507971,10.173382,136.0,EU,DE,DE-HH,Hamburg,no,,,,HHBG,,https://de.wikipedia.org/wiki/Christoph_Hansa,"HHBG, BG Klinikum Boberg",,,,,,
594322.0,DE-0912,heliport,Bocholt Heliport,51.82111,6.61704,,EU,DE,DE-NW,Bocholt,no,,,,,,,,,,,,,
594387.0,DE-0913,heliport,Marien Hospital Papenberg Aschendorf Heliport,53.07414,7.39295,23.0,EU,DE,DE-NI,Papenberg,no,,,,,,,,,,,,,
597912.0,DE-0914,heliport,Borkum Island Hospital Heliport,53.584915,6.670228,12.0,EU,DE,DE-NI,,no,,,,IKHB,,,,,,,,,
597934.0,DE-0915,heliport,Borkum Riffgrund II Helideck,53.952,6.488,100.0,EU,DE,DE-XX,North Sea,no,,,,DE30,https://www.jandenul.com/our-projects/offshore-windfarm-borkum-riffgrund-2-germany,,,,,,,,
598102.0,DE-0916,closed,Cologne Butzweilerhof Airport,50.984,6.887222,158.0,EU,DE,DE-NW,Colongne,no,,,,,,https://en.wikipedia.org/wiki/Cologne_Butzweilerhof_Airport,Manfred von Richthofen,,,,,,
598257.0,DE-0917,closed,Hubertushöhe Seaplane Base,52.23822,13.97379,,EU,DE,DE-BR,,no,,,,,,,,,,,,,
598403.0,DE-0918,closed,Sana Hospital Offenbach Heliport,50.093103,8.756274,350.0,EU,DE,DE-HE,Offenbach am Main,no,,,,,,,,,,,,,
598516.0,DE-0919,heliport,Kesselsdorf Heliport,51.033016,13.581533,,EU,DE,DE-SN,,no,,,,,,,,,,,,,
598868.0,DE-0920,small_airport,Waldmössingen Paramotor Field,48.26658,8.51458,,EU,DE,DE-BW,,no,,,,,,,,,,,,,
599124.0,DE-0921,small_airport,Altstetten Ultralight Field,48.30629,11.28652,,EU,DE,DE-BY,Altstetten,yes,,,,,,,,,,,,,
599479.0,DE-0922,heliport,Frankfurt am Main Accident Hospital Roof Helipad,50.145472,8.708981,,EU,DE,DE-HE,Frankfurt,no,,,,,,,,,,,,,
600033.0,DE-0923,small_airport,Colnrade Ultralight Field,52.83994,8.50037,,EU,DE,DE-NI,,no,,,,,https://easy-flying.jimdosite.com/,,,,,,,,
601208.0,DE-0924,small_airport,Worth Ultralight strip,53.4769,10.40871,,EU,DE,DE-SH,,no,,,,,,,,,,,,,
28574.0,EDBX,small_airport,Görlitz Airfield,51.15889,14.950278,778.0,EU,DE,DE-SN,Görlitz,no,,,EDBX,,,http://de.wikipedia.org/wiki/Flugplatz_G%C3%B6rlitz,Goerlitz,,,,,,
28519.0,EDCB,small_airport,Ballenstedt Airfield,51.745834,11.229722,535.0,EU,DE,DE-ST,Ballenstedt,no,,,EDCB,,http://www.flugplatz-ballenstedt.de,https://de.wikipedia.org/wiki/Flugplatz_Ballenstedt,"Flugplatz Ballenstedt, Verkehrslandeplatz Ballenstedt/Quedlinburg",,,,,,
28562.0,EDCF,closed,Friedersdorf Glider Field,52.283298,13.8069,115.0,EU,DE,DE-BR,,no,,,,,,https://de.wikipedia.org/wiki/Flugplatz_Friedersdorf,EDCF,,,,,,
28503.0,EDCQ,small_airport,Aschersleben Airfield,51.766945,11.498333,525.0,EU,DE,DE-ST,Aschersleben,no,,,EDCQ,,,https://de.wikipedia.org/wiki/Flugplatz_Aschersleben,,,,,,,
28703.0,EDCR,small_airport,Rerik-Zweedorf Airfield,54.081944,11.649167,30.0,EU,DE,DE-MV,Bastorf,no,,,EDCR,,,https://de.wikipedia.org/wiki/Flugplatz_Rerik-Zweedorf,,,,,,,
28712.0,EDCS,small_airport,Saarmund Airfield,52.308334,13.100556,174.0,EU,DE,DE-BR,Nuthetal,no,,,EDCS,,,https://de.wikipedia.org/wiki/Flugplatz_Saarmund,,,,,,,
29069.0,EDCT,small_airport,Taucha Airfield,51.395,12.536944,492.0,EU,DE,DE-SN,Taucha,no,,,EDCT,,http://www.fclt.de/,http://de.wikipedia.org/wiki/Flugplatz_Taucha,Flugplatz Taucha,,,,,,
28583.0,EDCU,small_airport,Güstrow Airfield,53.805279,12.230556,46.0,EU,DE,DE-MV,Güstrow,no,,,EDCU,,,https://de.wikipedia.org/wiki/Flugplatz_G%C3%BCstrow,,,,,,,
28687.0,EDCV,small_airport,Pasewalk Airfield,53.50528,13.948333,72.0,EU,DE,DE-MV,Pasewalk,no,,,EDCV,,,https://de.wikipedia.org/wiki/Flugplatz_Pasewalk,Flugplatz Pasewalk,,,,,,
28762.0,EDCW,small_airport,Wismar Airfield,53.914444,11.499444,43.0,EU,DE,DE-MV,Wismar,no,,,EDCW,,http://www.flugplatz-wismar.de/,https://de.wikipedia.org/wiki/Flugplatz_Wismar,,,,,,,
28698.0,EDCX,small_airport,Purkshof Airfield,54.161667,12.248611,66.0,EU,DE,DE-MV,Klein Kussewitz,no,,,EDCX,,,https://de.wikipedia.org/wiki/Flugplatz_Purkshof,"Flugplatz Purkshof, Rostock",,,,,,
2208.0,EDCY,small_airport,Spremberg-Welzow Airfield,51.575558,14.136944,375.0,EU,DE,DE-BR,Welzow,no,,,EDCY,,http://www.flugplatz-welzow.de,https://de.wikipedia.org/wiki/Flugplatz_Welzow,"Welzow, Cottbus, Senftenberg, Beton",,,,,,
29070.0,EDEB,small_airport,Bad Langensalza Airfield,51.129166,10.622222,650.0,EU,DE,DE-TH,Bad Langensalza,no,,,EDEB,,,http://de.wikipedia.org/wiki/Flugplatz_Bad_Langensalza,Flugplatz Bad Langensalza,,,,,,
28575.0,EDEG,small_airport,Gotha-Ost Airfield,50.970001,10.727778,991.0,EU,DE,DE-TH,Gotha,no,,,EDEG,,,https://de.wikipedia.org/wiki/Flugplatz_Gotha-Ost,Flugplatz Gotha-Ost,,,,,,
28592.0,EDEH,small_airport,Herrenteich Airfield,49.345001,8.487778,308.0,EU,DE,DE-BW,Hockenheim,no,,,EDEH,,,https://de.wikipedia.org/wiki/Flugplatz_Herrenteich,,,,,,,
28604.0,EDEM,small_airport,Mosenberg Airfeld,51.062746,9.42201,1296.0,EU,DE,DE-HE,Homburg (Efze),no,,,EDEM,,,https://de.wikipedia.org/wiki/Flugplatz_Mosenberg,Mosenberg bei Homberg,,,,,,
314001.0,EDEN,small_airport,Bad Hersfeld Airfield,50.844055,9.707218,,EU,DE,DE-HE,Bad Hersfeld,no,,,EDEN,,,https://de.wikipedia.org/wiki/Flugplatz_Bad_Hersfeld,"EDOZ, Johannesberg",,,,,,
28651.0,EDEQ,small_airport,Mühlhausen Airfield,51.213055,10.548611,814.0,EU,DE,DE-TH,Mühlhausen,no,,,EDEQ,,,https://de.wikipedia.org/wiki/Flugplatz_M%C3%BChlhausen,Flugplatz Mühlhausen,,,,,,
29072.0,EDER,small_airport,Wasserkuppe Airfield,50.498807,9.954166,2956.0,EU,DE,DE-HE,Gersfeld (Rhön),no,,,EDER,,,https://de.wikipedia.org/wiki/Flugplatz_Wasserkuppe,,,,,,,
28750.0,EDEW,small_airport,Walldürn Airfield,49.581669,9.402222,1312.0,EU,DE,DE-BW,Walldürn,no,,,EDEW,,,https://de.wikipedia.org/wiki/Flugplatz_Walld%C3%BCrn,,,,,,,
28700.0,EDFB,small_airport,Reichelsheim Airfield,50.337973,8.878984,397.0,EU,DE,DE-HE,Reichelsheim,no,,,EDFB,,,https://en.wikipedia.org/wiki/Reichelsheim_Airfield,,,,,,,
28502.0,EDFC,small_airport,Aschaffenburg Airfield,49.938806,9.062777,410.0,EU,DE,DE-BY,Großostheim,no,,,EDFC,,,https://de.wikipedia.org/wiki/Flugplatz_Aschaffenburg,,,,,,,
28515.0,EDFD,small_airport,Bad Neustadt/Saale-Grasberg Airfield,50.306062,10.227284,997.0,EU,DE,DE-BY,Bad Neustadt an der Saale,no,,,EDFD,,,https://de.wikipedia.org/wiki/Flugplatz_Bad_Neustadt/Saale-Grasberg,,,,,,,
28568.0,EDFG,small_airport,Gelnhausen Airfield,50.196738,9.167061,446.0,EU,DE,DE-HE,Gelnhausen,no,,,EDFG,,,https://de.wikipedia.org/wiki/Flugplatz_Gelnhausen,"Flugplatz Gelnhausen, Verkehrslandeplatz Gelnhausen",,,,,,
28598.0,EDFI,small_airport,Hirzenhain Airfield,50.787777,8.392778,1706.0,EU,DE,DE-HE,Eschenburg,no,,,EDFI,,,https://de.wikipedia.org/wiki/Flugplatz_Hirzenhain,"Flugplatz Hirzenhain, Sonderlandeplatz Hirzenhain",,,,,,
28587.0,EDFJ,small_airport,Lager Hammelburg Airfield,50.098517,9.883901,1132.0,EU,DE,DE-BY,Hammelburg,no,,,EDFJ,,,https://de.wikipedia.org/wiki/Flugplatz_Lager_Hammelburg,,,,,,,
28572.0,EDFL,small_airport,Gießen-Lützellinden Airfield,50.544794,8.592753,755.0,EU,DE,DE-HE,Gießen,no,,,EDFL,,,https://de.wikipedia.org/wiki/Flugplatz_Gie%C3%9Fen-L%C3%BCtzellinden,,,,,,,
28643.0,EDFN,small_airport,Marburg-Schönstadt Airfield,50.874443,8.815,833.0,EU,DE,DE-HE,Cölbe,no,,,EDFN,,,https://de.wikipedia.org/wiki/Flugplatz_Marburg-Sch%C3%B6nstadt,,,,,,,
28648.0,EDFO,small_airport,Michelstadt-Odenwald Airfield,49.678466,8.971614,1142.0,EU,DE,DE-HE,Michelstadt,no,,,EDFO,,,http://de.wikipedia.org/wiki/Flugplatz_Michelstadt,Flugplatz Michelstadt/Odenwald,,,,,,
28708.0,EDFR,small_airport,Rothenburg ob der Tauber Airfield,49.388332,10.218056,1309.0,EU,DE,DE-BY,Rothenburg ob der Tauber,no,,,EDFR,,,https://de.wikipedia.org/wiki/Flugplatz_Rothenburg_ob_der_Tauber,"Rothenburg ob d. Tauber, Rothenburg o d T, Rothenburg oT",,,,,,
28724.0,EDFS,small_airport,Schweinfurt South Airfield,50.010834,10.251111,686.0,EU,DE,DE-BY,Gochsheim,no,,,EDFS,,,https://de.wikipedia.org/wiki/Flugplatz_Schweinfurt-S%C3%BCd,Schweinfurt-Süd,,,,,,
28635.0,EDFT,small_airport,Lauterbach Airfield,50.683666,9.4117,1211.0,EU,DE,DE-HE,Lauterbach (Hessen),no,,,EDFT,,http://www.aeroclub-lauterbach.de/,https://de.wikipedia.org/wiki/Flugplatz_Lauterbach,"aerobatics, ultralight, glider, echo, helicopters",,,,,,
28642.0,EDFU,small_airport,Mainbullau Airfield,49.695042,9.18236,1503.0,EU,DE,DE-BY,Miltenberg,no,,,EDFU,,,https://de.wikipedia.org/wiki/Flugplatz_Mainbullau,,,,,,,
28764.0,EDFW,small_airport,Würzburg-Schenkenturm Airfield,49.81778,9.8975,991.0,EU,DE,DE-BY,Würzburg,no,,,EDFW,,http://www.edfw.de,https://en.wikipedia.org/wiki/W%C3%BCrzburg-Schenkenturm_Airfield,,,,,,,
28599.0,EDFX,small_airport,Hockenheim Airfield,49.325279,8.528611,315.0,EU,DE,DE-BW,Hockenheim,no,,,EDFX,,,https://de.wikipedia.org/wiki/Flugplatz_Hockenheim,,,,,,,
28559.0,EDFY,small_airport,Limburg-Elz Airfield,50.426945,8.011111,699.0,EU,DE,DE-HE,Limburg an der Lahn,no,,,EDFY,,,https://de.wikipedia.org/wiki/Flugplatz_Elz,,,,,,,
28493.0,EDGA,small_airport,Ailertchen Airfield,50.593056,7.945,1542.0,EU,DE,DE-RP,Ailertchen,no,,,EDGA,,,https://de.wikipedia.org/wiki/Flugplatz_Ailertchen,,,,,,,
28538.0,EDGB,small_airport,Breitscheid Airfield,50.676388,8.169444,1834.0,EU,DE,DE-HE,Breitscheid,no,,,EDGB,,,https://de.wikipedia.org/wiki/Flugplatz_Breitscheid,,,,,,,
28565.0,EDGF,small_airport,Fulda-Jossa Airfield,50.475278,9.443221,1558.0,EU,DE,DE-HE,Hosenfeld,no,,,EDGF,,,https://de.wikipedia.org/wiki/Flugplatz_Fulda-Jossa,,,,,,,
28595.0,EDGH,small_airport,Hettstadt Airfield,49.798611,9.836667,1050.0,EU,DE,DE-BY,Hettstadt,no,,,EDGH,,,https://de.wikipedia.org/wiki/Flugplatz_Hettstadt,,,,,,,
28610.0,EDGI,small_airport,Ingelfingen-Bühlhof Airfield,49.321667,9.663056,1375.0,EU,DE,DE-BW,Ingelfingen,no,,,EDGI,,,https://de.wikipedia.org/wiki/Flugplatz_Ingelfingen-B%C3%BChlhof,Sonderlandeplatz Ingelfingen-Bühlhof,,,,,,
28676.0,EDGJ,small_airport,Ochsenfurt Airfield,49.673611,10.071389,814.0,EU,DE,DE-BY,Ochsenfurt,no,,,EDGJ,,,https://de.wikipedia.org/wiki/Flugplatz_Ochsenfurt,,,,,,,
28624.0,EDGK,small_airport,Korbach Airfield,51.25222,8.873611,1280.0,EU,DE,DE-HE,Korbach,no,,,EDGK,,,https://de.wikipedia.org/wiki/Flugplatz_Korbach,,,,,,,
308408.0,EDGL,heliport,Ludwigshafen Accident Hospital Heliport,49.486509,8.389243,313.0,EU,DE,DE-RP,Ludwigshafen am Rhein,no,,ZOE,EDGL,,https://www.bg-kliniken.de/klinik-ludwigshafen/,,,,,,,,
28649.0,EDGM,small_airport,Mosbach-Lohrbach Airfield,49.398888,9.123889,1818.0,EU,DE,DE-BW,Mosbach,no,,,EDGM,,,https://de.wikipedia.org/wiki/Flugplatz_Mosbach-Lohrbach,,,,,,,
44703.0,EDGO,small_airport,Oedheim Airfield,49.241471,9.234363,,EU,DE,DE-BW,Oedheim,no,,,EDGO,,,,Oedheim Heliport,,,,,,
28681.0,EDGP,small_airport,Oppenheim Airfield,49.841667,8.376667,279.0,EU,DE,DE-RP,Oppenheim,no,,,EDGP,,,https://de.wikipedia.org/wiki/Flugplatz_Oppenheim,,,,,,,
28715.0,EDGQ,small_airport,Schameder Airfield,51.000266,8.30914,1788.0,EU,DE,DE-NW,Schameder,no,,,EDGQ,,,https://de.wikipedia.org/wiki/Flugplatz_Schameder,,,,,,,
28573.0,EDGR,small_airport,Gießen-Reiskirchen Airfield,50.566376,8.869164,702.0,EU,DE,DE-HE,Reiskirchen,no,,,EDGR,,,https://de.wikipedia.org/wiki/Flugplatz_Gie%C3%9Fen-Reiskirchen,,,,,,,
28537.0,EDGT,small_airport,Bottenhorn Airfield,50.795277,8.458333,1657.0,EU,DE,DE-HE,Bad Endbach,no,,,EDGT,,,https://de.wikipedia.org/wiki/Flugplatz_Bottenhorn,,,,,,,
28743.0,EDGU,small_airport,Unterschüpf Airfield,49.515835,9.669444,1155.0,EU,DE,DE-BW,Boxberg,no,,,EDGU,,,https://de.wikipedia.org/wiki/Flugplatz_Untersch%C3%BCpf,,,,,,,
28763.0,EDGW,small_airport,Flugplatz „Graner Berg“,51.30722,9.175278,1027.0,EU,DE,DE-HE,Wolfhagen,no,,,EDGW,,,https://de.wikipedia.org/wiki/Flugplatz_Wolfhagen-Graner_Berg,,,,,,,
28749.0,EDGX,small_airport,Walldorf Airfield,49.303055,8.658889,344.0,EU,DE,DE-BW,Walldorf,no,,,EDGX,,,https://de.wikipedia.org/wiki/Flugplatz_Walldorf,,,,,,,
28640.0,EDHC,small_airport,Lüchow-Rehbeck Airfield,53.017158,11.144729,49.0,EU,DE,DE-NI,Lüchow,no,,,EDHC,,,https://de.wikipedia.org/wiki/Flugplatz_L%C3%BCchow-Rehbeck,Flugplatz Lüchow-Rehbeck,,,,,,
308604.0,EDHD,small_airport,Eichsfeld Airfield,51.40755,10.1453,1195.0,EU,DE,DE-TH,Heilbad Heiligenstadt,no,,,EDHD,,,https://de.wikipedia.org/wiki/Flugplatz_Eichsfeld,,,,,,,
29073.0,EDHF,small_airport,Itzehoe Hungriger Wolf Airfield,53.992009,9.576409,89.0,EU,DE,DE-SH,Hohenlockstedt,no,,IZE,EDHF,,,https://de.wikipedia.org/wiki/Flugplatz_Itzehoe/Hungriger_Wolf,Itzehoe,,,,,,
29074.0,EDHG,small_airport,Lüneburg Airfield,53.24832,10.458705,161.0,EU,DE,DE-NI,Lüneburg,no,,,EDHG,,,https://en.wikipedia.org/wiki/L%C3%BCneburg_Airfield,Flugplatz Lüneburg,,,,,,
28589.0,EDHM,small_airport,Hartenholm Airfield,53.915001,10.035556,108.0,EU,DE,DE-SH,Hasenmoor,no,,,EDHM,,,https://de.wikipedia.org/wiki/Flugplatz_Hartenholm,Flugplatz Hartenholm,,,,,,
28735.0,EDHS,small_airport,Stade Airfield,53.561111,9.499167,63.0,EU,DE,DE-NI,Stade,no,,,EDHS,,https://www.lsvstade.de/,https://de.wikipedia.org/wiki/Flugplatz_Stade,Flugplatz Stade,,,,,,
28633.0,EDHU,small_airport,Lauenbrück Airfield,53.2075,9.573333,98.0,EU,DE,DE-NI,Lauenbrück,no,,,EDHU,,https://www.edhu.de,https://de.wikipedia.org/wiki/Flugplatz_Lauenbr%C3%BCck,Sonderlandeplatz,,,,,,
28748.0,EDHW,small_airport,Wahlstedt Airfield,53.969444,10.221667,128.0,EU,DE,DE-SH,Wahlstedt,no,,,EDHW,,http://www.edhw.de/,https://de.wikipedia.org/wiki/Flugplatz_Wahlstedt,Flugplatz Wahlstedt,,,,,,
308606.0,EDHX,heliport,Bad Bramstedt Heliport,53.9428,9.9055,118.0,EU,DE,DE-SH,Bad Bramstedt,no,,,EDHX,,,,,,,,,,
308861.0,EDJG,small_airport,Grabenstätt Airfield,47.852757,12.55037,1765.0,EU,DE,DE-BY,Grabenstätt,no,,,EDJG,,,https://de.wikipedia.org/wiki/Flugplatz_Grabenst%C3%A4tt,,,,,,,
28532.0,EDKB,small_airport,Bonn-Hangelar Airfield,50.76889,7.163333,197.0,EU,DE,DE-NW,Bonn,no,,,EDKB,,,http://de.wikipedia.org/wiki/Flugplatz_Bonn/Hangelar,,,,,,,
28497.0,EDKD,small_airport,Altena-Hegenscheid Airfield,51.312459,7.704134,1552.0,EU,DE,DE-NW,Iserlohn,no,,,EDKD,,,https://de.wikipedia.org/wiki/Flugplatz_Altena-Hegenscheid,,,,,,,
505117.0,EDKF,small_airport,Bergneustadt-Auf dem Dümpel Airfield,51.05209,7.70683,1604.0,EU,DE,DE-NW,Bergneustadt,no,,,EDKF,,https://www.lsc-duempel.de/,https://de.wikipedia.org/wiki/Flugplatz_Bergneustadt_Auf_dem_D%C3%BCmpel,,,,,,,
28606.0,EDKH,small_airport,Hünsborn Airfield,50.928612,7.899167,1306.0,EU,DE,DE-NW,Wenden,no,,,EDKH,,,https://de.wikipedia.org/wiki/Flugplatz_H%C3%BCnsborn,,,,,,,
28524.0,EDKI,small_airport,Betzdorf-Kirchen Airfield,50.817223,7.830556,1125.0,EU,DE,DE-RP,Kirchen (Sieg),no,,,EDKI,,,https://de.wikipedia.org/wiki/Flugplatz_Betzdorf-Kirchen,,,,,,,
28637.0,EDKL,small_airport,Leverkusen Airfield,51.015278,7.005556,157.0,EU,DE,DE-NW,Leverkusen,no,,,EDKL,,,https://de.wikipedia.org/wiki/Flugplatz_Leverkusen,,,,,,,
28647.0,EDKM,small_airport,Meschede-Schüren Airfield,51.302776,8.239167,1434.0,EU,DE,DE-NW,Meschede,no,,,EDKM,,,https://de.wikipedia.org/wiki/Flugplatz_Meschede-Sch%C3%BCren,,,,,,,
28761.0,EDKN,small_airport,Wipperfürth-Neye Airfield,51.124168,7.373611,863.0,EU,DE,DE-NW,Wipperfürth,no,,,EDKN,,,https://de.wikipedia.org/wiki/Flugplatz_Wipperf%C3%BCrth-Neye,,,,,,,
28540.0,EDKO,small_airport,Brilon-Hochsauerland Airfield,51.402833,8.643043,1509.0,EU,DE,DE-NW,Brilon,no,,,EDKO,,,https://de.wikipedia.org/wiki/Flugplatz_Brilon/Hochsauerland,Brilon-Thülen,,,,,,
28696.0,EDKP,small_airport,Plettenberg-Hüinghausen Airfield,51.191878,7.79098,981.0,EU,DE,DE-NW,Herscheid,no,,,EDKP,,,https://de.wikipedia.org/wiki/Flugplatz_Plettenberg-H%C3%BCinghausen,,,,,,,
28717.0,EDKR,small_airport,Schmallenberg-Rennefeld Airfield,51.1615,8.260667,1530.0,EU,DE,DE-NW,Schmallenberg,no,,,EDKR,,https://www.rennefeld.de/,https://de.wikipedia.org/wiki/Flugplatz_Schmallenberg-Rennefeld,,,,,,,
28504.0,EDKU,small_airport,Attendorn-Finnentrop Airfield,51.145832,7.936667,1040.0,EU,DE,DE-NW,Attendorn,no,,,EDKU,,http://www.edku.de/,https://de.wikipedia.org/wiki/Flugplatz_Attendorn-Finnentrop,,,,,,,
28756.0,EDKW,small_airport,Werdohl-Küntrop Airfield,51.297222,7.818333,1037.0,EU,DE,DE-NW,Neuenrade,no,,,EDKW,,,https://de.wikipedia.org/wiki/Flugplatz_Werdohl-K%C3%BCntrop,,,,,,,
2239.0,EDKZ,small_airport,Meinerzhagen Airfield,51.099399,7.596896,1549.0,EU,DE,DE-NW,Meinerzhagen,no,,,EDKZ,,,https://de.wikipedia.org/wiki/Flugplatz_Meinerzhagen,,,,,,,
2240.0,EDLA,small_airport,Arnsberg-Menden Airfield,51.483891,7.898333,794.0,EU,DE,DE-NW,Arnsberg,no,,,EDLA,,,https://de.wikipedia.org/wiki/Flugplatz_Arnsberg-Menden,,,,,,,
28536.0,EDLB,small_airport,Borkenberge Airfield,51.779999,7.288056,157.0,EU,DE,DE-NW,Lüdinghausen,no,,,EDLB,,http://www.borkenberge.com/,https://de.wikipedia.org/wiki/Flugplatz_Borkenberge,,,,,,,
28615.0,EDLC,small_airport,Kamp-Lintfort Airfield,51.529167,6.536111,85.0,EU,DE,DE-NW,Rheinberg,no,,,EDLC,,,https://de.wikipedia.org/wiki/Flugplatz_Kamp-Lintfort,,,,,,,
28577.0,EDLF,small_airport,Grefrath-Niershorst Airfield,51.333889,6.359444,105.0,EU,DE,DE-NW,Grefrath,no,,,EDLF,,,https://de.wikipedia.org/wiki/Flugplatz_Grefrath-Niershorst,,,,,,,
29075.0,EDLG,small_airport,Goch-Asperden Airfield,51.690834,6.104167,52.0,EU,DE,DE-NW,Goch,no,,,EDLG,,,https://de.wikipedia.org/wiki/Flugplatz_Goch-Asperden,,,,,,,
28586.0,EDLH,small_airport,Hamm-Lippewiesen Airfield,51.68972,7.816111,190.0,EU,DE,DE-NW,Hamm,no,,,EDLH,,,https://de.wikipedia.org/wiki/Flugplatz_Hamm-Lippewiesen,,,,,,,
29826.0,EDLJ,small_airport,Detmold Airfield,51.940834,8.904722,650.0,EU,DE,DE-NW,Detmold,no,,,EDLJ,,,https://en.wikipedia.org/wiki/Hobart_Barracks,,,,,,,
28625.0,EDLK,small_airport,Krefeld-Egelsberg Airfield,51.384998,6.587778,141.0,EU,DE,DE-NW,Krefeld,no,,,EDLK,,,https://de.wikipedia.org/wiki/Flugplatz_Krefeld-Egelsberg,,,,,,,
28644.0,EDLM,small_airport,Marl-Loemühle Airfield,51.647202,7.16333,240.0,EU,DE,DE-NW,Marl,no,,,EDLM,,http://www.vlp-loemuehle.de/,http://de.wikipedia.org/wiki/Flugplatz_Marl-Loem%C3%BChle,Recklinghausen,,,,,,
28678.0,EDLO,small_airport,Oerlinghausen Airfield,51.93222,8.661667,558.0,EU,DE,DE-NW,Oerlinghausen,no,,,EDLO,,https://flugplatz-oerlinghausen.de/en/home-english/,https://en.wikipedia.org/wiki/Oerlinghausen_Airfield,Flugplatz Oerlinghausen,,,,,,
314002.0,EDLQ,small_airport,Beelen Airfield,51.931667,8.081667,,EU,DE,DE-NW,Beelen,no,,,EDLQ,,,https://de.wikipedia.org/wiki/Flugplatz_Beelen,Flugplatz Beelen,,,,,,
28686.0,EDLR,small_airport,Paderborn-Haxterberg Airfield,51.688332,8.775278,801.0,EU,DE,DE-NW,Paderborn,no,,,EDLR,,,https://de.wikipedia.org/wiki/Flugplatz_Paderborn-Haxterberg,,,,,,,
28652.0,EDLT,small_airport,Münster-Telgte Airfield,51.944745,7.773621,177.0,EU,DE,DE-NW,Telgte,no,,,EDLT,,https://www.flugplatz-muenster-telgte.de/,https://de.wikipedia.org/wiki/Flugplatz_M%C3%BCnster-Telgte,,,,,,,
28757.0,EDLX,small_airport,Wesel-Römerwardt Airfield,51.662777,6.595833,72.0,EU,DE,DE-NW,Wesel,no,,,EDLX,,,https://de.wikipedia.org/wiki/Flugplatz_Wesel-R%C3%B6merwardt,,,,,,,
28535.0,EDLY,small_airport,Borken-Hoxfeld Airfield,51.853333,6.814722,157.0,EU,DE,DE-NW,Borken,no,,,EDLY,,,https://de.wikipedia.org/wiki/Flugplatz_Borken-Hoxfeld,,,,,,,
28730.0,EDLZ,small_airport,Soest-Bad Sassendorf Airfield,51.578056,8.214722,394.0,EU,DE,DE-NW,Bad Sassendorf,no,,,EDLZ,,,https://en.wikipedia.org/wiki/Soest-Bad_Sassendorf_Airfield,,,,,,,
2249.0,EDMB,small_airport,Biberach an der Riß Airfield,48.112359,9.764013,1903.0,EU,DE,DE-BW,Warthausen,no,,,EDMB,,,https://de.wikipedia.org/wiki/Flugplatz_Biberach_a._d._Ri%C3%9F,Biberach an der Riss,,,,,,
28527.0,EDMC,small_airport,Blaubeuren Airfield,48.419724,9.798333,2218.0,EU,DE,DE-BW,Blaubeuren,no,,,EDMC,,,https://de.wikipedia.org/wiki/Flugplatz_Blaubeuren,,,,,,,
28547.0,EDMD,small_airport,Dachau-Gröbenried Airfield,48.228675,11.422134,1608.0,EU,DE,DE-BY,Bergkirchen,no,,,EDMD,,https://www.ac-dachau.de/,https://de.wikipedia.org/wiki/Flugplatz_Dachau-Gr%C3%B6benried,,,,,,,
2250.0,EDME,small_airport,Eggenfelden Airfield,48.396111,12.723611,1342.0,EU,DE,DE-BY,Eggenfelden,no,,,EDME,,,https://de.wikipedia.org/wiki/Flugplatz_Eggenfelden,,,,,,,
28564.0,EDMF,small_airport,Fürstenzell Airfield,48.518055,13.345833,1345.0,EU,DE,DE-BY,Fürstenzell,no,,,EDMF,,,https://de.wikipedia.org/wiki/Flugplatz_F%C3%BCrstenzell,,,,,,,
28582.0,EDMG,small_airport,Günzburg-Donauried Airfield,48.486668,10.283333,1457.0,EU,DE,DE-BY,Günzburg,no,,,EDMG,,,https://de.wikipedia.org/wiki/Flugplatz_G%C3%BCnzburg-Donauried,,,,,,,
28585.0,EDMH,small_airport,Gunzenhausen-Reutberg Airfield,49.112226,10.782165,1591.0,EU,DE,DE-BY,Gunzenhausen,no,,,EDMH,,,https://de.wikipedia.org/wiki/Flugplatz_Gunzenhausen-Reutberg,,,,,,,
28609.0,EDMI,small_airport,Illertissen Airfield,48.235,10.1377,1680.0,EU,DE,DE-BY,Illertissen,no,,,EDMI,,http://www.lvi-illertissen.de,https://de.wikipedia.org/wiki/Flugplatz_Illertissen,,,,,,,
28613.0,EDMJ,small_airport,Jesenwang Airfield,48.174366,11.125363,1860.0,EU,DE,DE-BY,Jesenwang,no,,,EDMJ,,,https://de.wikipedia.org/wiki/Flugplatz_Jesenwang,,,,,,,
28619.0,EDMK,small_airport,Kempten-Durach Airfield,47.691944,10.338056,2339.0,EU,DE,DE-BY,Durach,no,,,EDMK,,,https://de.wikipedia.org/wiki/Flugplatz_Kempten-Durach,,,,,,,
28746.0,EDMP,small_airport,Vilsbiburg Airfield,48.426109,12.345278,1450.0,EU,DE,DE-BY,Vilsbiburg,no,,,EDMP,,,https://de.wikipedia.org/wiki/Flugplatz_Vilsbiburg,,,,,,,
28554.0,EDMQ,small_airport,Donauwörth-Genderkingen Airfield,48.703062,10.852323,1312.0,EU,DE,DE-BY,Genderkingen,no,,,EDMQ,,,https://de.wikipedia.org/wiki/Flugplatz_Donauw%C3%B6rth-Genderkingen,Rudolf Grenzelbach,,,,,,
515362.0,EDMR,heliport,Ottobrunn Heliport,48.04813,11.65367,1831.0,EU,DE,DE-BY,Taufkirchen,no,,,EDMR,,,,,,,,,,
28737.0,EDMT,small_airport,Tannheim Airfield,48.009998,10.098611,1903.0,EU,DE,DE-BW,Tannheim,no,,,EDMT,,http://www.tannkosh.de/,https://de.wikipedia.org/wiki/Flugplatz_Tannheim,,,,,,,
29076.0,EDMU,small_airport,Gundelfingen Airfield,48.569343,10.358541,1447.0,EU,DE,DE-BY,Gundelfingen an der Donau,no,,,EDMU,,,https://de.wikipedia.org/wiki/Flugplatz_Gundelfingen,,,,,,,
2254.0,EDMV,small_airport,Vilshofen Airfield,48.634998,13.195556,991.0,EU,DE,DE-BY,Vilshofen an der Donau,no,,,EDMV,,,https://de.wikipedia.org/wiki/Flugplatz_Vilshofen,,,,,,,
28550.0,EDMW,small_airport,Deggendorf Airfield,48.830276,12.879722,1030.0,EU,DE,DE-BY,Deggendorf,no,,,EDMW,,,https://de.wikipedia.org/wiki/Flugplatz_Deggendorf,Flugplatz Deggendorf,,,,,,
331088.0,EDMX,heliport,Oberschleissheim Heliport,48.23795,11.565419,1600.0,EU,DE,DE-BY,Oberschleissheim,no,,,EDMX,,,,Oberschleißheim,,,,,,
28650.0,EDMY,small_airport,Mühldorf Airfield,48.279575,12.500453,1325.0,EU,DE,DE-BY,Mühldorf am Inn,no,,,EDMY,,,https://de.wikipedia.org/wiki/Flugplatz_M%C3%BChldorf,,,,,,,
28498.0,EDNA,small_airport,Ampfing-Waldkraiburg Airfield,48.263611,12.411667,1362.0,EU,DE,DE-BY,Ampfing,no,,,EDNA,,,https://de.wikipedia.org/wiki/Flugplatz_Ampfing,,,,,,,
28501.0,EDNB,small_airport,Arnbruck Airfield,49.124722,12.985556,1716.0,EU,DE,DE-BY,Arnbruck,no,,,EDNB,,,https://de.wikipedia.org/wiki/Flugplatz_Arnbruck,,,,,,,
28522.0,EDNC,small_airport,Beilngries Airfield,49.021389,11.484722,1211.0,EU,DE,DE-BY,Beilngries,no,,,EDNC,,,https://de.wikipedia.org/wiki/Flugplatz_Beilngries,,,,,,,
28552.0,EDND,small_airport,Dinkelsbühl-Sinbronn Airfield,49.06508,10.403516,1598.0,EU,DE,DE-BY,Dinkelsbühl,no,,,EDND,,,https://de.wikipedia.org/wiki/Flugplatz_Dinkelsb%C3%BChl-Sinbronn,,,,,,,
28560.0,EDNE,small_airport,Erbach Airfield,48.34222,9.916111,1558.0,EU,DE,DE-BW,Erbach,no,,,EDNE,,,https://de.wikipedia.org/wiki/Flugplatz_Erbach,,,,,,,
29848.0,EDNF,small_airport,Elsenthal Grafe Airfield,48.822498,13.3675,1417.0,EU,DE,DE-BY,Grafenau,no,,,EDNF,,,https://de.wikipedia.org/wiki/Flugplatz_Elsenthal-Grafenau,,,,,,,
28571.0,EDNG,small_airport,Giengen/Brenz Airfield,48.634253,10.216484,1696.0,EU,DE,DE-BW,Giengen an der Brenz,no,,,EDNG,,http://www.fliegergruppe-giengen.de/,https://de.wikipedia.org/wiki/Flugplatz_Giengen/Brenz,,,,,,,
28518.0,EDNH,small_airport,Bad Wörishofen (Nord) Airfield,48.016124,10.615025,2034.0,EU,DE,DE-BY,Bad Wörishofen,no,,,EDNH,,,https://de.wikipedia.org/wiki/Flugplatz_Bad_W%C3%B6rishofen-Nord,Flugplatz Bad Wörishofen (Nord),,,,,,
29077.0,EDNI,small_airport,Berching Airfield,49.131043,11.443205,1266.0,EU,DE,DE-BY,Berching,no,,,EDNI,,,https://de.wikipedia.org/wiki/Flugplatz_Berching,Flugplatz Berching,,,,,,
28658.0,EDNJ,small_airport,Neuburg-Egweil Airfield,48.781944,11.215278,1345.0,EU,DE,DE-BY,Egweil,no,,,EDNJ,,,https://de.wikipedia.org/wiki/Flugplatz_Neuburg-Egweil,,,,,,,
28620.0,EDNK,small_airport,Kirchdorf/Inn Airfield,48.238335,12.976667,1138.0,EU,DE,DE-BY,Kirchdorf am Inn,no,,,EDNK,,,https://de.wikipedia.org/wiki/Flugplatz_Kirchdorf/Inn,,,,,,,
2255.0,EDNL,small_airport,Leutkirch-Unterzeil Airfield,47.858891,10.014167,2100.0,EU,DE,DE-BW,Leutkirch im Allgäu,no,,,EDNL,,,https://de.wikipedia.org/wiki/Verkehrslandeplatz_Leutkirch-Unterzeil,,,,,,,
28667.0,EDNM,small_airport,Nittenau-Bruck Airfield,49.2225,12.296667,1161.0,EU,DE,DE-BY,Bruck in der Oberpfalz,no,,,EDNM,,,,,,,,,,
28673.0,EDNO,small_airport,Nördlingen Airfield,48.870556,10.505,1385.0,EU,DE,DE-BY,Nördlingen,no,,,EDNO,,,https://de.wikipedia.org/wiki/Flugplatz_N%C3%B6rdlingen,,,,,,,
28692.0,EDNP,small_airport,Pfarrkirchen Airfield,48.420277,12.864722,1266.0,EU,DE,DE-BY,Rahberg,no,,,EDNP,,,https://de.wikipedia.org/wiki/Flugplatz_Pfarrkirchen,Flugplatz Pfarrkirchen,,,,,,
28533.0,EDNQ,small_airport,Bopfingen Airfield,48.848057,10.333889,2028.0,EU,DE,DE-BW,Bopfingen,no,,,EDNQ,,,https://de.wikipedia.org/wiki/Flugplatz_Bopfingen,,,,,,,
28699.0,EDNR,small_airport,Regensburg-Oberhub Airfield,49.141945,12.081944,1299.0,EU,DE,DE-BY,Regenstauf,no,,,EDNR,,,https://de.wikipedia.org/wiki/Flugplatz_Regensburg-Oberhub,,,,,,,
28721.0,EDNS,small_airport,Schwabmünchen Airfield,48.179169,10.702778,1804.0,EU,DE,DE-BY,Schwabmünchen,no,,,EDNS,,,https://de.wikipedia.org/wiki/Flugplatz_Schwabm%C3%BCnchen,Flugplatz Schwabmünchen,,,,,,
28740.0,EDNT,small_airport,Treuchtlingen-Bubenheim Airfield,48.996113,10.884167,1345.0,EU,DE,DE-BY,Treuchtlingen,no,,,EDNT,,,https://de.wikipedia.org/wiki/Flugplatz_Treuchtlingen-Bubenheim,,,,,,,
28738.0,EDNU,small_airport,Thannhausen Airfield,48.290001,10.441944,1611.0,EU,DE,DE-BY,Thannhausen,no,,,EDNU,,https://www.mlv-thannhausen.de,https://de.wikipedia.org/wiki/Flugplatz_Thannhausen,,,,,,,
28747.0,EDNV,small_airport,Vogtareuth Airfield,47.94611,12.204722,1535.0,EU,DE,DE-BY,Vogtareuth,no,,,EDNV,,,https://de.wikipedia.org/wiki/Flugplatz_Vogtareuth,,,,,,,
28755.0,EDNW,small_airport,Weißenhorn Airfield,48.289444,10.140278,1644.0,EU,DE,DE-BY,Weißenhorn,no,,,EDNW,,,https://de.wikipedia.org/wiki/Flugplatz_Wei%C3%9Fenhorn,Flugplatz Weißerhorn,,,,,,
29078.0,EDNX,small_airport,Schleissheim Airfield,48.239166,11.559334,1594.0,EU,DE,DE-BY,Oberschleissheim,no,,,EDNX,,https://www.flugplatz-schleissheim.de/,https://en.wikipedia.org/wiki/Flugplatz_Schlei%C3%9Fheim,Oberschleißheim,,,,,,
29079.0,EDNZ,small_airport,Zell-Haidberg Airfield,50.136944,11.794444,2083.0,EU,DE,DE-BY,Zell im Fichtelgebirge,no,,,EDNZ,,,https://de.wikipedia.org/wiki/Flugplatz_Zell-Haidberg,,,,,,,
28505.0,EDOA,small_airport,Auerbach Airfield,50.497305,12.377987,1880.0,EU,DE,DE-SN,Auerbach/Vogtland,no,,,EDOA,,http://www.flugplatzgesellschaft-auerbach.de/,http://de.wikipedia.org/wiki/Flugplatz_Auerbach,Flugplatz Auerbach,,,,,,
28507.0,EDOB,small_airport,Bad Berka Airfield,50.904446,11.260278,1001.0,EU,DE,DE-TH,Bad Berka,no,,,EDOB,,http://www.flugplatz-badberka.de/,http://de.wikipedia.org/wiki/Flugplatz_Bad_Berka,Flugplatz Bad Berka,,,,,,
28567.0,EDOC,small_airport,Gardelegen Airfield,52.529641,11.349421,230.0,EU,DE,DE-ST,Gardelegen,no,,,EDOC,,,https://de.wikipedia.org/wiki/Flugplatz_Gardelegen,Flugplatz Gardelegen,,,,,,
28701.0,EDOD,small_airport,Reinsdorf Airfield,51.900833,13.194444,335.0,EU,DE,DE-BR,Niederer Fläming,no,,,EDOD,,http://www.edod.de/,https://en.wikipedia.org/wiki/Reinsdorf_Airfield,Flugplatz Reinsdorf,,,,,,
28530.0,EDOE,small_airport,Böhlen Airfield,51.21389,12.363611,430.0,EU,DE,DE-SN,Großpösna,no,,,EDOE,,http://www.edoe.de/,http://de.wikipedia.org/wiki/Flugplatz_B%C3%B6hlen,"Boehlen, Flugplatz Böhlen",,,,,,
28510.0,EDOF,small_airport,Bad Frankenhausen Airfield,51.372501,11.141389,761.0,EU,DE,DE-TH,Bad Frankenhausen,no,,,EDOF,,,https://de.wikipedia.org/wiki/Flugplatz_Bad_Frankenhausen,Flugplatz Bad Frankenhausen,,,,,,
331091.0,EDOG,small_airport,Torgau-Beilrode Airfield,51.570907,13.051641,,EU,DE,DE-SN,Beilrode,no,,,EDOG,,,https://de.wikipedia.org/wiki/Flugplatz_Torgau-Beilrode,,,,,,,
29080.0,EDOH,small_airport,Langhennersdorf Airfield,50.948334,13.261667,1266.0,EU,DE,DE-SN,Oberschöna,no,,,EDOH,,http://www.edoh.de/,http://de.wikipedia.org/wiki/Flugplatz_Langhennersdorf,Flugplatz Langhennersdorf,,,,,,
28525.0,EDOI,small_airport,Bienenfarm Airfield,52.661667,12.745833,120.0,EU,DE,DE-BR,Paulinenaue,no,,,EDOI,,http://www.bienenfarmfliegen.com,https://de.wikipedia.org/wiki/Flugplatz_Bienenfarm,,,,,,,
28641.0,EDOJ,small_airport,Lüsse Airfield,52.142706,12.67144,217.0,EU,DE,DE-BR,Bad Belzig,no,,,EDOJ,,,https://de.wikipedia.org/wiki/Flugplatz_L%C3%BCsse,Flugplatz Lüsse,,,,,,
28710.0,EDOK,small_airport,Rudolstadt-Groschwitz Airfield,50.732777,11.236111,1535.0,EU,DE,DE-TH,Rudolstadt,no,,,EDOK,,,https://de.wikipedia.org/wiki/Flugplatz_Rudolstadt-Groschwitz,Flugplatz Rudolstadt-Groschwitz,,,,,,
28683.0,EDOL,small_airport,Oschersleben Glider Field,52.038055,11.205556,344.0,EU,DE,DE-ST,Oschersleben,no,,,EDOL,,,https://de.wikipedia.org/wiki/Flugplatz_Oschersleben,"Segelfluggelände Oschersleben, Sonderlandeplatz Oschersleben",,,,,,
29081.0,EDOM,small_airport,Klein Mühlingen Airfield,51.947498,11.769722,171.0,EU,DE,DE-ST,Bördeland,no,,,EDOM,,,https://de.wikipedia.org/wiki/Flugplatz_Klein_M%C3%BChlingen,Flugplatz Klein Mühlingen,,,,,,
28682.0,EDOQ,small_airport,Oschatz Airfield,51.296772,13.078687,502.0,EU,DE,DE-SN,Oschatz,no,,,EDOQ,,https://flugplatz-oschatz.de/en/home-2/,http://de.wikipedia.org/wiki/Flugplatz_Oschatz,Flugplatz Oschatz,,,,,,
29082.0,EDOR,small_airport,Stölln-Rhinow Airfield,52.740833,12.39,138.0,EU,DE,DE-BR,Gollenberg,no,,,EDOR,,,https://de.wikipedia.org/wiki/Flugplatz_St%C3%B6lln/Rhinow,Flugplatz Stölln-Rhinow,,,,,,
28691.0,EDOS,small_airport,Pennewitz Airfield,50.669692,11.051087,1506.0,EU,DE,DE-TH,Ilmenau,no,,,EDOS,,http://www.fliegerclub-ilmenau.de/,http://de.wikipedia.org/wiki/Flugplatz_Pennewitz,Flugplatz Pennewitz,,,,,,
28578.0,EDOT,small_airport,Greiz-Obergrochlitz Airfield,50.643977,12.174568,1266.0,EU,DE,DE-TH,Greiz,no,,,EDOT,,,https://de.wikipedia.org/wiki/Flugplatz_Greiz-Obergrochlitz,Heinz-Peinl-Flugplatz Greiz-Obergrochlitz,,,,,,
29083.0,EDOU,small_airport,Weimar-Umpferstedt Airfield,50.965085,11.399796,984.0,EU,DE,DE-TH,Umpferstedt,no,,,EDOU,,,https://de.wikipedia.org/wiki/Flugplatz_Weimar-Umpferstedt,Flugplatz Weimar-Umpferstedt,,,,,,
2259.0,EDOV,small_airport,Stendal-Borstel Airfield,52.628887,11.818611,184.0,EU,DE,DE-ST,Stendal,no,,,EDOV,,https://www.flugplatz-stendal.de/,https://de.wikipedia.org/wiki/Flugplatz_Stendal-Borstel,,,,,,,
28752.0,EDOW,small_airport,Waren-Vielist Airfield,53.568333,12.652778,282.0,EU,DE,DE-MV,Waren,no,,,EDOW,,,https://de.wikipedia.org/wiki/Flugplatz_Waren/Vielist,,,,,,,
28702.0,EDOX,small_airport,Renneritz Airfield,51.595112,12.237911,308.0,EU,DE,DE-ST,Sandersdorf,no,,,EDOX,,,https://de.wikipedia.org/wiki/Flugplatz_Renneritz,,,,,,,
45042.0,EDOY,heliport,Ahrensfelde Heliport,52.601,13.576,,EU,DE,DE-BR,,no,,,EDOY,,,,,,,,,,
28719.0,EDOZ,small_airport,Schönebeck-Zackmünde Airfield,51.997129,11.789789,167.0,EU,DE,DE-ST,Pömmelte,no,,,EDOZ,,,https://de.wikipedia.org/wiki/Flugplatz_Sch%C3%B6nebeck-Zackm%C3%BCnde,,,,,,,
2260.0,EDPA,small_airport,Aalen Heidenheim Elchingen Airfield,48.777779,10.264722,1916.0,EU,DE,DE-BW,Neresheim,no,,,EDPA,,https://edpa.de/,https://de.wikipedia.org/wiki/Verkehrslandeplatz_Aalen-Heidenheim/Elchingen,"Flugplatz Aalen-Elchingen, Verkehrslandeplatz Aalen-Heidenheim/Elchingen",,,,,,
28508.0,EDPB,small_airport,Bad Ditzenbach Airfield,48.562778,9.728889,2362.0,EU,DE,DE-BW,Bad Ditzenbach,no,,,EDPB,,,https://de.wikipedia.org/wiki/Flugplatz_Bad_Ditzenbach,,,,,,,
29678.0,EDPC,small_airport,Bad Endorf/Jolling Airfield,47.926899,12.2872,1690.0,EU,DE,DE-BY,Bad Endorf,no,,,EDPC,,http://www.edpc.de/Willkommen.html,https://de.wikipedia.org/wiki/Flugplatz_Bad_Endorf/Jolling,,,,,,,
28551.0,EDPD,small_airport,Dingolfing Airfield,48.656727,12.498794,1165.0,EU,DE,DE-BY,Dingolfing,no,,,EDPD,,,https://de.wikipedia.org/wiki/Flugplatz_Dingolfing,,,,,,,
28558.0,EDPE,small_airport,Eichstätt Airfield,48.876945,11.182222,1713.0,EU,DE,DE-BY,Eichstätt,no,,,EDPE,,,https://de.wikipedia.org/wiki/Flugplatz_Eichst%C3%A4tt,Flugplatz Eichstätt,,,,,,
28543.0,EDPF,small_airport,Schwandorf Airfield,49.339722,12.188056,1270.0,EU,DE,DE-BY,Schwandorf,no,,,EDPF,,,https://de.wikipedia.org/wiki/Flugplatz_Schwandorf,,,,,,,
28579.0,EDPG,small_airport,Griesau Airfield,48.953888,12.421389,1060.0,EU,DE,DE-BY,Pfatter,no,,,EDPG,,,https://de.wikipedia.org/wiki/Flugplatz_Griesau,Sonderlandeplatz Griesau,,,,,,
314005.0,EDPI,small_airport,Moosburg auf der Kippe Airfield,48.456588,11.941624,1375.0,EU,DE,DE-BY,Moosburg an der Isar,no,,,EDPI,,https://www.moosburg.org/info/tour/kippe.html,https://de.wikipedia.org/wiki/Flugplatz_Moosburg_auf_der_Kippe,,,,,,,
28629.0,EDPJ,small_airport,Laichingen Jakob Laur Airfield,48.496944,9.640278,2434.0,EU,DE,DE-BW,Laichingen,no,,,EDPJ,,,https://de.wikipedia.org/wiki/Flugplatz_Laichingen,,,,,,,
29084.0,EDPK,small_airport,Schönberg Airfield,48.047779,12.500556,1946.0,EU,DE,DE-BY,Kienberg,no,,,EDPK,,,https://de.wikipedia.org/wiki/Flugplatz_Sch%C3%B6nberg,,,,,,,
28555.0,EDPM,small_airport,Donzdorf Airfield,48.678177,9.845909,2274.0,EU,DE,DE-BW,Donzdorf,no,,,EDPM,,,https://de.wikipedia.org/wiki/Flugplatz_Donzdorf,Flugplatz Donzdorf-Messelberg,,,,,,
28661.0,EDPO,small_airport,Neumarkt-Oberpfalz Airfield,49.285557,11.443056,1394.0,EU,DE,DE-BY,Neumarkt in der Oberpfalz,no,,,EDPO,,,https://de.wikipedia.org/wiki/Flugplatz_Neumarkt/Opf.,Flugplatz Neumarkt-Oberpfalz,,,,,,
28718.0,EDPQ,small_airport,Schmidgaden Airfield,49.429443,12.098056,1247.0,EU,DE,DE-BY,Schmidgaden,no,,,EDPQ,,,https://de.wikipedia.org/wiki/Flugplatz_Schmidgaden,,,,,,,
316349.0,EDPR,heliport,Donauwörth Heliport,48.707483,10.769295,1315.0,EU,DE,DE-BY,Donauwörth,no,,,EDPR,,,,"Airbus, Airbus Helicopters",,,,,,
28732.0,EDPS,small_airport,Flugplatz Sonnen,48.682777,13.694722,2674.0,EU,DE,DE-BY,Waldkirchen,no,,,EDPS,,,https://de.wikipedia.org/wiki/Flugplatz_Sonnen,,,,,,,
28570.0,EDPT,small_airport,Gerstetten Airfield,48.620277,10.058333,1975.0,EU,DE,DE-BW,Gerstetten,no,,,EDPT,,,https://de.wikipedia.org/wiki/Flugplatz_Gerstetten,,,,,,,
29085.0,EDPU,small_airport,Bartholomä-Amalienhof Airfield,48.746666,10.005,2092.0,EU,DE,DE-BW,Bartholomä,no,,,EDPU,,http://edpu.de,https://de.wikipedia.org/wiki/Flugplatz_Bartholom%C3%A4-Amalienhof,"Akaflieg, Akaflieg Stuttgart",,,,,,
29086.0,EDPW,small_airport,Thalmässing-Waizenhofen Airfield,49.064167,11.209167,1893.0,EU,DE,DE-BY,Thalmässing,no,,,EDPW,,,https://de.wikipedia.org/wiki/Flugplatz_Thalm%C3%A4ssing-Waizenhofen,,,,,,,
29087.0,EDPY,small_airport,Ellwangen Airfield,48.961483,10.234494,1650.0,EU,DE,DE-BW,Ellwangen an der Jagst,no,,,EDPY,,,https://de.wikipedia.org/wiki/Flugplatz_Ellwangen,Erpfental,,,,,,
28517.0,EDQB,small_airport,Bad Windsheim Airfield,49.509998,10.366389,1220.0,EU,DE,DE-BY,Bad Windsheim,no,,,EDQB,,,https://de.wikipedia.org/wiki/Flugplatz_Bad_Windsheim,,,,,,,
28544.0,EDQC,small_airport,Coburg-Brandensteinsebene Airfield,50.262501,10.995556,1490.0,EU,DE,DE-BY,Coburg,no,,,EDQC,,http://www.aeroclub-coburg.de,https://de.wikipedia.org/wiki/Flugplatz_Coburg-Brandensteinsebene,"Brose, Flugplatz Coburg-Brandensteinsebene, Schuhmacher Packaging",,,,,,
28499.0,EDQF,small_airport,Ansbach-Petersdorf Airfield,49.361111,10.669444,1371.0,EU,DE,DE-BY,Weihenzell,no,,,EDQF,,https://www.aeroclub-ansbach.de/startseite.html,https://de.wikipedia.org/wiki/Flugplatz_Ansbach-Petersdorf,,,,,,,
28594.0,EDQH,small_airport,Herzogenaurach Airfield,49.582708,10.878339,1070.0,EU,DE,DE-BY,Herzogenaurach,no,,,EDQH,,http://flugplatz-herzogenaurach.de/,https://en.wikipedia.org/wiki/Herzogenaurach_Airport,,,,,,,
28634.0,EDQI,small_airport,Lauf-Lillinghof Airfield,49.605162,11.283581,1788.0,EU,DE,DE-BY,Schnaittach,no,,,EDQI,,,https://de.wikipedia.org/wiki/Flugplatz_Lauf-Lillinghof,"Flugplatz Lauf-Lillinghof, Segelflugplatz Lauf-Lillinghof, Lauf an der Pegnitz",,,,,,
28627.0,EDQK,small_airport,Kulmbach Airfield,50.134921,11.459069,1660.0,EU,DE,DE-BY,Kulmbach,no,,,EDQK,,,https://de.wikipedia.org/wiki/Flugplatz_Kulmbach,,,,,,,
28638.0,EDQL,small_airport,Lichtenfels Airfield,50.148609,11.048056,853.0,EU,DE,DE-BY,Lichtenfels,no,,,EDQL,,http://www.edql.de,http://de.wikipedia.org/wiki/Flugplatz_Lichtenfels,,,,,,,
28664.0,EDQN,small_airport,Neustadt/Aisch Airfield,49.587502,10.5775,1198.0,EU,DE,DE-BY,Neustadt an der Aisch,no,,,EDQN,,https://flugplatz-neustadt-aisch.de/,https://de.wikipedia.org/wiki/Flugplatz_Neustadt/Aisch,http://www.edqn.de (not working June 2023),,,,,,
28685.0,EDQO,small_airport,Ottengrüner Heide Airfield,50.225834,11.731667,1880.0,EU,DE,DE-BY,Helmbrechts,no,,,EDQO,,https://www.edqo.de/,https://de.wikipedia.org/wiki/Flugplatz_Ottengr%C3%BCner_Heide,,,,,,,
28707.0,EDQP,small_airport,Rosenthal-Plössen Airfield,49.863335,11.787778,1496.0,EU,DE,DE-BY,Speichersdorf,no,,,EDQP,,http://www.fliegerschule-stroessenreuther.de/index.html,https://de.wikipedia.org/wiki/Flugplatz_Rosenthal-Field_Pl%C3%B6ssen,,,,,,,
28556.0,EDQR,small_airport,Ebern-Sendelbach Airfield,50.039444,10.822778,827.0,EU,DE,DE-BY,Ebern,no,,,EDQR,,https://fsc-ebern.de/,https://de.wikipedia.org/wiki/Flugplatz_Ebern-Sendelbach,,,,,,,
28736.0,EDQS,small_airport,Suhl-Goldlauter Airfield,50.632047,10.726013,1923.0,EU,DE,DE-TH,Goldlauter-Heidersbach,no,,,EDQS,,,https://de.wikipedia.org/wiki/Flugplatz_Suhl-Goldlauter,Flugplatz Suhl-Goldlauter,,,,,,
2264.0,EDQT,small_airport,Haßfurt-Schweinfurt Airfield,50.0182,10.529165,719.0,EU,DE,DE-BY,Haßfurt,no,,,EDQT,,,https://de.wikipedia.org/wiki/Flugplatz_Ha%C3%9Ffurt-Schweinfurt,"Flugplatz Haßfurt-Schweinfurt, Hassfurt",,,,,,
28753.0,EDQW,small_airport,Weiden in der Oberpfalz Airfield,49.678902,12.1164,1329.0,EU,DE,DE-BY,Weiden in der Oberpfalz,no,,,EDQW,,,https://de.wikipedia.org/wiki/Verkehrslandeplatz_Weiden/Opf.,Weiden/Opf. Airport,,,,,,
28596.0,EDQX,small_airport,Hetzleser Berg Airfield,49.642341,11.162574,1765.0,EU,DE,DE-BY,Neunkirchen am Brand,no,,,EDQX,,,https://de.wikipedia.org/wiki/Flugplatz_Hetzleser_Berg,,,,,,,
28545.0,EDQY,small_airport,Coburg-Steinrücken Airfield,50.230556,10.995833,1184.0,EU,DE,DE-BY,Coburg,no,,,EDQY,,,https://de.wikipedia.org/wiki/Flugplatz_Coburg-Steinr%C3%BCcken,Flugplatz Coburg-Steinrücken,,,,,,
28688.0,EDQZ,small_airport,Pegnitz-Zipser Berg Airfield,49.76238,11.574619,1791.0,EU,DE,DE-BY,Pegnitz,no,,,EDQZ,,,https://de.wikipedia.org/wiki/Flugplatz_Pegnitz-Zipser_Berg,,,,,,,
28514.0,EDRA,small_airport,Bad Neuenahr-Ahrweiler Airfield,50.557779,7.137144,673.0,EU,DE,DE-RP,Bad Neuenahr,no,,,EDRA,,,https://de.wikipedia.org/wiki/Flugplatz_Bad_Neuenahr-Ahrweiler,,,,,,,
308863.0,EDRC,small_airport,Marpingen Glider Airfield,49.453,7.039,1155.0,EU,DE,DE-SL,Marpingen,no,,,EDRC,,,http://de.wikipedia.org/wiki/Segelfluggel%C3%A4nde_Marpingen,Segelfluggelände Marpingen,,,,,,
28660.0,EDRD,small_airport,Neumagen-Dhron Airfield,49.843056,6.916111,879.0,EU,DE,DE-RP,Neumagen,no,,,EDRD,,,https://de.wikipedia.org/wiki/Flugplatz_Neumagen-Dhron,,,,,,,
28509.0,EDRF,small_airport,Bad Dürkheim Airfield,49.4728,8.195737,351.0,EU,DE,DE-RP,Bad Dürkheim,no,,,EDRF,,,https://de.wikipedia.org/wiki/Flugplatz_Bad_D%C3%BCrkheim,,,,,,,
28608.0,EDRG,small_airport,Idar-Oberstein/Göttschied Airfield,49.732224,7.336111,1575.0,EU,DE,DE-RP,Idar-Oberstein,no,,,EDRG,,,https://de.wikipedia.org/wiki/Flugplatz_Idar-Oberstein/G%C3%B6ttschied,,,,,,,
28639.0,EDRI,small_airport,Linkenheim Airfield,49.141666,8.394722,325.0,EU,DE,DE-BW,Linkenheim,no,,,EDRI,,,https://de.wikipedia.org/wiki/Flugplatz_Linkenheim,,,,,,,
28711.0,EDRJ,small_airport,Saarlouis-Düren Airfield,49.3125,6.674444,1119.0,EU,DE,DE-SL,Saarlouis,no,,,EDRJ,,,https://de.wikipedia.org/wiki/Flugplatz_Saarlouis-D%C3%BCren,Flugplatz Saarlouis-Düren,,,,,,
2266.0,EDRK,small_airport,Koblenz-Winningen Airfield,50.325558,7.528611,640.0,EU,DE,DE-RP,Koblenz,no,,,EDRK,,http://www.flugplatz-koblenz-winningen.de,https://en.wikipedia.org/wiki/Koblenz-Winningen_Airport,,,,,,,
28628.0,EDRL,small_airport,Flugplatz Lachen-Speyerdorf,49.330833,8.209722,394.0,EU,DE,DE-RP,Neustadt an der Weinstraße,no,,,EDRL,,,https://de.wikipedia.org/wiki/Flugplatz_Lachen-Speyerdorf,,,,,,,
28739.0,EDRM,small_airport,Traben-Trarbach/Mont Royal Airfield,49.967777,7.111944,919.0,EU,DE,DE-RP,Traben-Trarbach,no,,,EDRM,,,https://de.wikipedia.org/wiki/Flugplatz_Traben-Trarbach/Mont_Royal,,,,,,,
28723.0,EDRO,small_airport,Schweighofen Airfield,49.031884,7.990508,492.0,EU,DE,DE-RP,Schweighofen,no,,,EDRO,,,https://de.wikipedia.org/wiki/Flugplatz_Schweighofen,,,,,,,
28694.0,EDRP,small_airport,Pirmasens-Pottschütthöhe Airfield,49.264442,7.488333,1247.0,EU,DE,DE-RP,Battweiler,no,,,EDRP,,https://edrp.de/,https://de.wikipedia.org/wiki/Flugplatz_Pirmasens,Flugplatz Pirmasens-Pottschütthöhe,,,,,,
28729.0,EDRS,small_airport,Bad Sobernheim-Domberg Airfield,49.790833,7.666111,810.0,EU,DE,DE-RP,Bad Sobernheim,no,,,EDRS,,,https://de.wikipedia.org/wiki/Flugplatz_Bad_Sobernheim-Domberg,Flugplatz Bad Sobernheim-Domberg,,,,,,
29088.0,EDRV,small_airport,Wershofen/Eifel Airfield,50.451902,6.784086,1581.0,EU,DE,DE-RP,Wershofen,no,,,EDRV,,,https://de.wikipedia.org/wiki/Flugplatz_Wershofen/Eifel,,,,,,,
29089.0,EDRW,small_airport,Dierdorf-Wienau Airfield,50.566113,7.653333,951.0,EU,DE,DE-RP,Dierdorf,no,,,EDRW,,,https://de.wikipedia.org/wiki/Flugplatz_Dierdorf-Wienau,,,,,,,
314006.0,EDRX,small_airport,Bexbach Glider Field,49.34,7.253333,,EU,DE,DE-SL,Bexbach,no,,,EDRX,,,https://de.wikipedia.org/wiki/Flugplatz_Neunkirchen-Bexbach,Neunkirchen,,,,,,
28494.0,EDSA,small_airport,Albstadt-Degerfeld Airfield,48.249722,9.0625,2881.0,EU,DE,DE-BW,Albstadt,no,,,EDSA,,http://www.lsv-degerfeld.de/,http://de.wikipedia.org/wiki/Flugplatz_Albstadt-Degerfeld,,,,,,,
314004.0,EDSE,small_airport,Göppingen-Bezgenriet Airfield,48.658611,9.624167,,EU,DE,DE-BW,Göppingen,no,,,EDSE,,,https://de.wikipedia.org/wiki/Flugplatz_G%C3%B6ppingen-Bezgenriet,Flugplatz Göppingen-Bezgenriet,,,,,,
43126.0,EDSG,small_airport,Grabenstetten Airfield,48.53611,9.436944,2329.0,EU,DE,DE-BW,Grabenstetten,no,,,EDSG,,http://www.flg-grabenstetten.de/flugplatz.htm,https://de.wikipedia.org/wiki/Flugplatz_Grabenstetten,Flugplatz Grabenstetten,,,,,,
28506.0,EDSH,small_airport,Backnang-Heiningen Airfield,48.919724,9.455278,965.0,EU,DE,DE-BW,Backnang,no,,,EDSH,,http://www.edsh.de/,https://de.wikipedia.org/wiki/Flugplatz_Backnang-Heiningen,Flugplatz Backnang-Heiningen,,,,,,
28526.0,EDSI,small_airport,Binningen Glider Field,47.798772,8.718553,1594.0,EU,DE,DE-BW,Hilzingen,no,,,EDSI,,,https://de.wikipedia.org/wiki/Flugplatz_Binningen,"Flugplatz Binningen, Segelflugplatz Binningen",,,,,,
28618.0,EDSK,small_airport,Kehl-Sundheim Airfield,48.561111,7.843333,453.0,EU,DE,DE-BW,Kehl,no,,,EDSK,,,https://de.wikipedia.org/wiki/Flugplatz_Kehl-Sundheim,,,,,,,
28529.0,EDSL,small_airport,Blumberg Airfield,47.843676,8.564344,2290.0,EU,DE,DE-BW,Blumberg,no,,,EDSL,,,https://de.wikipedia.org/wiki/Flugplatz_Blumberg,Flugplatz Blumberg,,,,,,
2271.0,EDSN,small_airport,Neuhausen ob Eck Airfield,47.976665,8.903889,2638.0,EU,DE,DE-BW,Neuhausen ob Eck,no,,,EDSN,,,https://en.wikipedia.org/wiki/Neuhausen_ob_Eck_Airfield,Flugplatz Neuhausen ob Eck,,,,,,
315964.0,EDSO,small_airport,Gruibingen-Nortel Airfield,48.6212,9.6557,2318.0,EU,DE,DE-BW,Salach,no,,,EDSO,,http://www.aeroclub-gs.de/flugplatz.html,https://de.wikipedia.org/wiki/Flugplatz_Gruibingen-Nortel,,,,,,,
314007.0,EDSR,small_airport,Radolfzell-Stahlringen Airfield,47.802587,8.979378,,EU,DE,DE-BW,Radolfzell am Bodensee,no,,,EDSR,,https://edsr.info,https://de.wikipedia.org/wiki/Flugplatz_Radolfzell-Stahringen,Flugplatz Stahringen-Wahlwies,,,,,,
309630.0,EDST,small_airport,Hahnweide Airfield,48.631841,9.429201,1146.0,EU,DE,DE-BW,Kirchheim unter Teck,no,,,EDST,,http://www.hahnweide.com/,http://de.wikipedia.org/wiki/Flugplatz_Hahnweide,,,,,,,
28496.0,EDSW,small_airport,Altdorf-Wallburg Airfield,48.269883,7.841942,623.0,EU,DE,DE-BW,Kippenheim,no,,,EDSW,,,https://de.wikipedia.org/wiki/Flugplatz_Altdorf-Wallburg,Flugplatz Altdorf-Wallburg,,,,,,
28709.0,EDSZ,small_airport,Rottweil-Zepfenhan Airfield,48.186604,8.722801,2444.0,EU,DE,DE-BW,Rottweil,no,,,EDSZ,,,https://de.wikipedia.org/wiki/Flugplatz_Rottweil-Zepfenhan,,,,,,,
505112.0,EDTC,small_airport,Bruchsal Airfield,49.13484,8.56412,,EU,DE,DE-BW,,no,,,EDTC,,,https://de.wikipedia.org/wiki/Flugplatz_Bruchsal,,,,,,,
2273.0,EDTD,medium_airport,Donaueschingen-Villingen Airfield,47.973331,8.522222,2231.0,EU,DE,DE-BW,Donaueschingen,no,,,EDTD,,http://www.flugplatz-donaueschingen.de/,http://de.wikipedia.org/wiki/Flugplatz_Donaueschingen-Villingen,Flugplatz Donaueschingen-Villingen,,,,,,
2275.0,EDTG,small_airport,Bremgarten Airfield,47.903186,7.617416,696.0,EU,DE,DE-BW,Eschbach,no,,,EDTG,,http://www.gewerbepark-breisgau.de/Flugplatz,http://de.wikipedia.org/wiki/Flugplatz_Bremgarten,"Flugplatz Bremgarten, Sonderlandeplatz Bremgarten",,,,,,
28597.0,EDTH,small_airport,Heubach Airfield,48.802996,9.927714,1424.0,EU,DE,DE-BW,Heubach,no,,,EDTH,,,https://de.wikipedia.org/wiki/Flugplatz_Heubach,Flugplatz Heubach,,,,,,
2277.0,EDTM,medium_airport,Mengen-Hohentengen Airfield,48.05389,9.372778,1818.0,EU,DE,DE-BW,Mengen,no,,,EDTM,,https://www.regio-airport-mengen.de/,https://de.wikipedia.org/wiki/Flugplatz_Mengen-Hohentengen,,,,,,,
28653.0,EDTN,small_airport,Nabern-Teck Airfield,48.612778,9.477222,1214.0,EU,DE,DE-BW,Kirchheim unter Teck,no,,,EDTN,,https://www.wolfhirth.de/flugplatz/,https://de.wikipedia.org/wiki/Flugplatz_Nabern/Teck,,,,,,,
28679.0,EDTO,small_airport,Offenburg-Baden Airfield,48.448134,7.92356,509.0,EU,DE,DE-BW,Offenburg,no,,,EDTO,,,https://de.wikipedia.org/wiki/Flugplatz_Offenburg,"ZPA, Flugplatz Offenburg",,,,,,
28693.0,EDTP,small_airport,Pfullendorf Airfield,47.90889,9.250556,2303.0,EU,DE,DE-BW,Pfullendorf,no,,,EDTP,,,https://de.wikipedia.org/wiki/Flugplatz_Pfullendorf,Flugplatz Pfullendorf,,,,,,
29090.0,EDTQ,small_airport,Pattonville Airfield,48.864166,9.224722,920.0,EU,DE,DE-BW,Stuttgart,no,,,EDTQ,,,https://de.wikipedia.org/wiki/Flugplatz_Pattonville,Christoph 51,,,,,,
28593.0,EDTR,small_airport,Herten-Rheinfelden Airfield,47.56028,7.748333,925.0,EU,DE,DE-BW,Rheinfelden (Baden),no,,,EDTR,,,https://de.wikipedia.org/wiki/Flugplatz_Herten-Rheinfelden,,,,,,,
28725.0,EDTS,small_airport,Schwenningen am Neckar Airfield,48.065834,8.571389,2169.0,EU,DE,DE-BW,Villingen-Schwenningen,no,,,EDTS,,http://sfg-schwenningen.de/,https://de.wikipedia.org/wiki/Flugplatz_Schwenningen_am_Neckar,,,,,,,
28714.0,EDTU,small_airport,Bad Saulgau Airfield,48.029446,9.507222,1903.0,EU,DE,DE-BW,Bad Saulgau,no,,,EDTU,,,https://de.wikipedia.org/wiki/Flugplatz_Saulgau,"Flugplatz Bad Saulgau, Flugplatz Saulgau",,,,,,
28760.0,EDTW,small_airport,Winzeln-Schramberg Airfield,48.279167,8.428333,2310.0,EU,DE,DE-BW,Schramberg,no,,,EDTW,,http://www.lsv-schwarzwald.de/flugplatz/,http://de.wikipedia.org/wiki/Flugplatz_Winzeln-Schramberg,Flugplatz Winzeln-Schramberg,,,,,,
28722.0,EDTX,small_airport,Schwäbisch Hall-Weckrieden Airfield,49.124443,9.781111,1299.0,EU,DE,DE-BW,Schwäbisch Hall,no,,,EDTX,,,https://de.wikipedia.org/wiki/Flugplatz_Schw%C3%A4bisch_Hall-Weckrieden,,,,,,,
2278.0,EDTY,medium_airport,Adolf Würth Airport,49.118332,9.783889,1299.0,EU,DE,DE-BW,Schwäbisch Hall,no,,,EDTY,,http://www.edty.de,https://de.wikipedia.org/wiki/Flugplatz_Schw%C3%A4bisch_Hall-Hessental,,,,,,,
28623.0,EDTZ,small_airport,Konstanz Airfield,47.681435,9.139258,1302.0,EU,DE,DE-BW,Konstanz,no,,,EDTZ,,http://www.flugplatz-konstanz.de,http://de.wikipedia.org/wiki/Flugplatz_Konstanz,Flugplatz Konstanz,,,,,,
29091.0,EDUA,small_airport,Flugplatz Stechow-Ferchesar,52.650555,12.487778,148.0,EU,DE,DE-BR,Stechow-Ferchesar,no,,,EDUA,,,https://de.wikipedia.org/wiki/Flugplatz_Stechow-Ferchesar,,,,,,,
2280.0,EDUF,small_airport,Falkenberg-Lönnewitz Airfield,51.547779,13.228056,312.0,EU,DE,DE-BR,Mühlberg,no,,,EDUF,,,https://de.wikipedia.org/wiki/Flugplatz_Falkenberg-L%C3%B6nnewitz,Flugplatz Falkenberg-Lönnewitz,,,,,,
28528.0,EDVF,small_airport,Blomberg-Borkhausen Airfield,51.917221,9.111667,535.0,EU,DE,DE-NW,Blomberg,no,,,EDVF,,,https://de.wikipedia.org/wiki/Flugplatz_Blomberg-Borkhausen,Flugplatz Blomberg-Borkhausen,,,,,,
28646.0,EDVG,small_airport,Mengeringhausen Airfield,51.376387,8.981111,1190.0,EU,DE,DE-HE,Bad Arolsen,no,,,EDVG,,,,,,,,,,
28600.0,EDVH,small_airport,Hodenhagen Airfield,52.761865,9.61056,79.0,EU,DE,DE-NI,Hodenhagen,no,,,EDVH,,,https://de.wikipedia.org/wiki/Flugplatz_Hodenhagen,Flugplatz Hodenhagen,,,,,,
28602.0,EDVI,small_airport,Höxter-Holzminden Airfield,51.806667,9.378333,934.0,EU,DE,DE-NW,Höxter,no,,,EDVI,,http://www.flugplatz-hx.de,https://de.wikipedia.org/wiki/Flugplatz_H%C3%B6xter-Holzminden,Flugplatz Höxter-Holzminden,,,,,,
29095.0,EDVJ,small_airport,Salzgitter-Schäferstuhl Airfield,52.030682,10.362468,741.0,EU,DE,DE-NI,Salzgitter,no,,,EDVJ,,,https://de.wikipedia.org/wiki/Flugplatz_Salzgitter-Sch%C3%A4ferstuhl,,,,,,,
28601.0,EDVL,small_airport,Hölleberg Airfield,51.610881,9.398375,837.0,EU,DE,DE-HE,Trendelburg,no,,,EDVL,,,https://de.wikipedia.org/wiki/Flugplatz_H%C3%B6lleberg,Flugplatz Hölleberg,,,,,,
2286.0,EDVM,small_airport,Hildesheim Airfield,52.179819,9.945803,292.0,EU,DE,DE-NI,Hildesheim,no,,,EDVM,,https://www.flugplatz-hildesheim.de/,https://en.wikipedia.org/wiki/Flugplatz_Hildesheim-Drispenstedt,,,,,,,
28674.0,EDVN,small_airport,Northeim Airfield,51.70639,10.039722,404.0,EU,DE,DE-NI,Northeim,no,,,EDVN,,,https://de.wikipedia.org/wiki/Flugplatz_Northeim,Flugplatz Northeim,,,,,,
28705.0,EDVR,small_airport,Rinteln Airfield,52.175278,9.053333,180.0,EU,DE,DE-NI,Rinteln,no,,,EDVR,,,https://de.wikipedia.org/wiki/Flugplatz_Rinteln,,,,,,,
28713.0,EDVS,small_airport,Salzgitter-Drütte Airfield,52.154446,10.426667,328.0,EU,DE,DE-NI,Salzgitter,no,,,EDVS,,,https://de.wikipedia.org/wiki/Flugplatz_Salzgitter-Dr%C3%BCtte,,,,,,,
311065.0,EDVT,small_airport,Ithwiesen Airfield,51.952,9.662,1264.0,EU,DE,DE-NI,Ith,no,,,EDVT,,http://www.ithwiesen.de/,https://de.wikipedia.org/wiki/Flugplatz_Ithwiesen,,,,,,,
28741.0,EDVU,small_airport,Uelzen Airfield,52.9837,10.465422,246.0,EU,DE,DE-NI,Uelzen,no,,,EDVU,,http://www.flugplatz-uelzen.de,http://de.wikipedia.org/wiki/Flugplatz_Uelzen,Flugplatz Uelzen,,,,,,
28516.0,EDVW,small_airport,Bad Pyrmont Airfield,51.966667,9.291667,1178.0,EU,DE,DE-NI,Bad Pyrmont,no,,,EDVW,,,https://de.wikipedia.org/wiki/Flugplatz_Bad_Pyrmont,"Flugplatz Hameln-Pyrmont, Hameln-Pyrmont",,,,,,
311072.0,EDVX,heliport,Gifhorn Federal Police Heliport,52.495184,10.510287,207.0,EU,DE,DE-NI,Gifhorn,no,,,EDVX,,,,,,,,,,
28697.0,EDVY,small_airport,Porta Westfalica Airfield,52.221367,8.859765,148.0,EU,DE,DE-NW,Porta Westfalica,no,,,EDVY,,,https://de.wikipedia.org/wiki/Flugplatz_Porta_Westfalica,,,,,,,
311073.0,EDVZ,heliport,Fuldatal Federal Police Heliport,51.359576,9.5028,694.0,EU,DE,DE-HE,Fuldatal,no,,,EDVZ,,,,,,,,,,
28548.0,EDWC,small_airport,Damme Airfield,52.487558,8.185151,151.0,EU,DE,DE-NI,Damme,no,,,EDWC,,,https://de.wikipedia.org/wiki/Flugplatz_Damme,Flugplatz Damme,,,,,,
2289.0,EDWF,small_airport,Flugplatz Leer-Papenburg,53.271942,7.441667,3.0,EU,DE,DE-NI,Leer,no,,,EDWF,,,https://de.wikipedia.org/wiki/Flugplatz_Leer-Papenburg,,,,,,,
28680.0,EDWH,small_airport,Oldenburg-Hatten Airfield,53.06889,8.313611,26.0,EU,DE,DE-NI,Hatten,no,,,EDWH,,,https://de.wikipedia.org/wiki/Flugplatz_Oldenburg-Hatten,,,,,,,
28616.0,EDWK,small_airport,Karlshöfen Airfield,53.332779,9.028333,20.0,EU,DE,DE-NI,Gnarrenburg,no,,,EDWK,,,https://de.wikipedia.org/wiki/Flugplatz_Karlsh%C3%B6fen,Flugplatz Karlshöfen,,,,,,
28758.0,EDWM,small_airport,Weser-Wümme Airfield,53.05389,9.208611,59.0,EU,DE,DE-NI,Hellwege,no,,,EDWM,,,https://de.wikipedia.org/wiki/Flugplatz_Weser-W%C3%BCmme,Flugplatz Weser-Wümme,,,,,,
28672.0,EDWN,small_airport,Flugplatz Nordhorn-Lingen,52.4575,7.182222,89.0,EU,DE,DE-NI,Klausheide,no,,,EDWN,,http://www.Flugplatz-Nordhorn-Lingen.de,https://de.wikipedia.org/wiki/Flugplatz_Nordhorn-Lingen,"ETUN, Nordhorn Range Airport",,,,,,
43127.0,EDWP,small_airport,Wiefelstede-Conneforde Airfield,53.321388,8.073333,33.0,EU,DE,DE-NI,Wiefelstede,no,,,EDWP,,,https://de.wikipedia.org/wiki/Flugplatz_Wiefelstede-Conneforde,"Conneforde, Flugplatz Conneforde, Flugplatz Wiefelstede-Conneforde",,,,,,
28566.0,EDWQ,small_airport,Ganderkesee Atlas Airfield,53.03611,8.505556,95.0,EU,DE,DE-NI,Ganderkesee,no,,,EDWQ,,https://www.flugplatz-ganderkesee.de/,https://de.wikipedia.org/wiki/Flugplatz_Ganderkesee,,,,,,,
28745.0,EDWV,small_airport,Verden-Scharnhorst Airfield,52.965279,9.282778,144.0,EU,DE,DE-NI,Verden (Aller),no,,,EDWV,,,https://de.wikipedia.org/wiki/Flugplatz_Verden-Scharnhorst,,,,,,,
28759.0,EDWX,small_airport,Westerstede-Felde Airfield,53.288612,7.930556,30.0,EU,DE,DE-NI,Westerstede,no,,,EDWX,,,https://de.wikipedia.org/wiki/Flugplatz_Westerstede-Felde,Flugplatz Westerstede-Felde,,,,,,
28716.0,EDXC,small_airport,Schleswig-Kropp Airfield,54.425497,9.541883,52.0,EU,DE,DE-SH,Kropp,no,,,EDXC,,,https://de.wikipedia.org/wiki/Flugplatz_Schleswig-Kropp,Flugplatz Schleswig-Kropp,,,,,,
28531.0,EDXD,small_airport,Bohmte-Bad Essen Airfield,52.351391,8.328333,148.0,EU,DE,DE-NI,Bohmte,no,,,EDXD,,,https://de.wikipedia.org/wiki/Flugplatz_Bohmte-Bad_Essen,Flugplatz Bohmte-Bad Essen,,,,,,
28704.0,EDXE,small_airport,Rheine-Eschendorf Airfield,52.276389,7.492778,131.0,EU,DE,DE-NW,Rheine,no,,,EDXE,,https://edxe.de/,https://de.m.wikipedia.org/wiki/Flugplatz_Rheine-Eschendorf,Flugplatz Rheine-Eschendorf,,,,,,
28645.0,EDXG,small_airport,Melle-Grönegau Airfield,52.200832,8.380556,236.0,EU,DE,DE-NI,Melle,no,,,EDXG,,,https://de.wikipedia.org/wiki/Flugplatz_Melle-Gr%C3%B6negau,,,,,,,
28666.0,EDXI,small_airport,Nienburg-Holzbalge Airfield,52.709721,9.1625,82.0,EU,DE,DE-NI,Balge,no,,,EDXI,,,https://de.wikipedia.org/wiki/Flugplatz_Nienburg-Holzbalge,"Flugplatz Holzbalge, Holzbalge",,,,,,
28521.0,EDXL,small_airport,Barßel Airfield,53.164444,7.793889,10.0,EU,DE,DE-NI,Barßel,no,,,EDXL,,,https://de.wikipedia.org/wiki/Flugplatz_Bar%C3%9Fel,"Barßel-Oltmanns, Flugplatz Barßel",,,,,,
28733.0,EDXM,small_airport,Sankt Michaelisdonn Airfield,53.978263,9.14521,125.0,EU,DE,DE-SH,Sankt Michaelisdonn,no,,,EDXM,,,https://de.wikipedia.org/wiki/Flugplatz_St._Michaelisdonn,"Hopen, Flugplatz Sankt Michaelisdonn, St. Michaelisdonn",,,,,,
28671.0,EDXN,small_airport,Nordholz-Spieka Airfield,53.767223,8.643611,72.0,EU,DE,DE-NI,Wurster Nordseeküste,no,,,EDXN,,,http://de.wikipedia.org/wiki/Flugplatz_Nordholz-Spieka,,,,,,,
29097.0,EDXQ,small_airport,Rotenburg (Wümme) Airfield,53.128334,9.348611,98.0,EU,DE,DE-NI,Rotenburg (Wümme),no,,,EDXQ,,,https://de.wikipedia.org/wiki/Flugplatz_Rotenburg_(W%C3%BCmme),Flugplatz Rotenburg (Wümme),,,,,,
2295.0,EDXR,small_airport,Rendsburg-Schachtholm Airfield,54.220001,9.599444,23.0,EU,DE,DE-SH,Hörsten,no,,,EDXR,,,https://de.wikipedia.org/wiki/Flugplatz_Rendsburg-Schachtholm,,,,,,,
28603.0,EDXT,small_airport,Sierksdorf/Hof Altona Airfield,54.066743,10.742183,79.0,EU,DE,DE-SH,Sierksdorf,no,,,EDXT,,,https://de.wikipedia.org/wiki/Flugplatz_Sierksdorf/Hof-Altona,,,,,,,
28607.0,EDXU,small_airport,Hüttenbusch Airfield,53.286667,8.947222,10.0,EU,DE,DE-NI,Worpswede,no,,,EDXU,,,https://de.wikipedia.org/wiki/Flugplatz_H%C3%BCttenbusch,Sonderlandeplatz Hüttenbusch,,,,,,
320814.0,EH58,heliport,Brunssum Joint Force Command Heliport,50.9437,6.0052,356.0,EU,NL,NL-LI,Brunssum,no,,,,,,,,,,,,,
340490.0,EHAD,heliport,Ameland Heliport,53.450925,5.682351,11.0,EU,NL,NL-FR,Ballum,no,,,EHAD,,https://www.ehal.nl/,https://nl.wikipedia.org/wiki/Ameland_Airport_Ballum,,,,,,,
515264.0,EHAK,heliport,A12-CPP Platform Helipad,55.399167,3.810278,,EU,NL,NL-XX,North Sea,no,,,EHAK,,,,,,,,,,
526404.0,EHAX,heliport,A18-A,55.105,3.83167,,EU,NL,NL-XX,,no,,,EHAX,,,,,,,,,,
515266.0,EHBL,heliport,B13-A Platform Helipad,55.284722,4.096667,,EU,NL,NL-XX,North Sea,no,,,EHBL,,,,,,,,,,
515199.0,EHDT,heliport,D12-A Heliport,54.34222,2.86444,,EU,NL,NL-XX,,no,,,EHDT,,,,,,,,,,
515201.0,EHDY,heliport,D18-A Heliport,54.14917,2.82194,,EU,NL,NL-XX,,no,,,EHDY,,,,,,,,,,
526403.0,EHFB,heliport,F2-A,54.94444,4.5725,,EU,NL,NL-XX,,no,,,EHFB,,,,,,,,,,
526402.0,EHFD,heliport,F3-FB-1,54.85306,4.69472,,EU,NL,NL-XX,,no,,,EHFD,,,,,,,,,,
526392.0,EHFO,heliport,F15-A,54.21583,4.82722,,EU,NL,NL-XX,,no,,,EHFO,,,,,,,,,,
526405.0,EHFQ,heliport,L2-FA-1,53.96056,4.49611,,EU,NL,NL-XX,,no,,,EHFQ,,,,,,,,,,
526401.0,EHFR,heliport,L5-FA-1,53.81083,4.35111,,EU,NL,NL-XX,,no,,,EHFR,,,,,,,,,,
601257.0,EHFS,heliport,KNMI Weather Station,51.441372,3.595994,3.0,EU,NL,NL-ZL,Vlissingen,no,,,,,,,"KNMI, weather station, EHFS, not an airport",,,,,,
526400.0,EHFT,heliport,L5-D,53.81806,4.51278,,EU,NL,NL-XX,,no,,,EHFT,,,,,,,,,,
526398.0,EHGN,heliport,G14-A,54.22389,5.49861,,EU,NL,NL-XX,,no,,,EHGN,,,,,,,,,,
526395.0,EHGO,heliport,G14-B,54.21583,5.43472,,EU,NL,NL-XX,,no,,,EHGO,,,,,,,,,,
526397.0,EHGQ,heliport,G17D-A,54.04917,5.43194,,EU,NL,NL-XX,,no,,,EHGQ,,,,,,,,,,
43207.0,EHHA,heliport,Amsterdam Heliport,52.414625,4.804802,1.0,EU,NL,NL-NH,Amsterdam,no,,,EHHA,,http://www.amsterdamheliport.com/,https://en.wikipedia.org/wiki/Amsterdam_Heliport,,,,,,,
332213.0,EHHE,heliport,Eemshaven Heliport,53.460833,6.814329,,EU,NL,NL-GR,Eemshaven,no,,,EHHE,,,https://nl.wikipedia.org/wiki/Heliport_Eemshaven,Het Hogeland,,,,,,
28121.0,EHHO,small_airport,Hoogeveen Airfield,52.730801,6.51611,40.0,EU,NL,NL-DR,Hoogeveen,no,,,EHHO,,http://www.vliegveldhoogeveen.nl/pages/whiterings_indexpag.html,https://en.wikipedia.org/wiki/Hoogeveen_Airport,,,,,,,
28122.0,EHHV,small_airport,Hilversum Airfield,52.191898,5.14694,3.0,EU,NL,NL-NH,Hilversum,no,,,EHHV,,http://www.ehhv.nl/,https://en.wikipedia.org/wiki/Hilversum_Airport,Gooi,,,,,,
322080.0,EHHW,heliport,Buitengaats / BG-OHVS2 Helipad,54.0369,6.041833,,EU,NL,NL-FR,Gemini Wind Farm,no,,,EHHW,,,https://en.wikipedia.org/wiki/Gemini_Wind_Farm,,,,,,,
515205.0,EHJA,heliport,J6-A Heliport,53.82333,2.94389,,EU,NL,NL-XX,,no,,,EHJA,,,,,,,,,,
515204.0,EHJB,heliport,K1-A Heliport,53.84306,3.07806,,EU,NL,NL-XX,,no,,,EHJB,,,,,,,,,,
515209.0,EHJC,heliport,K2B-A Heliport,53.94861,3.66222,,EU,NL,NL-XX,,no,,,EHJC,,,,,,,,,,
515206.0,EHJD,heliport,K4-BE Heliport,53.765,3.19528,,EU,NL,NL-XX,,no,,,EHJD,,,,,,,,,,
515210.0,EHJE,heliport,K4-A Heliport,53.75028,3.30944,,EU,NL,NL-XX,,no,,,EHJE,,,,,,,,,,
515211.0,EHJF,heliport,K5-ACP Heliport,53.69556,3.33889,,EU,NL,NL-XX,,no,,,EHJF,,,,,,,,,,
515212.0,EHJG,heliport,K5-B Heliport,53.71389,3.42722,,EU,NL,NL-XX,,no,,,EHJG,,,,,,,,,,
515221.0,EHJH,heliport,K5-EN/C Heliport,53.71056,3.51111,,EU,NL,NL-XX,,no,,,EHJH,,,,,,,,,,
515222.0,EHJI,heliport,K5-D Heliport,53.69083,3.48722,,EU,NL,NL-XX,,no,,,EHJI,,,,,,,,,,
515207.0,EHJJ,heliport,K5-CU Heliport,53.815,3.44944,,EU,NL,NL-XX,,no,,,EHJJ,,,,,,,,,,
515223.0,EHJM,heliport,K8-FA-1 Heliport,53.49944,3.36889,,EU,NL,NL-XX,,no,,,EHJM,,,,,,,,,,
515224.0,EHJN,heliport,K8-FA-3 Heliport,53.54139,3.42222,,EU,NL,NL-XX,,no,,,EHJN,,,,,,,,,,
515225.0,EHJO,heliport,K8-FA-2 Heliport,53.51444,3.4175,,EU,NL,NL-XX,,no,,,EHJO,,,,,,,,,,
333830.0,EHJR,heliport,K13-A Heliport,53.217222,3.218889,125.0,EU,NL,NL-XX,,no,,,EHJR,,https://www.wintershall-noordzee.nl/our-assets.html,https://nl.wikipedia.org/wiki/K13A,"K13A, North Sea, Gas Platform",,,,,,
515226.0,EHKA,heliport,L4-PN Heliport,53.82333,4.04972,,EU,NL,NL-XX,,no,,,EHKA,,,,,,,,,,
515227.0,EHKB,heliport,K6-GT Heliport,53.7525,3.91472,,EU,NL,NL-XX,,no,,,EHKB,,,,,,,,,,
515228.0,EHKC,heliport,K6-DN Heliport,53.72556,3.80444,,EU,NL,NL-XX,,no,,,EHKC,,,,,,,,,,
515229.0,EHKE,heliport,K6-PC Heliport,53.69833,3.86889,,EU,NL,NL-XX,,no,,,EHKE,,,,,,,,,,
515230.0,EHKF,heliport,K6-PN Heliport,53.69861,3.74778,,EU,NL,NL-XX,,no,,,EHKF,,,,,,,,,,
515231.0,EHKG,heliport,K6-D Heliport,53.675,3.82833,,EU,NL,NL-XX,,no,,,EHKG,,,,,,,,,,
515232.0,EHKH,heliport,K9C-A Heliport,53.6525,3.87278,,EU,NL,NL-XX,,no,,,EHKH,,,,,,,,,,
515233.0,EHKJ,heliport,L4-A Heliport,53.72444,4.0975,,EU,NL,NL-XX,,no,,,EHKJ,,,,,,,,,,
515234.0,EHKK,heliport,K9-AB-B Heliport,53.55083,3.77944,,EU,NL,NL-XX,,no,,,EHKK,,,,,,,,,,
515235.0,EHKL,heliport,K9-AB-A Heliport,53.52,3.9925,,EU,NL,NL-XX,,no,,,EHKL,,,,,,,,,,
515236.0,EHKM,heliport,K12-A Heliport,53.47583,3.78722,,EU,NL,NL-XX,,no,,,EHKM,,,,,,,,,,
515237.0,EHKN,heliport,K12-C Heliport,53.45833,3.90444,,EU,NL,NL-XX,,no,,,EHKN,,,,,,,,,,
515238.0,EHKO,heliport,K12-D Heliport,53.42167,3.885,,EU,NL,NL-XX,,no,,,EHKO,,,,,,,,,,
515239.0,EHKP,heliport,K12-B Heliport,53.34083,3.89361,,EU,NL,NL-XX,,no,,,EHKP,,,,,,,,,,
515240.0,EHKQ,heliport,K12-G Heliport,53.35528,3.98222,,EU,NL,NL-XX,,no,,,EHKQ,,,,,,,,,,
515241.0,EHKS,heliport,K15-FB-1 Heliport,53.27556,3.87167,,EU,NL,NL-XX,,no,,,EHKS,,,,,,,,,,
515242.0,EHKT,heliport,K15-FA-1 Heliport,53.24722,3.98611,,EU,NL,NL-XX,,no,,,EHKT,,,,,,,,,,
515243.0,EHKV,heliport,K14-FA-1C Heliport,53.26861,3.62639,,EU,NL,NL-XX,,no,,,EHKV,,,,,,,,,,
515245.0,EHKW,heliport,K14-FA-1A Heliport,53.26861,3.62639,,EU,NL,NL-XX,,no,,,EHKW,,,,,,,,,,
515246.0,EHKX,heliport,K12-K Heliport,53.42278,3.96028,,EU,NL,NL-XX,,no,,,EHKX,,,,,,,,,,
515250.0,EHLH,heliport,L10-B Heliport,53.45667,4.23167,,EU,NL,NL-XX,,no,,,EHLH,,,,,,,,,,
515251.0,EHLI,heliport,L10-E Heliport,53.43167,4.23556,,EU,NL,NL-XX,,no,,,EHLI,,,,,,,,,,
515252.0,EHLJ,heliport,L10-L Heliport,53.41833,4.18361,,EU,NL,NL-XX,,no,,,EHLJ,,,,,,,,,,
515253.0,EHLL,heliport,L10-A Heliport,53.40333,4.20056,,EU,NL,NL-XX,,no,,,EHLL,,,,,,,,,,
515254.0,EHLM,heliport,L10-M Heliport,53.40528,4.0225,,EU,NL,NL-XX,,no,,,EHLM,,,,,,,,,,
515255.0,EHLN,heliport,L10-C Heliport,53.39306,4.20083,,EU,NL,NL-XX,,no,,,EHLN,,,,,,,,,,
515256.0,EHLO,heliport,L10-F Heliport,53.38639,4.25944,,EU,NL,NL-XX,,no,,,EHLO,,,,,,,,,,
515257.0,EHLP,heliport,L13-FE-1 Heliport,53.31306,4.24667,,EU,NL,NL-XX,,no,,,EHLP,,,,,,,,,,
515258.0,EHLQ,heliport,L13-FC-1 Heliport,53.28333,4.20833,,EU,NL,NL-XX,,no,,,EHLQ,,,,,,,,,,
515259.0,EHLS,heliport,L5-B Heliport,53.70417,4.60222,,EU,NL,NL-XX,,no,,,EHLS,,,,,,,,,,
515260.0,EHLT,heliport,L8-P4 Heliport,53.66056,4.53944,,EU,NL,NL-XX,,no,,,EHLT,,,,,,,,,,
515261.0,EHLU,heliport,L8-P Heliport,53.64,4.5625,,EU,NL,NL-XX,,no,,,EHLU,,,,,,,,,,
515262.0,EHLX,heliport,L11-B Heliport,53.47222,4.48944,,EU,NL,NL-XX,,no,,,EHLX,,,,,,,,,,
509815.0,EHMA,heliport,AWG-1 Helipad,53.4911,5.9413,,EU,NL,NL-FR,Buren,no,,,EHMA,,,,,,,,,,
515247.0,EHMF,heliport,L5-C Heliport,53.69583,4.64528,,EU,NL,NL-XX,,no,,,EHMF,,,,,,,,,,
515248.0,EHMG,heliport,L9-FF-1 Heliport,53.61444,4.96028,,EU,NL,NL-XX,,no,,,EHMG,,,,,,,,,,
515249.0,EHMR,heliport,L15-FA-1 Heliport,53.32944,4.83083,,EU,NL,NL-FR,Oost-Vlieland,no,,,EHMR,,,,,,,,,,
28123.0,EHMZ,small_airport,Midden-Zeeland Airfield,51.512199,3.73111,6.0,EU,NL,NL-ZL,Middelburg,no,,,EHMZ,,http://www.vliegveldzeeland.nl,https://en.wikipedia.org/wiki/Midden-Zeeland_Airport,,,,,,,
46371.0,EHOW,small_airport,Oostwold Airfield,53.208775,7.033053,1.0,EU,NL,NL-GR,Oostwold,no,,,EHOW,,http://www.oostwold-airport.nl/,https://en.wikipedia.org/wiki/Oostwold_Airport,,,,,,,
515506.0,EHPB,heliport,P6-A Heliport,52.755,3.75611,,EU,NL,NL-XX,,no,,,EHPB,,,,,,,,,,
515508.0,EHPC,heliport,P6-D Heliport,52.70028,3.72556,,EU,NL,NL-XX,,no,,,EHPC,,,,,,,,,,
515507.0,EHPD,heliport,P6-B Heliport,52.73722,3.80361,,EU,NL,NL-XX,,no,,,EHPD,,,,,,,,,,
515512.0,EHPE,heliport,P11-E Heliport,52.35611,3.58917,,EU,NL,NL-XX,,no,,,EHPE,,,,,,,,,,
515510.0,EHPF,heliport,P9-A (Horizon) Heliport,52.5525,3.74083,,EU,NL,NL-XX,,no,,,EHPF,,,,,,,,,,
515513.0,EHPG,heliport,P11-B (De Ruyter) Heliport,52.35998,3.34192,,EU,NL,NL-XX,,no,,,EHPG,,,,,,,,,,
515511.0,EHPH,heliport,P12-SW Heliport,52.40583,3.75861,,EU,NL,NL-XX,,no,,,EHPH,,,,,,,,,,
515504.0,EHPJ,heliport,P15-F Heliport,52.30583,3.685,,EU,NL,NL-XX,,no,,,EHPJ,,,,,,,,,,
515491.0,EHPK,heliport,P15-ACD (Rijn-C) Heliport,52.29028,3.81611,,EU,NL,NL-XX,,no,,,EHPK,,,,,,,,,,
515490.0,EHPL,heliport,P15-G Heliport,52.2225,3.73944,,EU,NL,NL-XX,,no,,,EHPL,,,,,,,,,,
515489.0,EHPM,heliport,P15-E Heliport,52.17167,3.86778,,EU,NL,NL-XX,,no,,,EHPM,,,,,,,,,,
515487.0,EHPN,heliport,P18-A Heliport,52.12694,3.93778,,EU,NL,NL-ZH,Westland,no,,,EHPN,,,,,,,,,,
515502.0,EHQD,heliport,Helder-A Heliport,52.92028,4.09806,,EU,NL,NL-XX,,no,,,EHQD,,,,,,,,,,
515501.0,EHQE,heliport,Hoorn-A Heliport,52.92417,4.15,,EU,NL,NL-XX,,no,,,EHQE,,,,,,,,,,
515500.0,EHQF,heliport,Helm-A Heliport,52.87111,4.14167,,EU,NL,NL-XX,,no,,,EHQF,,,,,,,,,,
515497.0,EHQH,heliport,Q4-C Heliport,52.82556,4.28333,,EU,NL,NL-XX,,no,,,EHQH,,,,,,,,,,
515496.0,EHQI,heliport,Q4-A Heliport,52.77861,4.26667,,EU,NL,NL-XX,,no,,,EHQI,,,,,,,,,,
515495.0,EHQJ,heliport,Q4-B Heliport,52.71639,4.29972,,EU,NL,NL-XX,,no,,,EHQJ,,,,,,,,,,
515498.0,EHQM,heliport,Q1-D Heliport,52.87222,4.17139,,EU,NL,NL-XX,,no,,,EHQM,,,,,,,,,,
515494.0,EHQN,heliport,Hollandse Kust Noord Heliport,52.65389,4.26194,,EU,NL,NL-XX,,no,,,EHQN,,,,,,,,,,
515492.0,EHQS,heliport,Hollandse Kust Zuid Alpha Heliport,52.31944,4.04305,,EU,NL,NL-XX,,no,,,EHQS,,,,,,,,,,
515488.0,EHQT,heliport,Q13-A Heliport,52.19111,4.13638,,EU,NL,NL-ZH,Den Haag,no,,,EHQT,,,,,,,,,,
515509.0,EHQW,heliport,Hollandse Kust West Alpha Heliport,52.67972,3.80472,,EU,NL,NL-XX,,no,,,EHQW,,,,,,,,,,
333828.0,EHSA,heliport,Europlatform Heliport,51.99792,3.27481,62.0,EU,NL,NL-XX,,no,,,EHSA,,https://www.windopzee.net/en/locations/europlatform/,,"Europlatform, North Sea, Research Station",,,,,,
333829.0,EHSC,heliport,Lichteiland Goeree Heliport,51.925,3.67,98.0,EU,NL,NL-ZH,Goeree-Overflakkee,no,,,EHSC,,https://www.windopzee.net/en/locations/lichteiland-goeree/,https://nl.wikipedia.org/wiki/Lichtplatform_Goeree,"Lichteiland Goeree, North Sea, Research Station",,,,,,
515486.0,EHSF,heliport,Borssele Beta Heliport,51.72667,2.96611,,EU,NL,NL-XX,,no,,,EHSF,,,,,,,,,,
28125.0,EHST,small_airport,Stadskanaal Airfield,52.9986,7.02278,14.0,EU,NL,NL-GR,Stadskanaal,no,,,EHST,,http://www.ulv.nl/,https://en.wikipedia.org/wiki/Stadskanaal_Airfield,,,,,,,
28127.0,EHTL,small_airport,Terlet Glidersite,52.057201,5.92444,276.0,EU,NL,NL-GE,Arnhem,no,,,EHTL,,http://www.terlet.nl/,https://en.wikipedia.org/wiki/Terlet_Airfield,"terlet, szt, gezc, Stichting Zweefvliegers Terlet, Gelderse Zweefvliegclub, De Thermiekbel",,,,,,
43209.0,EHTP,heliport,Maasvlakte Heliport,51.95940017700195,4.090000152587891,3.0,EU,NL,NL-ZH,Rotterdam,no,,,EHTP,,,https://en.wikipedia.org/wiki/Maasvlakte_Heliport,,,,,,,
43210.0,EHVL,heliport,Vlieland Heliport,53.296912,5.085601,37.0,EU,NL,NL-FR,Oost-Vlieland,no,,,EHVD,,,https://en.wikipedia.org/wiki/Vlieland_Heliport,,,,,,,
43208.0,EHYP,heliport,IJmuiden Heliport,52.469887,4.593444,1.0,EU,NL,NL-NH,Ĳmuiden,no,,,EHYP,,,https://en.wikipedia.org/wiki/IJmuiden_Heliport,Ĳmuiden,,,,,,
45168.0,ES-0001,small_airport,Trebujena Airfield,36.858889,-6.139167,12.0,EU,ES,ES-AN,Trebujena,no,,,LETJ,,http://www.aerodromodetrebujena.com/,,,,,,,,
298473.0,ES-0002,small_airport,Vinaròs Airfield,40.519722222,0.390277778,364.0,EU,ES,ES-VC,Vinaròs,no,,,,,http://www.aeroclubmaestrat.com,,"aeroclub maestrat, aerodrom vinaros, aeroclub vinaros, camp de vol vinaros",,,,,,
299646.0,ES-0003,heliport,Banco de España Helipad,40.4179131733,-3.69491994381,,EU,ES,ES-MD,Madrid,no,,,,,,,Helipuerto Civil Madrid - Banco de España,,,,,,
299647.0,ES-0004,heliport,Huerta Otea Helipad,40.9644624297,-5.68368673325,,EU,ES,ES-CL,Salamanca,no,,,,,,,,,,,,,
299648.0,ES-0005,heliport,Salamanca Fire Station Helipad,40.9793128692,-5.66011816263,,EU,ES,ES-CL,Salamanca,no,,,,,,,,,,,,,
309915.0,ES-0006,small_airport,Rosinos de la Requejada Airfield,42.0981,-6.5262,3330.0,EU,ES,ES-CL,Santiago de la Requejada,no,,,LESI,,,,,,,,,,
309916.0,ES-0007,small_airport,Torremocha de Jiloca Airfield,40.6032,-1.265,3346.0,EU,ES,ES-AR,Torremocha de Jiloca,no,,,,,,,,,,,,,
309918.0,ES-0009,small_airport,Aeródromo de Villoldo,42.2655,-4.6479,2700.0,EU,ES,ES-CL,Villoldo,no,,,,,,,,,,,,,
309923.0,ES-0010,small_airport,Aeródromo de Antela,42.1045,-7.7118,2024.0,EU,ES,ES-GA,Xinzo de Limia,no,,,,,,,,,,,,,
309925.0,ES-0011,small_airport,Chaira Airfield,42.23282,-7.6448,1946.0,EU,ES,ES-GA,Baños de Molgas,no,,,,,,,,,,,,,
309929.0,ES-0012,small_airport,Castriz/Cambe Airfield,43.102502,-8.7617,1200.0,EU,ES,ES-GA,Santa Comba,no,,,,,,,Aeroclub Cambre,,,,,,
309930.0,ES-0013,small_airport,Godos Airfield,42.5787,-8.6968,45.0,EU,ES,ES-GA,Caldas de Reis,no,,,,,,,,,,,,,
309932.0,ES-0014,small_airport,Monforte Airfield,42.547,-7.5191,1078.0,EU,ES,ES-GA,Monforte de Lemos,no,,,LENF,,,,,,,,,,
314988.0,ES-0015,small_airport,Pozo Cañada Airfield,38.798137,-1.726842,2700.0,EU,ES,ES-CM,Pozo Cañada,no,,,,,,,,,,,,,
315436.0,ES-0016,small_airport,Club Aernautic Catalunya,41.750278,2.611389,,EU,ES,ES-CT,,no,,,,,,,,,,,,,
315437.0,ES-0017,small_airport,Aeroclub Cáceres,39.329167,-6.343611,1350.0,EU,ES,ES-EX,La Cervera,no,,,,,,,,,,,,,
315438.0,ES-0018,small_airport,AeroSidonia,36.44026,-5.94093,,EU,ES,ES-AN,,no,,,,,,,,,,,,,
315467.0,ES-0019,small_airport,Campo de Aviación de Ablitas,42.003278,-1.620316,324.0,EU,ES,ES-NC,,no,,,LETU,,,https://es.wikipedia.org/wiki/Aer%C3%B3dromo_Militar_de_Ablitas,,,,,,,
315469.0,ES-0020,small_airport,Aeròdrom de Pals,42.0069903,3.1519175,,EU,ES,ES-CT,,no,,,,,,,,,,,,,
315470.0,ES-0021,small_airport,Aeròdrom d'Avinyonet,41.367985,1.766867,,EU,ES,ES-CT,Avinyó Nou,no,,,,,,,,,,,,,
315474.0,ES-0022,small_airport,ULM de Dolores,38.1573628,-0.7779122,,EU,ES,ES-VC,,no,,,,,,,,,,,,,
315661.0,ES-0023,heliport,Basa Aérea de Valencia-Bétera,39.62447,-0.472576,414.0,EU,ES,ES-VC,Bétera,no,,,LEBT,,,https://de.wikipedia.org/wiki/Helipuerto_B%C3%A9tera-Valencia,,,,,,,
315715.0,ES-0024,small_airport,Ultralight Aeroclub Müller,37.26076,-1.85236,,EU,ES,ES-AN,Vera,no,,,,,,,,,,,,,
315858.0,ES-0025,small_airport,Aerodromo de Figueira dos Cavaleiros,38.077502,-8.235832,262.0,EU,PT,PT-02,Ferreira do Alentejo,no,,,LPFC,,http://www.samag.pt/,,,,,,,,
315868.0,ES-0026,small_airport,Camp de Vol de Palafolls,41.687222,2.748056,,EU,ES,ES-CT,,no,,,,,,,,,,,,,
315895.0,ES-0027,small_airport,Aerodromo El Judio,37.840394,-4.7096584,,EU,ES,ES-AN,,no,,,,,,,,,,,,,
315969.0,ES-0028,small_airport,AeroCieza,38.32305,-1.456967,,EU,ES,ES-MC,,no,,,,,,,,,,,,,
315972.0,ES-0029,small_airport,Fuenterrobles,39.56601,-1.36225,,EU,ES,ES-VC,,no,,,,,,,,,,,,,
315976.0,ES-0030,small_airport,Valle Amblés,40.604722,-4.790278,3543.0,EU,ES,ES-CL,El Fresno,no,,,,,,,"Baixo Miño,El Salobral",,,,,,
315981.0,ES-0031,small_airport,La Segarra Airfield,41.681294,1.414266,2200.0,EU,ES,ES-CT,Sant Guim de Freixenet,no,,,,,,,,,,,,,
315992.0,ES-0032,closed,Aerodromo de Monteplano,42.493953,-1.700802,,EU,ES,ES-NC,Tafalla,no,,,,,,,Monteplano,,,,,,
316061.0,ES-0033,small_airport,Aerohíspalis,37.3297,-5.722783,140.0,EU,ES,ES-AN,Mairena del Alcor,no,,,LEAH,,http://www.aerohispalis.com/donde-estamos/,,Los Alcores,,,,,,
316062.0,ES-0034,small_airport,AeroNiebla,37.349722,-6.683889,100.0,EU,ES,ES-AN,Niebla,no,,,,,http://www.aeroniebla.com,,,,,,,,
316063.0,ES-0035,small_airport,Aeroclub Mar Menor,37.845278,-0.881111,289.0,EU,ES,ES-MC,San Javier,no,,,LELG,,,,Los Garranchos,,,,,,
316065.0,ES-0036,small_airport,Aeroclub Totana,37.753083,-1.4487,,EU,ES,ES-MC,Totana,no,,,LETX,,https://aerototana.org/,,,,,,,,
316682.0,ES-0037,small_airport,Aeroclub Alto Palancia,39.79781,-0.418318,,EU,ES,ES-VC,Sot de Ferrer,no,,,,,,,,,,,,,
316683.0,ES-0038,closed,Berbinzana,42.5225,-1.803889,,EU,ES,ES-NC,,no,,,,,,,,,,,,,
319456.0,ES-0039,small_airport,Aeródromo de Alcazarén,41.3727778,-4.6958333,2526.0,EU,ES,ES-CL,Alcazarén,no,,,,,http://www.alcazarenvuelo.com,https://es.wikipedia.org/wiki/Aer%C3%B3dromo_de_Alcazar%C3%A9n,,,,,,,
320136.0,ES-0040,small_airport,Zalduendo ULM,42.873599,-2.337437,1936.0,EU,ES,ES-PV,Zalduondo,no,,,,,,,,,,,,,
320137.0,ES-0041,small_airport,Casas de Juan Gil Airfield,39.133,-1.2622,2723.0,EU,ES,ES-CM,Carcelén,no,,,,,,,,,,,,,
320138.0,ES-0042,small_airport,Las Cañadillas Airfield,38.501242,-2.270883,3675.0,EU,ES,ES-CM,Molinicos,no,,,,,,,,,,,,,
320139.0,ES-0043,small_airport,La Montaña ULM,38.80213,-0.398417,1050.0,EU,ES,ES-VC,Alcocer de Planes,no,,,,,,,,,,,,,
320140.0,ES-0044,small_airport,Aeródromo de la Curiscada,43.3330166667,-6.3785,2241.0,EU,ES,ES-AS,Tineo,no,,,,,,,Tinéu,,,,,,
320141.0,ES-0045,small_airport,Base Aérea Las Navas,42.953642,-3.473773,,EU,ES,ES-CL,Medina de Pomar,no,,,,,,,,,,,,,
320148.0,ES-0046,small_airport,Aeródromo de Trasmirás,42.0517681,-7.5986285,,EU,ES,ES-GA,Trasmirás,no,,,,,,,,,,,,,
320149.0,ES-0047,small_airport,Aeródromo de Reboira,43.1782148,-7.0494408,,EU,ES,ES-GA,Reboira,no,,,,,,,,,,,,,
320168.0,ES-0048,small_airport,Gérgal Aerodrome,37.12557,-2.595571,2559.0,EU,ES,ES-AN,Gérgal,no,,,,,,,"LEGG, Aerödromo de Gérgal",,,,,,
320170.0,ES-0049,small_airport,Aerodrómo de Sanchidrián,40.89995,-4.609617,2789.0,EU,ES,ES-CL,Sanchidrián,no,,,,,,,,,,,,,
320185.0,ES-0050,small_airport,Aeródromo de Villaconejos,40.0969757,-3.5083487,,EU,ES,ES-MD,Villaconejos,no,,,,,,,,,,,,,
320246.0,ES-0051,small_airport,Aeródromo de Binéfar,41.853613,0.254904,1312.0,EU,ES,ES-AR,Binéfar,no,,,LEBF,,http://aeroclubbinefar.com,,,,,,,,
320272.0,ES-0052,small_airport,Vicente Huerta Airfield,39.953679,-0.622487,2440.0,EU,ES,ES-VC,Viver,no,,,LEVY,,https://titanfirefighting.com,,,,,,,,
320411.0,ES-0053,small_airport,Base BRICA de Cártama,36.722785,-4.700446,,EU,ES,ES-AN,Cártama,no,,,,,,,"BRICA,RioGrande",,,,,,
320412.0,ES-0054,small_airport,Aerodromo de Villanueva de Gallego,41.7856,-0.848033,938.0,EU,ES,ES-AR,Villanueva de Gallego,no,,,LEWG,,,,,,,,,,
320413.0,ES-0055,small_airport,Aeródromo de Antequera,37.10165,-4.5625667,1903.0,EU,ES,ES-AN,Antequera,no,,,,,,,,,,,,,
320414.0,ES-0056,small_airport,Aerodrómo de la Calderina,39.296287,-3.831152,3281.0,EU,ES,ES-CM,,no,,,,,,,,,,,,,
320422.0,ES-0057,small_airport,Ses Salines (S’Olivó) Airfield,39.346746,3.057199,164.0,EU,ES,ES-IB,Ses Salines,no,,,,,,,,,,,,,
320423.0,ES-0058,small_airport,Vilafranca de Bonany-Es cruce Airfield (Aerodromo Mallorca),39.576801,3.124647,233.0,EU,ES,ES-IB,Petra Pep Mercader,no,,,LEPT,,,,,,,,,,
320424.0,ES-0059,small_airport,Binissalem Airfield,39.68105,2.877281,361.0,EU,ES,ES-IB,Binissalem,no,,,LEIS,,,,,,,,,,
320425.0,ES-0060,seaplane_base,Pollença Seaplane Base,39.908121,3.101912,,EU,ES,ES-IB,Port de Pollença,no,,,LEPO,,,https://es.wikipedia.org/wiki/Aer%C3%B3dromo_Militar_de_Pollensa,,,,,,,
320426.0,ES-0061,small_airport,Son Albertí Airfield,39.400644,2.860621,300.0,EU,ES,ES-IB,Llucmajor,no,,,,,,,,,,,,,
320442.0,ES-0062,small_airport,Aeródromo de Royanejos,38.979917,-6.345167,722.0,EU,ES,ES-EX,,no,,,LEMY,,,,,,,,,,
320443.0,ES-0063,small_airport,Aeròdrom del Pla de Bages,41.777586,1.890361,886.0,EU,ES,ES-CT,Sallent,no,,,,,,,,,,,,,
320444.0,ES-0064,small_airport,Aerodromo Vistabella del Maestrat,40.33185,-0.300633,2953.0,EU,ES,ES-VC,Vistabella del Maestrat,no,,,,,,,,,,,,,
320471.0,ES-0065,small_airport,Aeródromo Aerópolis,40.020804,-4.558266,1509.0,EU,ES,ES-CM,El Casar de Escalona,no,,,,,,,,,,,,,
320472.0,ES-0066,small_airport,Aeródromo Orce,37.73545,-2.36425,3245.0,EU,ES,ES-AN,Orce,no,,,,,,,,,,,,,
320474.0,ES-0067,small_airport,Aeródromo de Hiendelaencina-Alto Rey,41.108267,-2.985967,4101.0,EU,ES,ES-CM,Hiendelaencina,no,,,LEEN,,,,,,,,,,
320478.0,ES-0068,closed,Aeròdrom de Can Moragues,41.580987,2.100083,,EU,ES,ES-CT,Sabadell,no,,,,,,,,,,,,,
320512.0,ES-0069,small_airport,Air Marugán,40.9111,-4.370917,3068.0,EU,ES,ES-CL,Marugán,no,,,LEIR,,,,,,,,,,
320513.0,ES-0070,small_airport,Aeródromo Alcalá del Río,37.553279,-5.980612,144.0,EU,ES,ES-AN,Alcalá del Río,no,,,,,http://www.aeroilipamagna.com,,Ilipa Magna,,,,,,
320514.0,ES-0071,small_airport,Ronda,36.73786,-5.114125,2526.0,EU,ES,ES-AN,Ronda,no,,,,,,,ICONA,,,,,,
320515.0,ES-0072,small_airport,Beariz Airfield,42.460951,-8.339674,2589.0,EU,ES,ES-GA,O Carballiño,no,,,LEBI,,,,,,,,,,
320543.0,ES-0073,small_airport,Aeródromo de Caravaca de la Cruz,38.0468,-1.92201,2625.0,EU,ES,ES-MC,,no,,,,,,,,,,,,,
320545.0,ES-0074,small_airport,Aeródromo el Maíllo,40.571167,-6.2188167,3396.0,EU,ES,ES-CL,,no,,,,,,,,,,,,,
320546.0,ES-0075,small_airport,Aeródromo de Navianos de Valverde,41.959145,-5.835035,2395.0,EU,ES,ES-CL,,no,,,,,,,,,,,,,
320565.0,ES-0076,small_airport,AeroVeleta ULM,37.294754,-3.712869,2444.0,EU,ES,ES-AN,"Caparacena, Granada",no,,,,,http://http://aeroveleta.es/,,,,,,,,
320566.0,ES-0077,closed,Aeródromo Pozuelo de Calatrava,38.905198,-3.852635,1847.0,EU,ES,ES-CM,Pozuelo de Calatrava,no,,,,,,,,,,,,,
320567.0,ES-0078,small_airport,Aeródromo de Sober,42.432403,-7.488721,1903.0,EU,ES,ES-GA,Sober,no,,,,,,,,,,,,,
320568.0,ES-0079,small_airport,Aeródromo La Balanzona,37.9617333333,-4.80705,1969.0,EU,ES,ES-AN,,no,,,,,,,,,,,,,
320627.0,ES-0080,small_airport,Aeródromo de Valverde del Camino,37.5056,-6.70245,810.0,EU,ES,ES-AN,Valverde del Camino,no,,,,,,,,,,,,,
320628.0,ES-0081,small_airport,Aeródromo de Utrera,37.153417,-5.798882,131.0,EU,ES,ES-AN,Utrera,no,,,LEUT,,,,,,,,,,
320636.0,ES-0082,small_airport,Aeródromo La Loma,39.4886667,-0.9022167,2789.0,EU,ES,ES-VC,Siete Aguas,no,,,,,,,,,,,,,
320643.0,ES-0083,small_airport,Aeródromo forestal de La Yesa,39.909035,-0.948624,3675.0,EU,ES,ES-VC,La Yesa,no,,,,,,,,,,,,,
320644.0,ES-0084,small_airport,Aeródromo forestal de Enguera,38.9431666667,-0.76915,1903.0,EU,ES,ES-VC,Enguera,no,,,,,,,,,,,,,
320645.0,ES-0085,small_airport,Aeródromo forestal de Ademuz,40.091464,-1.210474,3970.0,EU,ES,ES-VC,Ademuz,no,,,,,,,,,,,,,
320689.0,ES-0086,small_airport,Cocoll Firefighting Airstrip,38.73217,-0.144053,3019.0,EU,ES,ES-VC,Castell de Castells,no,,,,,,,,,,,,,
320690.0,ES-0087,small_airport,Don Benito,38.9784666667,-5.866,,EU,ES,ES-EX,,no,,,,,,,,,,,,,
320707.0,ES-0088,small_airport,Aeródromo Benagéber,39.735148,-1.139396,2871.0,EU,ES,ES-VC,Benagéber,no,,,,,,,,,,,,,
320708.0,ES-0089,small_airport,Alt Camp de Vallmoll,41.249924,1.241474,604.0,EU,ES,ES-CT,,no,,,,,,,Valmoll,,,,,,
320710.0,ES-0090,small_airport,Villamarco UL,42.45175,-5.287083,2800.0,EU,ES,ES-CL,,no,,,LEVL,,http://ulmvillamarco.com,,Ultraligeros Léon,,,,,,
320711.0,ES-0091,small_airport,Base de Bomberos del Amogable,41.861768,-2.949889,3806.0,EU,ES,ES-CL,Covaleda,no,,,,,,,,,,,,,
320712.0,ES-0092,small_airport,Chozas de Abajo Airfield,42.497215,-5.682669,2871.0,EU,ES,ES-CL,,no,,,LEZS,,,,,,,,,,
320729.0,ES-0093,small_airport,Alcalá de la Jovada Airstrip,38.786611,-0.231057,,EU,ES,ES-VC,Alcalá de la Jovada,no,,,,,,,,,,,,,
320734.0,ES-0094,small_airport,Aeródromo de Sonseca,39.693244,-3.933074,2408.0,EU,ES,ES-CM,Sonseca,no,,,,,,,Villaverde,,,,,,
320735.0,ES-0095,small_airport,Aeródromo de Tudela,42.109262,-1.686976,778.0,EU,ES,ES-NC,,no,,,,,,,"Aguasalada,Agua Salada",,,,,,
320751.0,ES-0096,small_airport,Guadix,37.412624,-3.075759,3281.0,EU,ES,ES-AN,,no,,,,,,,Conejo,,,,,,
320752.0,ES-0097,small_airport,Campillos Airfield,39.941179,-1.53596,3937.0,EU,ES,ES-CM,Campillos-Paravientos,no,,,,,,,,,,,,,
320753.0,ES-0098,small_airport,Camp de Vol Prat de la Plana-Moià,41.800541,2.112188,2264.0,EU,ES,ES-CT,Moià,no,,,,,http://campdevolmoia.com,,"Ultrallaugers, Moià, Camp de Vol",,,,,,
320754.0,ES-0099,small_airport,Moià Les Umbertes,41.7868167,2.129783,2231.0,EU,ES,ES-CT,Moià,no,,,,,http://www.volxerpa.com/,,,,,,,,
320761.0,ES-0100,small_airport,Aeródromo de Algodor,39.898329,-3.874655,1608.0,EU,ES,ES-CM,Algodor (Toledo),no,,,LETG,,,,Casarrubias,,,,,,
320762.0,ES-0101,small_airport,Aeródromo de la Guardia,39.770897,-3.604716,2097.0,EU,ES,ES-CM,La Guardia,no,,,,,,,,,,,,,
320774.0,ES-0102,small_airport,Aerodromo de Sesma,42.425252,-2.027204,1476.0,EU,ES,ES-NC,Sesma,no,,,,,,,,,,,,,
320775.0,ES-0103,closed,Cervera de Pisuerga,42.887425,-4.530838,3609.0,EU,ES,ES-CL,Cervera de Pisuerga,no,,,,,,,,,,,,,
320776.0,ES-0104,small_airport,Aerodromo El Busto,42.34463,-5.803481,2648.0,EU,ES,ES-CL,Santa Maria del Páramo,no,,,,,,,Aeroclub Esparver,,,,,,
320777.0,ES-0105,small_airport,Lumbier Airfield,42.664762,-1.304036,1575.0,EU,ES,ES-NC,Lumbier,no,,,LEUM,,http://www.pyrineum.com,https://eu.wikipedia.org/wiki/Irunberriko_hegaldi_zentroa,"Vuelo Lumbier, Gyro Club Pamplona, Lumlum, Irunberri",,,,,,
320787.0,ES-0106,small_airport,Olula del Río,37.362538,-2.331969,1860.0,EU,ES,ES-AN,Olula del Río,no,,,,,,,,,,,,,
320788.0,ES-0107,small_airport,Las Torres de Aliste,41.68315,-6.30767,2749.0,EU,ES,ES-CL,,no,,,,,,,,,,,,,
320824.0,ES-0108,small_airport,Campo de Vuelo Casimiro Patiño,38.705783,-6.99975,820.0,EU,ES,ES-EX,Valverde de Leganés,no,,,LEPN,,,,,,,,,,
320825.0,ES-0109,medium_airport,Folgueroles Airfield,41.9527,2.3072,1670.0,EU,ES,ES-CT,Folgueroles,no,,,,,,,Osona,,,,,,
321030.0,ES-0111,small_airport,Aeródromo Villanueva del Pardillo,40.5001069999,-3.9920997,,EU,ES,ES-MD,Villanueva del Pardillo,no,,,,,,,,,,,,,
321032.0,ES-0112,small_airport,Camaleño-Artañin ULM,43.17817,-4.674958,2523.0,EU,ES,ES-CB,Argüébanes,no,,,,,,,,,,,,,
321036.0,ES-0113,closed,Aeródromo de La Lora,42.769601,-3.953427,3510.0,EU,ES,ES-CB,Valderredible,no,,,,,,,,,,,,,
321046.0,ES-0114,small_airport,"Aeródromo ""Puente de Genave""",38.3666778,-2.7941751,1837.0,EU,ES,ES-AN,,no,,,,,,,Hotel Don Juan,,,,,,
321047.0,ES-0115,small_airport,Aeròdrom de Viladamat,42.142843,3.051141,,EU,ES,ES-CT,Viladamat,no,,,,,,,,,,,,,
321064.0,ES-0116,small_airport,Ager Altiport,42.02277,0.7491,2625.0,EU,ES,ES-CT,,no,,,,,,,,,,,,,
321065.0,ES-0117,small_airport,Alcolea Airstrip,37.945619,-4.615416,463.0,EU,ES,ES-AN,Alcolea,no,,,LEAE,,,,,,,,,,
321066.0,ES-0118,small_airport,Alcolea de Cinca,41.734222,0.10758333,722.0,EU,ES,ES-AR,Alcolea de la Cinca,no,,,,,http://www.aerocinca.com/index.html,,,,,,,,
321067.0,ES-0119,small_airport,Campo de vuelo de Villanueva del Trabuco,37.0634284,-4.3303351,2123.0,EU,ES,ES-AN,Villanueva del Trabuco,no,,,,,,,,,,,,,
321068.0,ES-0120,small_airport,Villafranca de Cordoba,37.936706,-4.532632,656.0,EU,ES,ES-AN,,no,,,LEVJ,,,,,,,,,,
321082.0,ES-0121,small_airport,Beteta Airfield,40.540575,-2.076845,4265.0,EU,ES,ES-CM,Beteta,no,,,,,,,,,,,,,
321083.0,ES-0122,closed,Huevar 2,37.386693,-6.250106,69.0,EU,ES,ES-AN,Huevar,no,,,,,,,,,,,,,
321093.0,ES-0123,small_airport,Aerodrom Tapioles,42.225478,2.615891,787.0,EU,ES,ES-CT,Tortellà,no,,,,,,,,,,,,,
321094.0,ES-0124,small_airport,Les Planes UL,40.620435,0.479976,425.0,EU,ES,ES-CT,Ulldecona,no,,,,,,,,,,,,,
321111.0,ES-0125,small_airport,Aeródromo de Villa María,37.9273008,-1.7751475,2740.0,EU,ES,ES-MC,Coy (Lorca),no,,,,,,,,,,,,,
321112.0,ES-0126,small_airport,Aires de Doñana,37.25689,-6.562895,213.0,EU,ES,ES-AN,Almonte,no,,,,,http://www.aeroclubdehuelva.es/,,,,,,,,
321113.0,ES-0127,small_airport,Aeroclub L’Estartit,42.0310336,3.1793314,10.0,EU,ES,ES-CT,Estartit,no,,,,,,,,,,,,,
321131.0,ES-0128,small_airport,Aeròdrom de Llabiá,42.011798,3.089483,,EU,ES,ES-CT,Llabiá,no,,,,,,,,,,,,,
321132.0,ES-0129,small_airport,Aeródromo Juan Espadafor,37.089503,-3.788322,,EU,ES,ES-AN,Escúzar,no,,,LEJE,,https://web.archive.org/web/20190502151940/http://aerodromojuanespadafor.com:80/wp/,,,,,,,,
321164.0,ES-0130,small_airport,Alcocer de Planes Airfield,38.791395,-0.398591,,EU,ES,ES-VC,Alcocer de Planes,no,,,,,,,Escuela de Pilotos La Montaña,,,,,,
321165.0,ES-0131,small_airport,Aeroclub de Barbastro,41.994251,0.092153,,EU,ES,ES-AR,Barbastro,no,,,,,,,,,,,,,
321166.0,ES-0132,small_airport,Alats Club Bellvei,41.2443358,1.5632892,302.0,EU,ES,ES-CT,Bellvei,no,,,,,,,,,,,,,
321178.0,ES-0133,closed,Valdecebro Forestry Airstrip,40.353799,-1.013488,3822.0,EU,ES,ES-AR,Valdecebro,no,,,,,,,,,,,,,
321179.0,ES-0134,small_airport,Aeródromo de Valdelaguna,40.15787,-3.38066,2549.0,EU,ES,ES-MD,Valdelaguna,no,,,,,,,,,,,,,
321180.0,ES-0135,small_airport,Valdepeñas Airfield,38.792309,-3.371537,2395.0,EU,ES,ES-CM,Valdepeñas,no,,,LEVP,,,,Manuel Sanchez,,,,,,
321218.0,ES-0136,small_airport,Aeródromo de Sigüenza,41.044793,-2.629209,3445.0,EU,ES,ES-CM,Sigüenza,no,,,LESZ,,http://www.aeroclubseguntino.com/,,,,,,,,
321221.0,ES-0137,small_airport,Urda Agricultural Airstrip,39.405432,-3.829932,,EU,ES,ES-CM,Urda,no,,,,,,,,,,,,,
321222.0,ES-0138,small_airport,Isla Cristina Agricultural Airstrip,37.242111,-7.317649,144.0,EU,ES,ES-AN,Isla Cristina,no,,,,,,,,,,,,,
321292.0,ES-0139,small_airport,Aeroclub Gregal,39.220457,-0.36825,30.0,EU,ES,ES-VC,Albalat de la Ribera,no,,,,,http://volarenvalencia.es,,,,,,,,
321293.0,ES-0140,small_airport,Albalat de la Ribera Airstrip,39.226157,-0.366584,26.0,EU,ES,ES-VC,Albalat de la Ribera,no,,,,,,,,,,,,,
321328.0,ES-0141,small_airport,Aeródromo de Valdeazores,39.490575,-4.661292,763.0,EU,ES,ES-CM,Valdeazores,no,,,,,,,,,,,,,
321329.0,ES-0142,closed,San Jeronimo Airfield,37.884932,-4.85157,525.0,EU,ES,ES-AN,San Jeronimo,no,,,,,,,,,,,,,
321338.0,ES-0143,small_airport,Martinamatos Airfield,40.099412,-4.295084,1978.0,EU,ES,ES-CM,Santa Cruz del Retamar,no,,,,,http://www.martinamatos.com/,,,,,,,,
321339.0,ES-0144,small_airport,Aeródromo de Tardienta - Monegros,41.9599129,-0.5434853,1296.0,EU,ES,ES-AR,,no,,,,,,,,,,,,,
321361.0,ES-0145,small_airport,Aeródromo Coscojuela de Sobrarbe,42.3487,0.18613,1788.0,EU,ES,ES-AR,Ainsa,no,,,,,,,,,,,,,
321362.0,ES-0146,small_airport,Aeródromo de San Torcuato,42.474227,-2.872739,2133.0,EU,ES,ES-RI,San Torcuato,no,,,LESN,,http://escueladevuelo.com,,,,,,,,
321380.0,ES-0147,small_airport,Villaumbrales UL,42.095282,-4.595404,2658.0,EU,ES,ES-CL,Villaumbrales,no,,,,,,,Liberty Air,,,,,,
321381.0,ES-0148,small_airport,Villanueva de la Cañada Airfield,40.436582,-4.024985,1985.0,EU,ES,ES-MD,Villanueva de la Cañada,no,,,,,,,,,,,,,
321382.0,ES-0149,small_airport,Aeródromo de Velada,40.01051,-4.946316,1427.0,EU,ES,ES-CM,Velada,no,,,,,,,"El Baldío, Mejorada",,,,,,
321383.0,ES-0150,small_airport,Aeródromo Valdetorres,38.942651,-6.127169,,EU,ES,ES-EX,Valdetorres,no,,,,,,,,,,,,,
321390.0,ES-0151,small_airport,Aeródromo de Treviño,42.7212725,-2.6783924,1969.0,EU,ES,ES-CL,Treviño,no,,,,,,,,,,,,,
321391.0,ES-0152,small_airport,Campo de Aviación de Peralveche,40.6025245,-2.4293518,3937.0,EU,ES,ES-CM,Peralveche,no,,,,,,,,,,,,,
321392.0,ES-0153,small_airport,Ororbia Airfield,42.822214,-1.735109,1345.0,EU,ES,ES-NC,Ororbia,no,,,,,,,,,,,,,
321393.0,ES-0154,small_airport,Aeródromo de Piedrahita,40.479855,-5.360676,3297.0,EU,ES,ES-CL,Piedrahita,no,,,,,,,,,,,,,
321397.0,ES-0155,small_airport,Aeródromo Tarancón,40.01248,-2.977939,2379.0,EU,ES,ES-CM,Tarancón,no,,,,,,,,,,,,,
321398.0,ES-0156,small_airport,Ruidera,39.0369546,-2.8946489,,EU,ES,ES-CM,Ruidera,no,,,,,,,,,,,,,
321413.0,ES-0157,small_airport,Aeródromo de Ordis,42.2325,2.8869444,2231.0,EU,ES,ES-CT,Ordis,no,,,,,,,,,,,,,
321416.0,ES-0158,small_airport,Olocau Airfield,39.675517,-0.548855,680.0,EU,ES,ES-VC,Olocau,no,,,,,http://www.escuelaultraligero.es/,,"Campo de Vuelo de Olocau, Escuela de Vuelo Olocau",,,,,,
321418.0,ES-0159,small_airport,Campo de Vuelo Moixent-Mogente,38.817024,-0.833138,1837.0,EU,ES,ES-VC,Mogente / Moixent,no,,,,,,,,,,,,,
321419.0,ES-0160,small_airport,Campo de Vuelo Yecla,38.58759,-1.105,,EU,ES,ES-MC,Yecla,no,,,,,,,,,,,,,
321425.0,ES-0161,small_airport,Campo de Vuelo Avial,42.077377,1.840227,2074.0,EU,ES,ES-CT,Berga,no,,,,,,,,,,,,,
321427.0,ES-0162,small_airport,Aeródromo Loring,40.6602,-3.59489,1903.0,EU,ES,ES-MD,El Molar,no,,,,,http://aerodromo-loring.blogspot.be/,,,,,,,,
321430.0,ES-0163,small_airport,Aeroguillena,37.561238,-6.0308241,197.0,EU,ES,ES-AN,Guillena,no,,,,,http://www.aeroguillena.com,,,,,,,,
321431.0,ES-0164,small_airport,Camp de vol La Puieda,41.9882928,2.2561665,1726.0,EU,ES,ES-CT,Gurb,no,,,,,,,,,,,,,
321432.0,ES-0165,small_airport,Aeródromo Gurrea de Gállego,42.035333,-0.746295,1116.0,EU,ES,ES-AR,Gurrea de Gállego,no,,,,,,,,,,,,,
321438.0,ES-0166,small_airport,Aeródromo de Loja,37.1377455,-4.2698489,,EU,ES,ES-AN,Loja,no,,,,,,,,,,,,,
321439.0,ES-0167,small_airport,La Llosa Airfield,39.74979,-0.181346,7.0,EU,ES,ES-VC,La Llosa,no,,,,,https://lallosaaerodromo.com,,,,,,,,
321440.0,ES-0168,small_airport,Lebrija UL,36.896138,-6.0393716,131.0,EU,ES,ES-AN,Lebrija,no,,,,,,,,,,,,,
321441.0,ES-0169,small_airport,Aeródromo Fontioso,41.933305,-3.784808,3068.0,EU,ES,ES-CL,Fontioso,no,,,,,,,,,,,,,
321442.0,ES-0170,small_airport,Aeròdrom de Foixà,42.029933,2.990761,443.0,EU,ES,ES-CT,Foixà,no,,,,,,,,,,,,,
321460.0,ES-0171,small_airport,Ecija 2 private airfield,37.5142575,-5.1213502,574.0,EU,ES,ES-AN,Ecija,no,,,,,,,,,,,,,
321461.0,ES-0172,small_airport,Aeródromo de Écija,37.5802316,-5.171264,591.0,EU,ES,ES-AN,Écija,no,,,,,,,,,,,,,
321462.0,ES-0173,small_airport,Aeròdrom Municipal El Pla de Santa María,41.371467,1.30375,1345.0,EU,ES,ES-CT,El Pla de Santa María,no,,,,,,,Les Escarbones,,,,,,
321463.0,ES-0174,small_airport,Aeródromo de Cillamayor,42.851348,-4.279289,3215.0,EU,ES,ES-CL,Cillamayor,no,,,LEUC,,,,,,,,,,
321475.0,ES-0175,small_airport,Aeródromo Mazaricos,42.982329,-9.005002,960.0,EU,ES,ES-GA,Fervenza,no,,,LEMZ,,https://naturmaz.com/aerodromo/,,,,,,,,
321476.0,ES-0176,small_airport,Aeródromo de Guadalix de la SIerra,40.7848296,-3.6397313,2756.0,EU,ES,ES-MD,El Vellón,no,,,,,,,,,,,,,
321477.0,ES-0177,small_airport,Aeródromo Coria,39.984617,-6.554554,735.0,EU,ES,ES-EX,Coria,no,,,,,,,,,,,,,
321478.0,ES-0178,small_airport,Aeródromo de Brunete,40.396556,-4.023712,1975.0,EU,ES,ES-MD,Brunete,no,,,,,,,,,,,,,
321479.0,ES-0179,small_airport,Benicolet Airfield,38.918703,-0.355677,807.0,EU,ES,ES-VC,Benicolet,no,,,,,,,Aeroclub Balica,,,,,,
321497.0,ES-0180,closed,Aeródromo de Zalla - Forestal,43.186232,-3.120631,1641.0,EU,ES,ES-PV,Zalla,no,,,,,,,,,,,,,
321508.0,ES-0181,small_airport,Aeródromo de Fuente Obejuna,38.281802,-5.40184,1742.0,EU,ES,ES-AN,Fuente Obejuna,no,,,LEFU,,,,Ela Aviación,,,,,,
321509.0,ES-0182,small_airport,Aeródromo de Jaen - Las Infantas,37.908577,-3.800161,1034.0,EU,ES,ES-AN,Jaen,no,,,,,,,,,,,,,
321510.0,ES-0183,small_airport,Aeródromo Belvis de Monroy,39.8513634,-5.6015255,1017.0,EU,ES,ES-EX,Belvis de Monroy,no,,,,,,,,,,,,,
321511.0,ES-0184,small_airport,Aeródromo Navalmoral de la Mata,39.91613,-5.53976,951.0,EU,ES,ES-EX,Navalmoral de la Mata,no,,,,,,,,,,,,,
321513.0,ES-0185,small_airport,Aeródromo Pelayos de la Presa,40.3720107,-4.3826756,2215.0,EU,ES,ES-MD,Pelayos de la Presa,no,,,,,,,,,,,,,
321514.0,ES-0186,small_airport,Aeródromo de Almorox,40.2116282,-4.386763,1575.0,EU,ES,ES-CM,Almorox,no,,,,,,,,,,,,,
321517.0,ES-0187,small_airport,Fuentealamo Airfield,38.715499,-1.545093,2690.0,EU,ES,ES-CM,Chinchilla de Montearagón,no,,,,,,,,,,,,,
321518.0,ES-0188,small_airport,El Ejido UL,36.7441167,-2.7674833,157.0,EU,ES,ES-AN,El Ejido,no,,,,,,,,,,,,,
321526.0,ES-0189,small_airport,La Gineta ULM,39.105766,-2.016283,2270.0,EU,ES,ES-CM,La Gineta,no,,,,,,,,,,,,,
321555.0,ES-0191,small_airport,El Bonillo Airfield,38.8727,-2.6733,3183.0,EU,ES,ES-CM,El Bonillo,no,,,,,,,,,,,,,
321557.0,ES-0192,small_airport,Aeródromo Tiurana,41.97416,1.257531,2133.0,EU,ES,ES-CT,,no,,,,,,,,,,,,,
321564.0,ES-0193,small_airport,Aeroclub Arnao UL,43.5531667,-7.0168,69.0,EU,ES,ES-AS,Arnao,no,,,,,,,,,,,,,
321571.0,ES-0194,small_airport,Aeródrome de Arcones,41.11453,-3.73378,,EU,ES,ES-CL,Arcones,no,,,,,,,,,,,,,
321572.0,ES-0195,small_airport,Pista Forestal Valdelamusa,37.7763167,-6.8826667,1135.0,EU,ES,ES-AN,Valdelamusa,no,,,,,,,,,,,,,
321574.0,ES-0196,small_airport,Tinajeros Airfield,39.09825,-1.72071,2822.0,EU,ES,ES-CM,Tinajeros,no,,,LETY,,,,Aeroclub Albacete,,,,,,
321576.0,ES-0197,small_airport,Aeródromo de Espiel,38.2628667,-5.0442,2362.0,EU,ES,ES-AN,Espiel,no,,,,,,,,,,,,,
321577.0,ES-0198,small_airport,Aeródromo de La Vid de Bureba,42.632037,-3.311456,2297.0,EU,ES,ES-CL,La Vid de Bureba,no,,,LEDB,,,,AeroLaVid,,,,,,
321580.0,ES-0199,small_airport,Aeródromo de Aldeacentenara,39.5609167,-5.6637222,1772.0,EU,ES,ES-EX,Aldeacentenara,no,,,,,,,,,,,,,
321581.0,ES-0200,small_airport,Xeraco Airfield,39.025781,-0.207753,23.0,EU,ES,ES-VC,Xeraco,no,,,,,,,,,,,,,
321582.0,ES-0201,heliport,Cogullada Heliport,41.690459,-0.848887,673.0,EU,ES,ES-AR,Zaragoza,no,,,,,,,,,,,,,
321583.0,ES-0202,small_airport,Aeródromo de Garrucha,37.197959,-1.830627,52.0,EU,ES,ES-AN,,no,,,,,,,,,,,,,
321584.0,ES-0203,small_airport,Aeródromo Lanzahita UL,40.186112,-4.946256,1329.0,EU,ES,ES-CL,Lanzahita,no,,,,,,,,,,,,,
321601.0,ES-0204,small_airport,Mollerussa UL,41.6122017,0.8541227,984.0,EU,ES,ES-CT,Mollerussa,no,,,,,http://www.clubaeri.net/,,,,,,,,
321603.0,ES-0205,small_airport,Castejón de Sos Airfield,42.522468,0.481114,2959.0,EU,ES,ES-AR,Castejón de Sos,no,,,,,http://www.aviador.net,,,,,,,,
321607.0,ES-0206,small_airport,"Aeródromo privado ""Villamartin2""",36.827132,-5.603212,476.0,EU,ES,ES-AN,Villamartin,no,,,,,,,,,,,,,
321608.0,ES-0207,small_airport,Aeródromo Calzada de Valdunciel,41.07545,-5.728036,2625.0,EU,ES,ES-CL,Calzada de Valdunciel,no,,,LEUN,,,,,,,,,,
321609.0,ES-0208,small_airport,"Aeródromo forestal ""Requena 2""",39.4422585,-1.0493454,2740.0,EU,ES,ES-VC,Requena,no,,,,,,,,,,,,,
321610.0,ES-0209,small_airport,Aeródromo de Griñón,40.2237809995,-3.866911,2198.0,EU,ES,ES-MD,Griñón,no,,,,,,,Aeroclub Dhaguera,,,,,,
321624.0,ES-0210,small_airport,Palma del Rio 2 UL,37.668501,-5.262086,449.0,EU,ES,ES-AN,Palma del Rio,no,,,,,,,,,,,,,
321633.0,ES-0211,small_airport,Campo de Vuelo de Oteo,43.0168667,-3.3120333,2307.0,EU,ES,ES-CL,Oteo,no,,,,,,,,,,,,,
321660.0,ES-0212,small_airport,Hacienda de Orán,37.2000414,-5.8808531,72.0,EU,ES,ES-AN,Utrero,no,,,,,,,,,,,,,
321661.0,ES-0213,small_airport,Campo de Vuelo de Astorga,42.503996,-6.026695,3123.0,EU,ES,ES-CL,Astorga,no,,,LEAT,,https://www.astorgadigital.com/aerodromo-de-astorga-realidad-aficionados-volar/,,,,,,,,
321689.0,ES-0214,small_airport,Campo de Vuelo de Caspe,41.2287652,-0.085876,656.0,EU,ES,ES-AR,Caspe,no,,,,,,,,,,,,,
321702.0,ES-0215,small_airport,Alhama de Granada Airfield,36.996999,-4.103608,3215.0,EU,ES,ES-AN,Alhama de Granada,no,,,,,,,,,,,,,
321703.0,ES-0216,small_airport,Aeròdrom de Cervera,41.687597,1.250494,,EU,ES,ES-CT,Cervera,no,,,,,,,,,,,,,
321704.0,ES-0217,small_airport,Benejama UL,38.696193,-0.744936,1985.0,EU,ES,ES-VC,Beneixama,no,,,,,,,,,,,,,
321706.0,ES-0218,small_airport,Alto Vinalopó Biar Benejama,38.684431,-0.760295,1936.0,EU,ES,ES-VC,Beneixama,no,,,,,,,,,,,,,
321718.0,ES-0219,small_airport,Aeródromo de Camarenilla,40.024702,-4.071202,1742.0,EU,ES,ES-CM,Camarenilla,no,,,LERN,,http://www.volarenavioneta.es,,,,,,,,
321719.0,ES-0220,small_airport,Campo de Vuelo Bañeres de Mariola,38.671077,-0.631257,3117.0,EU,ES,ES-VC,Banyeres de Mariola,no,,,,,,,,,,,,,
321727.0,ES-0221,small_airport,Ruidera2,39.02495,-2.911927,2871.0,EU,ES,ES-CM,Ruidera,no,,,,,,,,,,,,,
321728.0,ES-0222,small_airport,Pista forestal de Fuencaliente,38.5264323,-4.389622,2674.0,EU,ES,ES-CM,Fuencaliente,no,,,,,,,,,,,,,
321741.0,ES-0223,heliport,Almagro Helicopter Airbase,38.952096,-3.741126,2067.0,EU,ES,ES-CM,Almagro,no,,,LEAO,,,https://en.wikipedia.org/wiki/Spanish_Army_Airmobile_Force,,,,,,,
321742.0,ES-0224,small_airport,Pozorrubio Airfield,39.826221,-2.953085,2575.0,EU,ES,ES-CM,Pozorrubio,no,,,LEPC,,,,,,,,,,
321759.0,ES-0225,small_airport,"Aeródromo Forestal ""Puebla de Don Rodrigo""",39.066067,-4.488502,2067.0,EU,ES,ES-CM,Puebla de Don Rodrigo,no,,,,,,,,,,,,,
321793.0,ES-0226,small_airport,Aeródromo forestal de Herrera del Duque,39.2264442,-4.8863799,1394.0,EU,ES,ES-EX,Herrera del Duque,no,,,,,,,,,,,,,
321794.0,ES-0227,closed,Dima Airfield,43.075701,-2.683326,1936.0,EU,ES,ES-PV,,no,,,,,,,,,,,,,
321875.0,ES-0228,closed,Cortijo Grande,37.1351217,-1.9360369,495.0,EU,ES,ES-AN,Turre,no,,,,,,,,,,,,,
321890.0,ES-0229,closed,Villena,38.5868201,-0.8559465,1641.0,EU,ES,ES-VC,,no,,,,,,,,,,,,,
321952.0,ES-0230,small_airport,Sotillo de la Andrada,41.27115,-3.63005,722.0,EU,ES,ES-CL,,no,,,,,,,,,,,,,
331362.0,ES-0231,small_airport,Prádanos de Ojeda Airstrip,42.6921604,-4.3486359,,EU,ES,ES-CL,,no,,,,,,,,,,,,,
324536.0,ES-0232,small_airport,Jarde Airport,28.391185,-13.982968,515.0,AF,ES,ES-CN,Antigua,no,,,GCAT,,,,Aeródromo del Jarde,,,,,,
324773.0,ES-0233,small_airport,"Aeródromo Forestal ""La Fonfría""",42.3466117,-2.9109476,,EU,ES,ES-RI,Villarejo,no,,,,,,,,,,,,,
324795.0,ES-0234,small_airport,Cóbreces Airfield,43.388518,-4.207752,164.0,EU,ES,ES-CB,Cóbreces,no,,,,,,,,,,,,,
325234.0,ES-0235,small_airport,Santiago-Pontones Airstrip,38.0909891,-2.6484287,,EU,ES,ES-AN,,no,,,,,,,,,,,,,
325396.0,ES-0236,heliport,Roses Aerial Military Radar Helipad,42.278272,3.233359,,EU,ES,ES-CT,Roses,no,,,,,,,,,,,,,
326685.0,ES-0237,heliport,Estepona Airfield,36.495633,-5.17816,2033.0,EU,ES,ES-AN,Estepona,no,,,,,,,,,,,,,
326987.0,ES-0238,small_airport,El Moral Airstrip,38.485842,-6.263409,1496.0,EU,ES,ES-EX,,no,,,,,http://aerodromoelmoral.net/,,,,,,,,
327564.0,ES-0239,heliport,Base de Helicópteros de Guadramiro,41.011168,-6.477604,,EU,ES,ES-CL,Guadramiro,no,,,,,,,,,,,,,
329148.0,ES-0240,heliport,Heliactivo,38.5632993,-0.1511484,,EU,ES,ES-VC,Benidorm,no,,,,,,,,,,,,,
329201.0,ES-0241,heliport,Lires Heliport,42.981544,-9.237198,,EU,ES,ES-GA,,no,,,,,,,,,,,,,
329206.0,ES-0242,heliport,Guillade Heliport,42.170884,-8.43643,,EU,ES,ES-GA,Guillade,no,,,,,,,,,,,,,
329228.0,ES-0243,heliport,Pitres Heliport,36.932903,-3.3404525,,EU,ES,ES-AN,,no,,,,,,,,,,,,,
329235.0,ES-0244,small_airport,Club Fenix ULM,39.657599,-0.811627,,EU,ES,ES-VC,,no,,,,,,,,,,,,,
329298.0,ES-0245,small_airport,Los Yébenes Airstrip,39.5094986,-4.0259661,,EU,ES,ES-CM,,no,,,,,,,,,,,,,
331183.0,ES-0246,heliport,Camarinal Helicopter Base,36.082422,-5.796723,,EU,ES,ES-AN,Cadiz,no,,,,,,,,,,,,,
331316.0,ES-0247,closed,Tomelloso Airstrip,39.11266,-2.94219,,EU,ES,ES-CM,,no,,,,,,,,,,,,,
331329.0,ES-0248,small_airport,Atlas Center Vuelos de Drones,38.1392261,-3.1738682,,EU,ES,ES-AN,,no,,,,,,,,,,,,,
331330.0,ES-0249,small_airport,Beuda Besalu Private Airstrip,42.2114675,2.7092805,,EU,ES,ES-CT,,no,,,,,,,,,,,,,
331406.0,ES-0250,small_airport,Fresno de Losa Airstrip,42.9534667,-3.1531167,,EU,ES,ES-CL,,no,,,,,,,,,,,,,
331408.0,ES-0251,small_airport,Pueblonuevo de Miramontes Airstrip,40.059082,-5.363341,,EU,ES,ES-EX,Pueblonuevo de Miramontes,no,,,,,,,,,,,,,
331411.0,ES-0252,closed,Calamocha Airstrip,40.902364,-1.298009,2963.0,EU,ES,ES-AR,Calamocha,no,,,,,,,LECH,,,,,,
331419.0,ES-0253,closed,El Robledo,39.2242833,-4.3076333,1772.0,EU,ES,ES-CM,,no,,,,,,,,,,,,,
331420.0,ES-0254,closed,Valdeperdices,39.403683,-4.918783,,EU,ES,ES-CM,,no,,,,,,,,,,,,,
331421.0,ES-0255,heliport,Vigil de Quinones Military Hospital Heliport,37.3474,-5.9716,40.0,EU,ES,ES-AN,Seville,no,,,,,,,,,,,,,
331529.0,ES-0256,small_airport,Valdenuño-Fernandez Airstrip,40.766317,-3.35485,2887.0,EU,ES,ES-CM,,no,,,,,,,,,,,,,
331531.0,ES-0257,small_airport,Cabezas Rubias Airstrip,37.748234,-7.096699,,EU,ES,ES-AN,,no,,,,,,,,,,,,,
331570.0,ES-0258,heliport,Helipuerto de Sahechores,42.62011,-5.19233,,EU,ES,ES-CL,,no,,,,,,,,,,,,,
331716.0,ES-0259,closed,Piedrabuena - Los Jarales,39.05953,-4.23651,,EU,ES,ES-CM,Piedrabuena,no,,,,,,,,,,,,,
331832.0,ES-0260,heliport,Illas Sisargas Heliport,43.3575972,-8.8440328,,EU,ES,ES-GA,Mapica,no,,,,,,,,,,,,,
331923.0,ES-0261,small_airport,Sollana Agro Airstrip,39.270605,-0.364932,,EU,ES,ES-VC,Sollana,no,,,,,,,,,,,,,
331924.0,ES-0262,small_airport,"Base de aviones ""La Cerra""",42.521305,-4.855477,,EU,ES,ES-CL,Villanueva de Duero,no,,,,,,,,,,,,,
331941.0,ES-0263,small_airport,El Barranco - Sierra Morena,38.03774,-3.76585,800.0,EU,ES,ES-AN,Bailén (Jaén),no,,,,,https://www.instagram.com/aerodromo_sierra_morena,,"Aerodromo Sierra Morena, Bailen, El barranco",,,,,,
331944.0,ES-0264,small_airport,Aeródromo  Forestal Villaviciosa de Córdoba,38.05406,-5.04182,2067.0,EU,ES,ES-AN,,no,,,,,,,,,,,,,
332160.0,ES-0265,small_airport,Valdemorillo Airstrip,40.485591,-4.050783,2674.0,EU,ES,ES-MD,Valdemorillo,no,,,,,,,,,,,,,
332165.0,ES-0266,small_airport,La Font de la Figuera Airstrip,38.786783,-0.8763,1969.0,EU,ES,ES-VC,,no,,,,,,,,,,,,,
332321.0,ES-0267,small_airport,Santa Cruz de la Zarza Airstrip,39.976746,-3.197516,,EU,ES,ES-CM,,no,,,,,,,,,,,,,
332333.0,ES-0268,small_airport,Riola Agro Airstrip,39.180737,-0.338459,66.0,EU,ES,ES-VC,Riola,no,,,,,,,,,,,,,
332462.0,ES-0269,closed,Enova Airstrip,39.03365,-0.47555,,EU,ES,ES-VC,,no,,,,,,,,,,,,,
332469.0,ES-0270,closed,Torres Torres Airstrip,39.730145,-0.330234,394.0,EU,ES,ES-VC,Estivella,no,,,,,,,,,,,,,
332577.0,ES-0271,small_airport,Terrinches Agro Airstrip,38.61471,-2.85748,3366.0,EU,ES,ES-CM,Terrinches,no,,,,,,,,,,,,,
333942.0,ES-0272,heliport,Blancos del Coscojar Heliport,40.3216,-1.056629,1020.0,EU,ES,ES-AR,Blancos del Coscojar,no,,,LEFB,,,,,,,,,,
334915.0,ES-0273,heliport,San Fernando Helicopter Base,36.441879,-6.221244,,EU,ES,ES-AN,Cadiz,no,,,,,,,,,,,,,
334993.0,ES-0274,heliport,Alborán Helistrip,35.93932,-3.03519,,EU,ES,ES-AN,Almería,no,,,,,,,,,,,,,
336561.0,ES-0275,heliport,Toén Firefighting Heliport,42.265853,-7.944971,1955.0,EU,ES,ES-GA,Trelle,no,,,,,,,,,,,,,
337036.0,ES-0276,small_airport,La Cuesta Aerodrome,38.53092,-2.832511,2736.0,EU,ES,ES-CM,La Cuesta,no,,,LEDC,,http://fincalacuesta.com/,,,,,,,,
337380.0,ES-0277,heliport,Mofeta Helicopter Base,36.34737,-5.65463,,EU,ES,ES-AN,,no,,,,,,,,,,,,,
337483.0,ES-0278,small_airport,Santa Eulària des Riu Airfield,38.990453,1.503496,,EU,ES,ES-IB,Santa Eulària des Riu,no,,,,,,,,,,,,,
340403.0,ES-0279,heliport,Formentera Heliport,38.707918,1.435214,,EU,ES,ES-IB,Sant Francesc Xavier,no,,,,,,,,,,,,,
340404.0,ES-0280,heliport,Isla de Tarifa Heliport,36.002875,-5.611176,,EU,ES,ES-AN,Tarifa,no,,,,,,,,,,,,,
341521.0,ES-0281,heliport,A Coruña Fire Station Heliport,43.45399,-7.85429,,EU,ES,ES-GA,A Coruña,no,,,,,,,,,,,,,
341987.0,ES-0282,heliport,Casas de Juan Núñez Heliport,39.1103,-1.5578,2291.0,EU,ES,ES-CM,Casas de Juan Núñez,no,,,,CJN,,,CM-CJN,,,,,,
341988.0,ES-0283,heliport,Montealegre del Castillo Heliport,38.7994,-1.3131,2663.0,EU,ES,ES-CM,Montealegre del Castillo,no,,,,,,,CM-MAC,,,,,,
341989.0,ES-0284,heliport,La Roda Sescam Heliport,39.1907,-2.1486,2306.0,EU,ES,ES-CM,La Roda,no,,,,,,,,,,,,,
341990.0,ES-0285,heliport,Albacete University Hospital (FATO) Heliport,38.9823,-1.8444,,EU,ES,ES-CM,Albacete,no,,,,UAB,,,CM-UAB,,,,,,
341991.0,ES-0286,heliport,Casas de Lázaro Heliport,38.7748,-2.2432,3087.0,EU,ES,ES-CM,Casas de Lázaro,no,,,,CDL,,,CM-CDL,,,,,,
342014.0,ES-0287,heliport,Los Santos de la Humosa Helipad,40.5072,-3.2526,,EU,ES,ES-MD,Los Santos de la Humosa,no,,,,,,,,,,,,,
342015.0,ES-0288,heliport,Serracines Heliport,40.623,-3.3973,2277.0,EU,ES,ES-MD,Serracines,no,,,,,,,,,,,,,
342016.0,ES-0289,heliport,Ribatejada Heliport,40.6658,-3.3907,2480.0,EU,ES,ES-MD,Ribatejada,no,,,,,,,,,,,,,
342017.0,ES-0290,heliport,Guadalajara Heliport,40.6578,-3.1731,2100.0,EU,ES,ES-CM,Guadalajara,no,,,,,,,,,,,,,
342022.0,ES-0291,heliport,Las Rozas Firefighting Heliport,40.520209,-3.882832,2402.0,EU,ES,ES-MD,Las Rozas de Madrid,no,,,LELR,,,,,,,,,,
342666.0,ES-0292,heliport,Helipuerto de Segovia,40.923444,-4.173464,,EU,ES,ES-CL,,no,,,,,,,,,,,,,
342862.0,ES-0293,heliport,Cartagena Helicopter Base,37.697502,-0.842058,,EU,ES,ES-MC,,no,,,,,,,,,,,,,
343207.0,ES-0294,small_airport,Portocristo Airstrip,39.55833,3.32024,,EU,ES,ES-IB,Manacor,no,,,,,,,,,,,,,
343208.0,ES-0295,small_airport,Beas Airstrip,37.41816,-6.76054,,EU,ES,ES-AN,,no,,,,,,,,,,,,,
343803.0,ES-0296,small_airport,Aerodromo de Sevares,43.36372,-5.24199,,EU,ES,ES-AS,Piloña,no,,,,,,,,,,,,,
349290.0,ES-0297,heliport,La Línea de la Concepción District Hospital Heliport,36.17512,-5.35255,40.0,EU,ES,ES-AN,La Línea de la Concepción,no,,,,,,,,,,,,,
349291.0,ES-0298,heliport,Punta de Europa Hospital Heliport,36.11066,-5.44163,98.0,EU,ES,ES-AN,Algeciras,no,,,,,,,,,,,,,
349292.0,ES-0299,heliport,Algeciras Caravan Park Helipad,36.13568,-5.44475,3.0,EU,ES,ES-AN,Algeciras,no,,,,,,,,,,,,,
349441.0,ES-0300,heliport,Ronda Helicopter Base,36.76178,-5.17335,,EU,ES,ES-AN,,no,,,,,,,,,,,,,
350740.0,ES-0301,small_airport,Ondara Airstrip,38.810743,0.002661,,EU,ES,ES-VC,Ondara,no,,,,,,,,,,,,,
355230.0,ES-0302,heliport,Rota Naval Base Heliport,36.639569,-6.328779,23.0,EU,ES,ES-AN,Cadiz,no,,,,,,,,,,,,,
355318.0,ES-0303,heliport,Parc Taulí Heliport,41.55803,2.10875,649.0,EU,ES,ES-CT,Sabadell,no,,,LERC,,,,,,,,,,
355319.0,ES-0304,heliport,Pulpí Helipad,37.401077,-1.746113,616.0,EU,ES,ES-AN,Pulpí,no,,,,,,,,,,,,,
355320.0,ES-0305,heliport,Vilaller Heliport,42.47221,0.71262,3172.0,EU,ES,ES-CT,Vilaller,no,,,,,,,,,,,,,
542149.0,ES-0306,small_airport,Base aérea de Verín-Oímbra,41.84261,-7.42873,,EU,ES,ES-GA,,no,,,,,,,,,,,,,
355323.0,ES-0307,heliport,Los Llanos Helipad,28.65657,-17.9159,1233.0,AF,ES,ES-CN,38768 Los Llanos,no,,,,,,,,,,,,,
355325.0,ES-0308,heliport,Tejeda Heliport,27.99362,-15.60982,3887.0,AF,ES,ES-CN,35369 Tejeda,no,,,,,,,,,,,,,
355327.0,ES-0309,heliport,Cadalso de los Vidrios Heliport,40.30569,-4.44328,2690.0,EU,ES,ES-MD,28640 Cadalso de los Vidrios,no,,,,,,,,,,,,,
429745.0,ES-0310,heliport,Mateu Órfila Hospital Heliport,39.88274,4.25225,,EU,ES,ES-IB,Mahón (Maó),no,,,,,,,,,,,,,
429746.0,ES-0311,heliport,Son Morell Heliport and R/C Field,40.04684,3.86701,,EU,ES,ES-IB,Cala Morell,no,,,,,,,,,,,,,
429747.0,ES-0312,heliport,Esporles Private Helipad,39.67124,2.55311,,EU,ES,ES-IB,Esporles,no,,,,,,,,,,,,,
429748.0,ES-0313,heliport,Son Espases Heliport,39.6093,2.64565,,EU,ES,ES-IB,Palma de Mallorca,no,,,,,,,,,,,,,
429749.0,ES-0314,heliport,Bunyola Private Heliport,39.65771,2.72726,,EU,ES,ES-IB,Marratxí,no,,,,,,,,,,,,,
429751.0,ES-0315,heliport,Platges de Muro Rescue Heliport,39.79278,3.12514,,EU,ES,ES-IB,Muro,no,,,,,,,,,,,,,
429752.0,ES-0316,heliport,Xàbia Heliport,38.77313,0.17734,,EU,ES,ES-VC,Xàbia,no,,,,,https://www.heliportxabia.com,,,,,,,,
429753.0,ES-0317,heliport,Montanejos Heliport,40.06123,-0.53067,,EU,ES,ES-VC,Montanejos,no,,,,,,,,,,,,,
429754.0,ES-0318,heliport,Los Calpes Heliport,40.07269,-0.58777,,EU,ES,ES-VC,Los Calpes,no,,,,,,,,,,,,,
429756.0,ES-0319,heliport,Cella Emergency Heliport,40.45859,-1.28498,,EU,ES,ES-AR,Cella,no,,,,,,,,,,,,,
429757.0,ES-0320,heliport,Santa Eulalia Emergency Heliport,40.57215,-1.32151,,EU,ES,ES-AR,Santa Eulalia,no,,,,,,,,,,,,,
429758.0,ES-0321,heliport,Utrillas Heliport,40.80985,-0.84746,,EU,ES,ES-AR,Utrillas,no,,,,,,,,,,,,,
429759.0,ES-0322,closed,Plenas Airfield,41.10997,-0.94941,,EU,ES,ES-AR,Plenas,no,,,,,,,,,,,,,
429760.0,ES-0323,heliport,Daroca Heliport,41.13216,-1.41989,,EU,ES,ES-AR,Daroca,no,,,,,,,,,,,,,
429799.0,ES-0325,heliport,Morro Jable Heliport,28.05214,-14.36124,,AF,ES,ES-CN,Morro Jable,no,,,,,,,,,,,,,
430537.0,ES-0326,heliport,Coll de Rates Helipad,38.723737,-0.061191,2061.0,EU,ES,ES-VC,Parcent,no,,,,,,,,,,,,,
430635.0,ES-0327,heliport,Grossa Helipad,39.898227,0.684122,,EU,ES,ES-VC,Castellon,no,,,,,,,,,,,,,
430636.0,ES-0328,heliport,Cabrera Helipad,39.142996,2.937596,,EU,ES,ES-IB,,no,,,,,,,,,,,,,
430645.0,ES-0329,small_airport,Capdepera Aerodrom,39.692111,3.406375,,EU,ES,ES-IB,,no,,,,,,,,,,,,,
430646.0,ES-0330,heliport,Punta de l'Avançada Heliport,39.905053,3.109839,,EU,ES,ES-IB,Pollença,no,,,,,,,,,,,,,
430647.0,ES-0331,heliport,La Graciosa Heliport,29.229606,-13.510984,,AF,ES,ES-CN,,no,,,,,,,,,,,,,
506314.0,ES-0332,small_airport,El Membrillar,39.39256,-4.73449,2011.0,EU,ES,ES-CM,,no,,,LEML,,,,,,,,,,
509349.0,ES-0333,small_airport,Carreras de Galgos Airstrip,39.2007,-3.5988,,EU,ES,ES-CM,Galgos de Villarrubia de los Ojos,no,,,,,,,,,,,,,
510463.0,ES-0334,balloonport,Globedrom de Son Perot,39.574676,3.15622,,EU,ES,ES-IB,,no,,,,,https://www.mallorcaballoons.com,,,,,,,,
511835.0,ES-0335,small_airport,El Arenosilllo Airstrip,37.09727,-6.73394,,EU,ES,ES-AN,Moguer,no,,,,,,,CEDEA,,,,,,
512615.0,ES-0336,heliport,Parque de Bomberos de Cangas de Onís Heliport,43.35014,-5.11164,,EU,ES,ES-AS,Cangas de Onís,no,,,,,,,,,,,,,
512845.0,ES-0337,heliport,Ibias Heliport,43.02707,-6.88433,,EU,ES,ES-AS,Ibias,no,,,,,,,,,,,,,
514552.0,ES-0338,heliport,Helipuerto de Campillo de la Jara,39.60047,-5.05067,,EU,ES,ES-CM,,no,,,,,,,,,,,,,
520317.0,ES-0339,small_airport,Taragudo Airfield UL,40.82177,-3.09347,,EU,ES,ES-CM,Taragudo,no,,,,,,,,,,,,,
521992.0,ES-0340,small_airport,Aeródromo de La Ina,36.62949,-6.01826,,EU,ES,ES-AN,,no,,,,,,,,,,,,,
531512.0,ES-0341,heliport,Heliporto de Becerreá,42.8652,-7.18761,,EU,ES,ES-GA,,no,,,,,,,,,,,,,
531513.0,ES-0342,heliport,FIB Xurés Heliport,41.95115,-7.95731,2755.0,EU,ES,ES-GA,Ourense,no,,,LEXU,,,,Base Incendios Forestais Xurés,,,,,,
531650.0,ES-0343,heliport,Silleda Fire Base Heliport,42.693527,-8.224195,,EU,ES,ES-GA,Silleda,no,,,,,,,,,,,,,
532006.0,ES-0344,heliport,San Xoán de Río Forest Fire Base Heliport,42.38395,-7.30131,3356.0,EU,ES,ES-GA,,no,,,,,,,,,,,,,
532277.0,ES-0345,heliport,Barco de Valdeorras Heliport,42.434147,-6.972064,1378.0,EU,ES,ES-GA,Ourense,no,,,,,,,,,,,,,
532278.0,ES-0346,heliport,Marroxo Heliport,42.47302,-7.50139,2085.0,EU,ES,ES-GA,Ourense,no,,,LEXO,,,,Helipuerto C.I. de Marroxo,,,,,,
534122.0,ES-0347,small_airport,Castejón de Sos field,42.52247,0.48111,,EU,ES,ES-AR,Castejón de Sos,no,,,,ES0205,,,,,,,,,
549935.0,ES-0348,heliport,Reina Sofía Hospital Heliport,42.040262,-1.625955,1030.0,EU,ES,ES-NC,"Tudela,",no,,,,,,,,,,,,,
550107.0,ES-0349,heliport,Vall d'Hebron University Hospital Helipad,41.427012,2.140117,700.0,EU,ES,ES-CT,Barcelona,no,,,LEDH,,,,,,,,,,
550448.0,ES-0350,heliport,Igualada Hospital Helipad,41.588386,1.620875,1190.0,EU,ES,ES-CT,Igualada,no,,,LEHI,,,,,,,,,,
563306.0,ES-0351,heliport,El Cabril Heliport,38.075984,-5.414768,1356.0,EU,ES,ES-AN,El Cabril,no,,,,,,,,,,,,,
563571.0,ES-0352,heliport,Cal Majoral Hotel Heliport,42.053448,1.74234,2836.0,EU,ES,ES-CT,Berga,no,,,,,https://www.calmajoral.com/,,,,,,,,
571720.0,ES-0353,heliport,Madroñalejos Forest Fire fighting Heliport,37.537024,-6.295778,408.0,EU,ES,ES-AN,Aznalcóllar,yes,,,,,,,,,,,,,
572750.0,ES-0354,closed,El Revolcadero,28.022594,-17.242289,,EU,ES,ES-CN,La Gomera,no,,,,,,,,,,,,,
577212.0,ES-0355,small_airport,Devils of the Air RC Model Club Airport,29.032714,-13.598529,,EU,ES,ES-CN,Teguise (Lanzarote),no,,,,,https://www.facebook.com/diablillosdelaire/?locale=es_LA,,,,,,,,
31805.0,ES-0356,closed,Alfes Airfield,41.549999,0.65,705.0,EU,ES,ES-CT,LLeida - Alfes,no,,,,,,https://es.wikipedia.org/wiki/Aer%C3%B3dromo_de_Alf%C3%A9s,LEAT,,,,,,
31807.0,ES-0357,closed,Hinojosa del Duque Airfield,38.51209,-5.107215,1772.0,EU,ES,ES-AN,Hinojosa del Duque,no,,,,,,,"LEHI, LEHI",,,,,,
31809.0,ES-0358,closed,Tablada Airport,37.3517,-6.01456,26.0,EU,ES,ES-AN,Sevilla,no,,,,,,,LE85,,,,,,
43243.0,ES-0359,closed,Campolara Airfield,40.903099,-4.52028,3353.0,EU,ES,ES-CL,Segovia,no,,,,,,,LECX,,,,,,
43247.0,ES-0360,closed,Castejón de los Monegros Airfield,41.6078,-0.218327,1424.0,EU,ES,ES-AR,Huesca,no,,,,,,,LECJ,,,,,,
43248.0,ES-0361,closed,Ciudad Sanitaria y Universitaria de Bellvitge Heliport,41.345299,2.10729,35.0,EU,ES,ES-CT,Barcelona,no,,,,,,,LEHB,,,,,,
43258.0,ES-0362,closed,Viso del Marqués Airfield,38.5056,-3.42615,2672.0,EU,ES,ES-CM,Viso del Marqués,no,,,,,,,LEVI,,,,,,
43295.0,ES-0363,closed,Sa Sabina Heliport,38.716547,1.399969,44.0,EU,ES,ES-IB,Sa Sabina,no,,,,,,,"LEBI, LEBI",,,,,,
43298.0,ES-0364,closed,Aeródromo de Sangüesa,42.56736,-1.2889,1297.0,EU,ES,ES-NC,Sangüesa,no,,,,,,,"LESG, LESG",,,,,,
43280.0,ES-0365,small_airport,Aeródromo de Linares,38.133211,-3.642554,1033.0,EU,ES,ES-AN,Linares,no,,,,,,https://es.wikipedia.org/wiki/Aer%C3%B3dromo_de_Linares,,,,,,,
598090.0,ES-0367,heliport,Doctor Negrín Hospital Heliport,28.122167,-15.443469,190.0,AF,ES,ES-CN,Las Palmas de Gran Canaria,no,,,,,,,,,,,,,
599541.0,ES-0369,small_airport,Eivissa private Airstrip,38.96978,1.43786,,EU,ES,ES-IB,,no,,,,,,,,,,,,,
600478.0,ES-0370,heliport,Helipuerto de Xàtiva,39.005405,-0.510382,,EU,ES,ES-VC,Xàtiva,no,,,,,,,,,,,,,
600479.0,ES-0371,heliport,Bellús Reservoir Heliport,38.938572,-0.48264,543.0,EU,ES,ES-VC,Bellús,no,,,,,,,Embalse de Bellús,,,,,,
600498.0,ES-0372,heliport,Helipuerto de Emergencias de Alzira,39.155154,-0.44138,,EU,ES,ES-VC,Alzira,no,,,,,,,,,,,,,
602850.0,ES-0373,heliport,Villarrobledo Health Center Helipad,39.264834,-2.593504,2352.0,EU,ES,ES-CM,Villarrobledo,no,,,,LEJFZ,,,,,,,,,
604256.0,ES-0374,heliport,Palma Hospital Heliport,39.583853,2.631692,195.0,EU,ES,ES-IB,Palma de Mallorca,no,,,,,,,,,,,,,
604257.0,ES-0375,heliport,Naval Station Heliport,39.54745,2.619789,60.0,EU,ES,ES-IB,Palma de Mallorca,no,,,,,,,,,,,,,
300112.0,ET31,heliport,Sheridan Barracks Landing Area,47.482778,11.066944,2362.0,EU,DE,DE-BY,Garmisch-Partenkirchen,no,,,,,,,,,,,,,
300114.0,ET39,heliport,Hohenfels Hospital Army Helipad,49.224076,11.834813,1432.0,EU,DE,DE-BY,Hohenfels,no,,,,,,,ET39,,,,,,
29396.0,ETHH,heliport,Bonn-Hardthöhe Air Base,50.696503,7.045111,522.0,EU,DE,DE-NW,Bonn,no,,,ETHH,,,,,,,,,,
2726.0,ETHM,small_airport,Mendig Airfield,50.366001,7.31533,597.0,EU,DE,DE-RP,Mendig,no,,,EDRE,,,https://en.wikipedia.org/wiki/Mendig_Air_Base,Flugplatz Mendig,,,,,,
2728.0,ETHR,small_airport,Roth Airfield,49.217499,11.1002,1268.0,EU,DE,DE-BY,Roth,no,,,ETSR,,https://bwfsg.de/flugplatz/,https://en.wikipedia.org/wiki/Roth_Air_Base,"ETHR, Sonderlandeplatz Roth, Heeresflugplatz Roth",,,,,,
2733.0,ETIN,small_airport,Kitzingen Airfield,49.744293,10.207313,689.0,EU,DE,DE-BY,Kitzingen,no,,KZG,EDGY,,https://www.flugplatz-kitzingen.de/,https://en.wikipedia.org/wiki/Kitzingen_Airport,"ETIN, EDIN, Kitzingen AAF",,,,,,
300110.0,ETIP,heliport,Landstuhl Army Heliport,49.4030555556,7.53611111111,1176.0,EU,DE,DE-RP,Landstuhl,no,,,ETIP,,,,,,,,,,
300111.0,ETIY,heliport,Landstuhl Regional Medical Center Heliport,49.402481,7.558588,1136.0,EU,DE,DE-RP,Landstuhl,no,,,ETIY,,,,,,,,,,
308718.0,ETJB,heliport,Schonewald CRC Helipad,53.509955,13.43567,271.0,EU,DE,DE-MV,Cölpin,no,,,ETJB,,,,,,,,,,
29402.0,ETOA,heliport,Schweinfurt Army Heliport,50.049753,10.167905,738.0,EU,DE,DE-BY,Geldersheim,no,,,ETOA,,,https://en.wikipedia.org/wiki/Schweinfurt_Army_Heliport,"ZPW, USAG Schweinfurt",,,,,,
2745.0,ETOI,small_airport,Vilseck Army Air Field,49.634077,11.767495,1353.0,EU,DE,DE-BY,Vilseck,no,,,ETOI,,,,,,,,,,
2746.0,ETOR,closed,Coleman Army Air Field,49.563599,8.46339,309.0,EU,DE,DE-BW,,no,,,,,,https://en.wikipedia.org/wiki/Coleman_Army_Airfield,ETOR,,,,,,
309402.0,ETT1,small_airport,Etting-Adelmannsberg Glider Field,48.81028,11.42096,1253.0,EU,DE,DE-BY,Ingolstadt,no,,,,,http://www.aero-club-ingolstadt.de/,,,,,,,,
524727.0,GCAD,heliport,Adeje Heliport,28.124165,-16.742906,746.0,AF,ES,ES-CN,Adeje,no,,,GCAD,,,,,,,,,,
46181.0,IT-0001,small_airport,Il Falco Airfield,45.269254,7.950733,768.0,EU,IT,IT-21,Mazzè (TO),no,,,,TOMAZ,http://www.aviosuperficieilfalco.it/,,"Aviosuperficie Il Falco, Aviosuperficie Prati Nuovi, Prati Nuovi",,,,,,
46546.0,IT-0002,closed,Senigallia Nord Airfield,43.738267,13.183208,39.0,EU,IT,IT-57,Senigallia (AN),no,,,,,,,ANSEN,,,,,,
298337.0,IT-0004,small_airport,Eremo della Giubiliana Airfield,36.861287,14.627008,1401.0,EU,IT,IT-82,Ragusa,no,,,,RGGIU,https://www.eremodellagiubiliana.it/ragusa-hotel-5-stelle-lusso/avio-superficie,http://it.wikipedia.org/wiki/Aviosuperficie_Giubiliana,"RG03, Aviosuperficie Eremo della Giubiliana",,,,,,
298689.0,IT-0005,small_airport,Aviosuperficie Bovarella,37.792694,12.845078,656.0,EU,IT,IT-82,Salemi,no,,,,TPBOV,http://www.avioclubsalemi.it/,http://it.wikipedia.org/wiki/Aviosuperficie_Bovarella,,,,,,,
298691.0,IT-0006,small_airport,Valbelice Airfield,37.674242,12.774611,541.0,EU,IT,IT-82,Castelvetrano (TP),no,,,,TPCVE,,,Campo di Volo Valbelice,,,,,,
298693.0,IT-0007,closed,Campo di Volo Assoro,37.56181,14.496374,237.0,EU,IT,IT-82,Assoro,no,,,,,,,,,,,,,
298696.0,IT-0008,small_airport,Campo di Volo AvioClub Centro Sicilia,37.450962,13.923111,,EU,IT,IT-82,Serra di Falco (CL),no,,,,CLSDF,,,"Walter,Serradifalco",,,,,,
298698.0,IT-0009,small_airport,Avioclub Ereo Airfield,37.19222,14.613297,1483.0,EU,IT,IT-82,Grammichele (CT),no,,,,CT07,,,"CTGMM, Campo di Volo Avioclub Ereo",,,,,,
298702.0,IT-0011,closed,Aviosuperficie Avioclub Paternò,37.553356,14.884435,377.0,EU,IT,IT-82,Paternò,no,,,,,,,Paterno',,,,,,
298704.0,IT-0012,small_airport,Rinaura Airfield,37.028647,15.243509,40.0,EU,IT,IT-82,Rinaura (SR),no,,,,SRSIR,https://avioclubsiracusa.com/,,"SR01, Aviosuperficie Rinaura, Avio Club Siracusa.SIR0",,,,,,
298706.0,IT-0013,small_airport,Aviosuperficie Minotaurus e Medusa,38.049105,14.541306,13.0,EU,IT,IT-82,Caronia,no,,,,MECAR,,http://it.wikipedia.org/wiki/Aviosuperficie_Minotaurus_e_Medusa,,,,,,,
298708.0,IT-0014,small_airport,Oasi dei Re Airfield,36.722558,14.774708,128.0,EU,IT,IT-82,Marina di Modica (RG),no,,,,RGMDM,http://www.flymodica.it/,,"Aviosuperficie Oasi dei Re, Marina di Modica",,,,,,
298711.0,IT-0015,small_airport,Aviosuperficie Ramacca,37.390652,14.620249,524.0,EU,IT,IT-82,Ramacca,no,,,,CTRAM,,,Ramacca Margherito,,,,,,
298713.0,IT-0016,small_airport,Aviosuperficie Sorvoliamo,37.0084558926,14.5951116085,722.0,EU,IT,IT-82,Comiso,no,,,,,,http://it.wikipedia.org/wiki/Aviosuperficie_Sorvoliamo,,,,,,,
298718.0,IT-0017,small_airport,Aviosuperficie Terranova,37.576624,12.944491,9.0,EU,IT,IT-82,Menfi,no,,,,AGMEN,,,,,,,,,
298721.0,IT-0018,small_airport,Campo di Volo Capo d'Orlando,38.126421,14.707904,16.0,EU,IT,IT-82,Capo d'Orlando (ME),no,,,,MECOR,,,,,,,,,
298723.0,IT-0019,small_airport,Campo di Volo Aidone (cugno),37.432392,14.61525,450.0,EU,IT,IT-82,Aidone,no,,,,,http://www.quiaidone.it/aquiledeglierei/,,,,,,,,
298726.0,IT-0020,small_airport,Camemi Airfield,37.263261,14.626579,361.0,EU,IT,IT-82,Mineo (CT),no,,,,CTMIN,http://www.camemi.it/,,Campo di Volo Camemi,,,,,,
298729.0,IT-0021,small_airport,Elpifly Airfield,36.810908,14.544772,220.0,EU,IT,IT-82,Santa Croce Camerina (RG),no,,,,,,,Campo di Volo Elpifly,,,,,,
298732.0,IT-0022,small_airport,Campo di Volo Marano,37.386467,14.143471,400.0,EU,IT,IT-82,Pietraperzia (EN),no,,,,ENPIE,,,Marano,,,,,,
298735.0,IT-0023,closed,"Campo di Volo ""Il Cherubino""",37.59441,14.880252,720.0,EU,IT,IT-82,Santa Maria di Licodia,no,,,,,,,"CTLIC, CTLIC",,,,,,
298738.0,IT-0024,closed,Campo di Volo Pachino Fly Dream,36.726571,15.033717,23.0,EU,IT,IT-82,Pachino (SR),no,,,,,http://www.pachinoflydream.com/,,SRPCH,,,,,,
298742.0,IT-0025,small_airport,Albatros Airfield,37.972478,13.77335,,EU,IT,IT-82,Termini Imerese (PA),no,,,,PATER,http://www.voloclubalbatros.com/,,Campo di Volo Albatros,,,,,,
298746.0,IT-0026,closed,Campo di Volo Ali Val di Neto,39.184793,17.107129,32.0,EU,IT,IT-78,Bucchi (KR),no,,,,,,,KRBUC,,,,,,
298748.0,IT-0027,small_airport,Ali Calabria Airfield,38.619653,15.955976,1870.0,EU,IT,IT-78,Rombiolo (VV),no,,,,VVROM,,,Aviosuperficie Ali Calabria,,,,,,
298750.0,IT-0028,closed,Cosenza Airfield,39.525868,16.230087,180.0,EU,IT,IT-78,Bisignano (CS),no,,,,,,,Aviosuperficie Cosenza,,,,,,
298753.0,IT-0029,small_airport,Franca Airfield,39.189488,16.671496,4393.0,EU,IT,IT-78,Cotronei (KR),no,,,,KRCOT,,,Aviosuperficie Franca,,,,,,
298758.0,IT-0031,closed,Dragons Fly Airfield,39.738536,16.457015,16.0,EU,IT,IT-78,Sibari (CS),no,,,,,,,"Campo di Volo Dragons Fly, CSSIB",,,,,,
298761.0,IT-0032,small_airport,Il Grifo Airfield,38.637255,15.94775,630.0,EU,IT,IT-78,Drapia (VV),no,,,,VVZUN,http://www.aeroclubilgrifo.it,,Campo di Volo Il Grifo,,,,,,
308290.0,IT-0033,heliport,Castel Gandolfo Heliport,41.732928,12.658055,,EU,IT,IT-62,Castel Gandolfo,no,,,,,,,,,,,,,
308668.0,IT-0034,small_airport,Giancarlo Filippi Airfield,44.414367,7.811279,1411.0,EU,IT,IT-21,Mondovì (CN),no,,,,CN13,http://www.gruppoaeromodellisticomonregalese.it/chi_siamo.htm,,Aviosuperficie Giancarlo Filippi,,,,,,
308671.0,IT-0035,small_airport,Ivrea Montalto Dora Airfield,45.487546,7.84323,810.0,EU,IT,IT-21,Montalto Dora (TO),no,,,,TO10,http://www.voloalto.altervista.org/,,Aviosuperficie Ivrea Montalto Dora,,,,,,
324597.0,IT-0036,closed,Cassibile Airfield,36.981791,15.239755,58.0,EU,IT,IT-82,Syracuse,no,,,,,,https://en.wikipedia.org/wiki/Cassibile_Airfield,,,,,,,
308673.0,IT-0037,small_airport,Merlo Romano Airfield,44.834433,7.363565,1000.0,EU,IT,IT-21,Garzigliana (TO),no,,,,TOGAR,,,Aviosuperficie Merlo Romano,,,,,,
308674.0,IT-0038,small_airport,Aviosuperficie Acqui Terme,44.677488,8.50124,430.0,EU,IT,IT-21,Acqui Terme (AL),no,,,,ALACQ,http://www.albatrospara.it/associazione/base.php,https://it.wikipedia.org/wiki/Aviosuperficie_Acqui_Terme,,,,,,,
308675.0,IT-0039,small_airport,Meggiana Altiport,45.746092,8.040702,5344.0,EU,IT,IT-21,Piode (VC),no,,,,VCMEG,http://www.marc-ingegno.it/index.php?option=com_content&view=article&id=47&Itemid=92&lang=it,,"Altiporto di Meggiana, Aviosuperficie di Meggiana",,,,,,
308676.0,IT-0040,small_airport,Marc Ingegno Airfield,45.778056,8.268611,1411.0,EU,IT,IT-21,Varallo (VC),no,,,,VCVAR,http://www.marc-ingegno.it/index.php?option=com_content&view=article&id=71&Itemid=91&lang=it,,Aviosuperficie Marc Ingegno,,,,,,
308677.0,IT-0041,small_airport,Angiale Airfield,44.833611,7.530556,843.0,EU,IT,IT-21,Vigone (TO),no,,,,,,,,,,,,,
308678.0,IT-0042,small_airport,Astigiana Airfield,44.888806,8.354867,469.0,EU,IT,IT-21,Castello di Annone (AT),no,,,,ATCAS,http://www.scuolavolopegasus.com/dove-siamo,,,,,,,,
308679.0,IT-0043,small_airport,Boglietto Airfield,44.758611,8.183056,610.0,EU,IT,IT-21,Costigliole d'Asti (AT),no,,,,ATBOG,http://www.aviosuperficieboglietto.it/,,Aviosuperficie Boglietto,,,,,,
308680.0,IT-0044,small_airport,Beltrutta Airfield,44.496506,7.722974,1174.0,EU,IT,IT-21,Pezzolo Valle Uzzone (CN),no,,,,CN04,,,Campo di Volo Beltrutta,,,,,,
308681.0,IT-0045,small_airport,Cascina Colombare Airfield,45.49611,8.52527,558.0,EU,IT,IT-21,Casaleggio Novara (NO),no,,,,NOCAS,,,"Aviosuperficie Cascina Colombare, Aviosuperficie Casaleggio",,,,,,
308682.0,IT-0046,closed,Cascina Grecia Airfield,45.353622,7.792997,354.0,EU,IT,IT-21,Cuceglio (TO),no,,,,,,,,,,,,,
308683.0,IT-0047,small_airport,Cascina Valentino Airfield,44.69544,7.40242,280.0,EU,IT,IT-21,Envie (CN),no,,,,CNENV,http://www.aeromedia.it/envie.html,,Aviosuperficie Cascina Valentino,,,,,,
308684.0,IT-0048,small_airport,Castelnuovo Don Bosco Airfield,45.024444,7.966389,730.0,EU,IT,IT-21,Castelnuovo Don Bosco (AT),no,,,LILF,AT06,http://www.aviocastelnuovo.it/,,"ICP, Aviosuperficie Castelnuovo Don Bosco",,,,,,
308685.0,IT-0049,small_airport,Chavez-Marini Airfield,46.134167,8.306333,922.0,EU,IT,IT-21,Masera (VB),no,,,,VBMAS,,,"VB01, Aviosuperficie Chavez-Marini",,,,,,
308686.0,IT-0050,small_airport,Cossato Airfield,45.531909,8.201143,804.0,EU,IT,IT-21,Cossato (BI),no,,,,,,,,,,,,,
308687.0,IT-0051,small_airport,Cumiana Airfield,44.939043,7.428925,984.0,EU,IT,IT-21,Cumiana (TO),no,,,,TOCUM,,,"Aviosuperficie Cumiana, Sky Dream Center",,,,,,
308688.0,IT-0052,small_airport,Aviosuperficie Francavilla Bisio,44.729868,8.730075,525.0,EU,IT,IT-21,Francavilla Bisio (AL),no,,,,ALFVB,,,,,,,,,
308689.0,IT-0053,small_airport,Gattinara Airfield,45.604341,8.324461,922.0,EU,IT,IT-21,Gattinara (VC),no,,,,VCGAT,,,Aviosuperficie Gattinara,,,,,,
308690.0,IT-0054,small_airport,Il Picchio Airfield,45.708725,8.595706,699.0,EU,IT,IT-21,Borgo Ticino (NO),no,,,,NO01,https://www.aviosuperficieilpicchio.it,,Aviosuperficie Il Picchio,,,,,,
308691.0,IT-0055,small_airport,Pegasus 2000 Airfield,45.311672,7.665153,1312.0,EU,IT,IT-21,Busano (TO),no,,,,TOBUS,http://www.scuolavolopegasus.com/dove-siamo,,Aviosuperficie Pegasus 2000,,,,,,
308692.0,IT-0056,small_airport,Alpi Marittime Airfield,44.391111,7.725556,1457.0,EU,IT,IT-21,Pianfei (CN),no,,,,CNPIA,http://www.alpimarittime.net/dove,,Aviosuperficie Alpi Marittime,,,,,,
308693.0,IT-0057,small_airport,Aviosuperficie Piovera,44.935833,8.749333,312.0,EU,IT,IT-21,Piovera (AL),no,,,,ALASS,,,Centro ULM Alessandria,,,,,,
308694.0,IT-0058,small_airport,Prealpi-Musinè Airfield,45.124499,7.521442,1106.0,EU,IT,IT-21,Pianezza (TO),no,,,,TOPIA,http://www.scuolavolopegasus.com/dove-siamo,,"GAP, Aviosuperficie Prealpi-Musinè",,,,,,
308695.0,IT-0059,small_airport,Città di Tortona Airfield,44.938436,8.865881,315.0,EU,IT,IT-21,Tortona (AL),no,,,,ALTRT,,,Aviosuperficie Città di Tortona,,,,,,
308696.0,IT-0060,closed,Aviosuperficie Valentino,44.437222,7.660556,1457.0,EU,IT,IT-21,Castelletto Stura (CN),no,,,,,,,Valentino,,,,,,
308698.0,IT-0062,small_airport,Bosio Guido Airfield,44.434208,7.632153,1500.0,EU,IT,IT-21,Castelletto Stura (CN),no,,,,CNCST,https://sites.google.com/view/aviosuperficiebosioguido,,"Aviosuperficie Bosio Guido, Campo di Volo Bosio Guido, Aviosuperficie Castelletto Stura, Campo Volo Castelletto Stura, CN05",,,,,,
308699.0,IT-0063,small_airport,Country Fly Airfield,44.503056,7.821667,1350.0,EU,IT,IT-21,Bene Vagienna (CN),no,,,,CN06,,,"Avio Langhe, Campo di Volo Country Fly",,,,,,
308700.0,IT-0064,small_airport,Campo di volo Ploia,44.884167,8.780833,420.0,EU,IT,IT-21,San Giuliano Vecchio (AL),no,,,,ALTOR,,,,,,,,,
308701.0,IT-0065,small_airport,Il Laghetto Airfield,44.777885,8.13034,450.0,EU,IT,IT-21,Castagnole delle Lanze (AT),no,,,,ATCAL,http://www.trattorialaghetto.it/campo_volo.htm,,Campo volo Il Laghetto,,,,,,
308702.0,IT-0066,closed,Campo Volo Angela e Sara,45.163889,8.123333,427.0,EU,IT,IT-21,Verrua Savoia (TO),no,,,,,,,"TOVER, TOVER",,,,,,
308703.0,IT-0067,small_airport,Altiporto Chamois,45.833793,7.618504,5600.0,EU,IT,IT-23,Chamois (AO),no,,,,AOCHA,,,,,,,,,
308704.0,IT-0068,small_airport,Chatelair Airfield,45.74,7.480556,1500.0,EU,IT,IT-23,Nus (AO),no,,,,AONUS,http://www.aeroclubcorradogex.com/,,"AO03, Aeroclub Corrado Gex, Campo di Volo Chatelair",,,,,,
308705.0,IT-0069,small_airport,Airfield ASD Carisio Gliding Club,45.446617,8.191496,150.0,EU,IT,IT-21,Carisio (VC),no,,,,VCCAR,http://www.flyclubvoyager.it/,,"Campo Volo Falchi della Baraggia, Carisio Gliding Club",,,,,,
308706.0,IT-0070,closed,Malabaila Airfield,44.678889,7.818611,935.0,EU,IT,IT-21,Cherasco (CN),no,,,,,,,"Campo di Volo Malabaila, CNCHE",,,,,,
308707.0,IT-0071,small_airport,Sant'Elia Airfield,44.741963,7.70987,,EU,IT,IT-21,Racconigi (CN),no,,,,CNRAC,http://www.flyingturtle.it/,,"Campo di Volo Sant'Elia, Scuola di volo Aviator Piemonte",,,,,,
308708.0,IT-0072,small_airport,Val Triversa Airfield,44.906894,8.034096,574.0,EU,IT,IT-21,Cantarana (AT),no,,,,ATCAN,http://www.ulm.it/hangar/mix/valtriversa/,,Campo volo Val Triversa,,,,,,
308709.0,IT-0073,small_airport,Valsusa Airfield,45.1125,7.287222,1250.0,EU,IT,IT-21,Vaie (TO),no,,,,TO26,http://www.vaievola.it/,,"Campo di Volo Valsusa, Campo Volo di Vaie",,,,,,
308710.0,IT-0074,small_airport,Carolina Airfield,45.253154,7.898977,708.0,EU,IT,IT-21,Caluso (TO),no,,,,TOCAL,,,"Airone, Campo di Volo Carolina",,,,,,
308711.0,IT-0075,small_airport,Cerreto Castello Airfield,45.548056,8.161111,1000.0,EU,IT,IT-21,Cerreto Castello (BI),no,,,,BICRR,,,,,,,,,
308712.0,IT-0076,small_airport,Canavese Ultralight Flight Club,45.358734,7.71929,853.0,EU,IT,IT-21,Castellamonte (TO),no,,,,TOCTM,,,Club Volo Ultraleggeri del Canavese,,,,,,
308713.0,IT-0077,closed,Fly Igor Airfield,45.296717,8.007317,950.0,EU,IT,IT-21,Cigliano (VC),no,,,,,,,,,,,,,
315439.0,IT-0078,small_airport,Prosecco Airfield,45.703333,13.759722,820.0,EU,IT,IT-36,Prosecco (TS),no,,,,,,,Aerocampo Prosecco,,,,,,
315440.0,IT-0079,small_airport,La Speziana Airfield,45.128536,9.362869,459.0,EU,IT,IT-25,San Zenone al Po (PV),no,,,,PVSPO,http://www.speziana.it,,"Spessa Po, Aviosuperficie La Speziana",,,,,,
315441.0,IT-0080,small_airport,Mazarack Flying Field,45.639444,12.943611,,EU,IT,IT-34,Caorle,no,,,,VECAO,,,Campo di Volo Mazarack,,,,,,
315442.0,IT-0081,small_airport,Pradelle Airfield,45.49278,10.119883,341.0,EU,IT,IT-25,Torbole di Casaglia (BS),no,,,,BSTOR,http://www.volobrescia.it,,Aviosuperficie Pradelle,,,,,,
315443.0,IT-0082,small_airport,Madonna di Loreto Airfield,43.43913,13.57054,47.0,EU,IT,IT-57,Recanati,no,,,,MCREC,,,"Loreto,  Aviosuperficie ""Madonna di Loreto""",,,,,,
315460.0,IT-0083,closed,La Tomasina Airfield,45.328903,8.797781,,EU,IT,IT-25,Vigevano (PV),no,,,,,,,,,,,,,
315492.0,IT-0084,small_airport,Vervò Airfield,46.313801,11.111898,3080.0,EU,IT,IT-32,Vervò (TN),no,,,,TNVER,http://www.sportingavioclubvervo.it/,,Campo di Volo Vervò,,,,,,
315520.0,IT-0085,small_airport,Samolaco Airfield,46.234686,9.432771,689.0,EU,IT,IT-25,Samolaco (SO),no,,,,SOSAM,,,"A.V.L.U., Campo di Volo Samolaco",,,,,,
315595.0,IT-0086,small_airport,La Comina Airfield,45.991852,12.65399,200.0,EU,IT,IT-36,Pordenone (PN),no,,,LIKL,PNCOM,,,"Aviocampo La Comina, Aviosuperficie La Comina",,,,,,
315597.0,IT-0087,small_airport,Guglielmo Zamboni Airfield,44.475,11.541664,98.0,EU,IT,IT-45,Ozzano dell'Emilia (BO),no,,,LIKO,BO05,,https://it.wikipedia.org/wiki/Aviosuperficie_Guglielmo_Zamboni,"Aviosuperficie Guglielmo Zamboni, Aviosuperficie di Ozzano",,,,,,
315631.0,IT-0088,small_airport,Monti della Tolfa Airfield,42.0188,11.9827,46.0,EU,IT,IT-62,Tolfa (RM),no,,,,RMMTF,,,"Tolfa,Monti della Tolfa",,,,,,
315656.0,IT-0089,small_airport,Trasimeno Airfield,43.136353,12.030371,858.0,EU,IT,IT-55,Castigliano del Lago (PG),no,,,,PGCST,,,"Aviosuperficie Castigliano del Lago, Aviosuperficie Trasimeno",,,,,,
315663.0,IT-0090,small_airport,Mensanello Airfield,43.373582,11.123145,621.0,EU,IT,IT-52,Colle di Val d'Elsa (SI),no,,,,SIMEN,,,"Aviosuperficie Mensanello, Campo di Volo Mensanello",,,,,,
315769.0,IT-0091,small_airport,Termon Altiport,46.270833,11.025833,2231.0,EU,IT,IT-32,Campodenno (TN),no,,,,TNCDN,,,Campodenno,,,,,,
315771.0,IT-0092,small_airport,Centro Volo Campania,40.9515272,14.41188,,EU,IT,IT-72,,no,,,,,,,,,,,,,
315859.0,IT-0093,small_airport,Beppe Rascaglia Flying Field,38.515556,15.942222,,EU,IT,IT-78,Nicotera (RC),no,,,,RCNIC,,,"Campo di Volo ""Beppe Rascaglia""",,,,,,
315862.0,IT-0094,small_airport,Masseria Macri Airfield,40.054607,18.214738,351.0,EU,IT,IT-75,Supersano (LE),no,,,,LESUP,http://www.aviosuperficiemacri.it,,"LE02, Aviosuperficie Macrì",,,,,,
315864.0,IT-0095,small_airport,Umberto Nobile Airfield,41.235278,13.820556,22.0,EU,IT,IT-72,Sessa Aurunca (CE),no,,,,CECES,,,"Le Cese, Campo di Volo Umberto Nobile",,,,,,
315865.0,IT-0096,small_airport,Aviosuperficie Sabaudia,41.333611,13.021389,66.0,EU,IT,IT-62,Sabaudia (LT),no,,,LISB,LTSAB,https://volaresabaudia.it,,,,,,,,
315866.0,IT-0097,small_airport,"Campo di Volo ""Fly Club""",41.10457,14.45698,,EU,IT,IT-72,Sant'Agata de'Goti (BN),no,,,,BNSAG,,,"Fly Club,Sant'Agata",,,,,,
315867.0,IT-0098,small_airport,Aviosuperficie Condor,41.415,12.979444,56.0,EU,IT,IT-62,Borgo San Michele (LT),no,,,,LTLAT,,,,,,,,,
315869.0,IT-0099,small_airport,Tuscania Airfield,42.410446,11.898665,591.0,EU,IT,IT-62,San Lazzaro (VT),no,,,,VTTUL,,,,,,,,,
315871.0,IT-0100,small_airport,Aviosuperficie Alisoriano,42.433658,12.292147,985.0,EU,IT,IT-62,Soriano nel Cimino (VT),no,,,,VTSOR,http://www.alisoriano.it,,,,,,,,
315872.0,IT-0101,small_airport,Aerolight Marche Airfield,43.511883,13.191231,328.0,EU,IT,IT-57,Jesi (AN),no,,,,ANJES,,,"Delta Club Jesi, Campo di Volo Aerolight Marche",,,,,,
315873.0,IT-0102,small_airport,Campo di Volo Montefano,43.42075,13.39928,249.0,EU,IT,IT-57,Montefano (MC),no,,,,MCMFA,,,Flyclub Montefano,,,,,,
315874.0,IT-0103,small_airport,Ali di Classe Airfield,44.323419,12.307577,3.0,EU,IT,IT-45,Lido di Classe (RA),no,,,,RACLA,http://www.alidiclasse.info/,,"Aviosuperficie Ali di Classe, Aviosuperficie Ennio Tarantola, Club ultraleggeri Ali di Classe, Ennio Tarantola Airfield",,,,,,
315875.0,IT-0104,small_airport,Villafranca Airfield,44.291111,12.026111,100.0,EU,IT,IT-45,Villafranca-San Martino (FC),no,,,,FCVIF,,,"Campo di Volo Villafranca, Villafranca di Forli",,,,,,
315876.0,IT-0105,small_airport,Lyra 34 Airfield,44.500278,11.944444,36.0,EU,IT,IT-45,Lugo (RA),no,,,,RABEL,http://www.lyra34.com/,,"Aviosuperficie Lyra34, Aviosuperficie LYRA 34",,,,,,
315877.0,IT-0106,small_airport,Ali Filanti Airfield,44.582222,11.923056,20.0,EU,IT,IT-45,Alfonsine (FE),no,,,,FE11,,,"Filo, Alifilanti, Campo di Volo ""Ali Filanti""",,,,,,
315878.0,IT-0107,closed,Icaro Village Airfield,44.842996,11.485068,66.0,EU,IT,IT-45,Vigarano Mainarda (FE),no,,,,,,,"Campo di Volo Icaro Village, FEVIG",,,,,,
315879.0,IT-0108,small_airport,Le Merline Airfield,44.97287,9.479142,300.0,EU,IT,IT-45,Agazzano (PC),no,,,,PCAGA,,,Campo di Volo Le Merline,,,,,,
315880.0,IT-0109,small_airport,Arbuschi Airfield,45.051392,9.163255,223.0,EU,IT,IT-25,Robecco Pavese (PV),no,,,,PVROB,,,"Campo di Volo Arbuschi, Northair",,,,,,
315881.0,IT-0110,small_airport,Dovera Airfield,45.380312,9.534945,259.0,EU,IT,IT-25,Dovera (CR),no,,,,CR01,,,"JFK Dovera, Scuola volo Milano",,,,,,
315882.0,IT-0111,small_airport,Navigli Airfield,45.414412,8.895068,374.0,EU,IT,IT-25,Abbiategrasso (MI),no,,,,MIABB,,,"Aviosuperficie dei Navigli, Campo Volo dei Navigli",,,,,,
315883.0,IT-0112,small_airport,Volo Club Milano Airfield,45.449444,8.998333,335.0,EU,IT,IT-25,Cisliano (MI),no,,,,MICIS,,,"Campo di Volo ""Volo Club Milano""",,,,,,
315884.0,IT-0113,small_airport,Litorale di Caorle Airfield,45.611944,12.814722,1.0,EU,IT,IT-34,Caorle (VE),no,,,LIKE,VE17,,https://it.wikipedia.org/wiki/Aviosuperficie_AliCaorle,"Club Volo al Mare, Alicaorle, Aviosuperficie Alicaorle, Aviosuperficie del Litorale di Caorle",,,,,,
315885.0,IT-0114,small_airport,Zampieri Airfield,46.404329,12.88536,3281.0,EU,IT,IT-36,Enemonzo (UD),no,,,,UDENE,http://www.cvne.it,,"Aviosuperficie Zampieri, Campo Volo Zampieri",,,,,,
315888.0,IT-0115,small_airport,Sterzing / Vipiteno Airfield,46.883764,11.441338,3116.0,EU,IT,IT-32,Vipiteno (BZ),no,,,,BZVIP,,,,,,,,,
315890.0,IT-0116,small_airport,Passo del Tonale Airfield,46.265134,10.600662,6550.0,EU,IT,IT-32,Vermiglio (TN),no,,,,TNTON,https://www.aeroportocaproni.com/it/17/aviosuperficie-tonale,,"Aviosuperficie Passo del Tonale, Tonale, Passo del Tonale",,,,,,
315903.0,IT-0117,small_airport,Ceraso Airfield/Aero Club I Templari,40.93769,16.497,1621.0,EU,IT,IT-75,Altamura (BA),no,,,,BAALT,https://aeroclubitemplari.it/,,"BA05, Il Nido delle Aquile",,,,,,
315914.0,IT-0118,small_airport,Mezzana Bigli Airfield,45.065409,8.835176,,EU,IT,IT-25,Mezzana Bigli (PV),no,,,,PVMBI,,,"Aviosuperficie Mezzana Bigli, Nando Groppo, Club Astra",,,,,,
315970.0,IT-0119,small_airport,"Aviosuperficie ""Sa Doda""",39.361731,8.868309,88.0,EU,IT,IT-88,Decimoputzu (CA),no,,,,CADEC,,,"XPTZ,Decimoputso,Decimoputzu,Sa Doda",,,,,,
315971.0,IT-0120,small_airport,Campo di Volo Sardegna,39.621944,9.101944,1118.0,EU,IT,IT-88,Gesico (CA),no,,,,CAGES,,,"Argiolas Noas,Sardegna",,,,,,
315973.0,IT-0121,small_airport,Oasi da Peppe Airfield,40.452191,15.000098,16.0,EU,IT,IT-72,Capaccio (SA),no,,,,SACAP,,,Campo di Volo Oasi da Peppe,,,,,,
315974.0,IT-0122,small_airport,Aerotre Airfield,40.449469,17.623654,256.0,EU,IT,IT-75,Manduria (TA),no,,,,TAMAN,https://www.aerotre.it/,,"TA03, Aviosuperficie Aerotre",,,,,,
315975.0,IT-0123,small_airport,Il Volo Airfield,40.421944,8.686667,,EU,IT,IT-88,Pozzomaggiore (SS),no,,,,SS01,,,"Putumajore, Il Volo, Campo di Volo ""Il Volo",,,,,,
315977.0,IT-0124,small_airport,La Quercia Airfield,40.963053,16.633016,1181.0,EU,IT,IT-75,Toritto (BA),no,,,,BATDQ,,,BA04,,,,,,
315978.0,IT-0125,small_airport,Campo di Volo Platamona,40.813333,8.470278,26.0,EU,IT,IT-88,Porto Torres (SS),no,,,,SSPLA,,,Platamona,,,,,,
315979.0,IT-0126,small_airport,Delta Club Napoli Airfield,41.065757,13.962901,10.0,EU,IT,IT-72,Castelvolturno,no,,,,CECVO,https://www.deltaclubnapoli.com/,,"CE01, Aviosuperficie ""Delta Club Napoli"", Il Ranch",,,,,,
315985.0,IT-0128,small_airport,Fiorano Wings Airfield,45.11933,9.705951,,EU,IT,IT-25,San Fiorano (LO),no,,,,LOSFI,,,Campo di Volo Fiorano Wings,,,,,,
315987.0,IT-0129,small_airport,Caposile Airfield,45.56529,12.576835,,EU,IT,IT-34,San Donà di Piave,no,,,LIKI,VECAP,http://www.aviosuperficiecaposile.it,https://de.wikipedia.org/wiki/Aviosuperficie_Caposile,"Aviosuperficie Caposile, Papere Vagabonde, Club di Volo Papere Vagabonde",,,,,,
315988.0,IT-0130,small_airport,Aquile Randagie Airfield,45.165629,11.03503,66.0,EU,IT,IT-34,Gazzo Veronese (VR),no,,,,VRNOG,,,"Aviosuperficie Aquile Randagie, Campo di volo Aquile Randagie",,,,,,
315996.0,IT-0131,small_airport,Chiusdino Airfield,43.189768,11.146924,918.0,EU,IT,IT-52,Chiusdino (SI),no,,,,SICHI,,,"Aviosuperficie Club Chiusdino, Campo di Volo Chiusdino",,,,,,
316064.0,IT-0132,closed,"CdV ""38 N Fly Zone""",37.9458,15.8836,160.0,EU,IT,IT-78,Condofuri Marina,no,,,,,,,,,,,,,
316067.0,IT-0133,small_airport,CdV Ass.Sp. Parvolo,45.815556,12.752222,16.0,EU,IT,IT-34,Pramaggiore,no,,,,,,,,,,,,,
316151.0,IT-0134,small_airport,Careas Airfield,45.50668,9.66814,,EU,IT,IT-25,Caravaggio (BG),no,,,,BGMAS,,,"Campo di Volo Careas, Campo volo UAS ReD-Tech, Scuola volo Caravaggio",,,,,,
316152.0,IT-0135,small_airport,La Zappaglia Airfield,45.326746,10.378411,216.0,EU,IT,IT-25,Calvisano (BS),no,,,,BSCLV,,,"Campo di Volo ""La Zappaglia""",,,,,,
316153.0,IT-0136,small_airport,Vigarolo Airfield,45.217533,9.467232,220.0,EU,IT,IT-25,Vigarolo (LO),no,,,,LOVIG,,,Aviosuperficie Vigarolo,,,,,,
316155.0,IT-0137,small_airport,La Fenice Airfield,44.999883,10.713286,66.0,EU,IT,IT-25,Suzzara (MN),no,,,,MN05,,,"La Fenice, Campo di Volo ""La Fenice""",,,,,,
316156.0,IT-0138,small_airport,Air Folies Airfield,45.53297,8.90103,558.0,EU,IT,IT-25,Casorezzo (MI),no,,,,MICAS,,,"Campo di Volo ""Air Folies""",,,,,,
316157.0,IT-0139,closed,Aviosuperficie Airone,45.588056,9.003751,,EU,IT,IT-25,Origgio (VA),no,,,,,,,"VAORI, VAORI",,,,,,
316158.0,IT-0140,small_airport,Pravisdomini Airfield,45.821769,12.68341,,EU,IT,IT-36,Pravisdomini (PN),no,,,,PNPRA,,,"Pordenone, Aviosuperficie Pravisdomini",,,,,,
316159.0,IT-0141,small_airport,Ali Venete Airfield,45.664881,11.807449,164.0,EU,IT,IT-34,Galliera Veneta (PD),no,,,,PDGAL,,,"Campo di Volo ""Ali Venete""",,,,,,
316160.0,IT-0142,small_airport,Il Pioniero Airfield,45.083975,11.663224,36.0,EU,IT,IT-34,Lusia (RO),no,,,,ROLUS,,,Campo di Volo Il Pioniero,,,,,,
316161.0,IT-0143,small_airport,"Aviosuperficie ""San Giuseppe""",45.85649,12.06555,419.0,EU,IT,IT-34,Vidor (TV),no,,,,TVBOS,,,,,,,,,
316162.0,IT-0144,small_airport,Alla Colombara Airiield,45.752853,11.6925,328.0,EU,IT,IT-34,Bassano del Grappa (VI),no,,,,VIBAS,,,"Aviosuperfice ""Alla Colombara""",,,,,,
316199.0,IT-0145,closed,Il Fantasma Arcole Airfield,45.36,11.294444,56.0,EU,IT,IT-34,Arcole,no,,,,,,,Campo di Volo Il Fantasma Arcole,,,,,,
316200.0,IT-0146,small_airport,Cà del Conte Airfield,44.870165,9.938164,,EU,IT,IT-45,Alseno (PC),no,,,,,,,"Cortina di Alseno, Aviosuperficie Cà del Conte",,,,,,
316203.0,IT-0147,small_airport,Campo di Volo Borgotaro Albareto,44.464558,9.715806,1450.0,EU,IT,IT-45,Albareto (PR),no,,,,PRALB,,,"Mauro Guerra,Borgotaro",,,,,,
316204.0,IT-0148,small_airport,Flying Buttero Airfield,42.517352,11.319137,49.0,EU,IT,IT-52,Manciano (GR),no,,,,GRMAR,,,Campo di Volo Flying Buttero,,,,,,
316436.0,IT-0149,small_airport,Le Tartarughe Volanti Airfield,45.609722,9.486667,646.0,EU,IT,IT-25,Trezzo d'Adda (MI),no,,,,MITRE,,,"Campo di Volo ""Le Tartarughe Volanti""",,,,,,
316612.0,IT-0150,small_airport,Francesco Baracca Airfield,45.842203,12.193594,269.0,EU,IT,IT-34,Nervesa della Battaglia,no,,,,TVNER,,,"Jonathan, Baracca, F. Baracca, Aviosuperficie F. Baracca",,,,,,
316747.0,IT-0151,small_airport,Bibione Airfield,45.669654,13.039451,1.0,EU,IT,IT-34,San Michele al Tagliamento (VE),no,,,,,,,Pegasus Flying Club Lignano,,,,,,
316750.0,IT-0152,small_airport,Aviosuperficie Olivola,41.17751,14.74734,,EU,IT,IT-72,Benevento (BN),no,,,LIRO,BNBEN,http://www.aeroclubbenevento.it,https://it.wikipedia.org/wiki/Aeroporto_di_Benevento-Olivola,Gen. Nicola COLLARILE,,,,,,
316751.0,IT-0153,small_airport,Volturno Fly Aviosuperficie,41.1575,14.3669444,63.0,EU,IT,IT-72,Limatolo,no,,,,,http://www.volturnofly.it,,,,,,,,
316752.0,IT-0154,small_airport,Alituscia Airfield,42.226894,12.119422,1270.0,EU,IT,IT-62,Vejano (VT),no,,,,VTVEJ,http://www.alituscia.it,,"VT13, Aviosuperficie Alituscia",,,,,,
316753.0,IT-0155,small_airport,Acquasparta Airfield,42.684167,12.552778,,EU,IT,IT-55,Acquasparta (TR),no,,,,,,,Campo di Volo Acquasparta,,,,,,
316798.0,IT-0156,small_airport,Terra del Sole Airfield,42.774774,11.15547,50.0,EU,IT,IT-52,Grosseto (GR),no,,,,GRGRO,,,,,,,,,
316802.0,IT-0157,small_airport,Ali del Po Private Airfield,44.971119,10.294275,92.0,EU,IT,IT-45,Strada Nuova (PR),no,,,,PRSIS,,,"Prati di Sissa, Agroturismo, Al Cason, Campo di Volo Ali del Po",,,,,,
316923.0,IT-0158,small_airport,Campo di Volo Aerdomus,41.9419444,12.1402778,98.0,EU,IT,IT-62,Ladispoli,no,,,,,,,Aerdomus,,,,,,
316924.0,IT-0159,small_airport,Campo di Volo Ondalba,44.776117,7.879334,1017.0,EU,IT,IT-21,Baldissero D'Alba (CN),no,,,,CNBAL,,,Ondalba,,,,,,
316926.0,IT-0160,small_airport,Campo di Volo Castel Caladan,45.461305,9.576677,46.0,EU,IT,IT-25,Arzago d'Adda (BG),no,,,,BGARZ,,,Castel Caladan,,,,,,
316927.0,IT-0161,small_airport,Volo Molise,41.45948,14.53799,1738.0,EU,IT,IT-67,Campochiaro (CB),no,,,,CBCCH,http://www.cozy.it/AVM/AVM.html,,Volo Molise,,,,,,
316961.0,IT-0162,small_airport,Aviosuperficie Blue Silo,45.8872222,12.6277778,31.0,EU,IT,IT-36,Visinale di Pasiano,no,,,,,,,Podere dell'Angelo,,,,,,
316962.0,IT-0163,small_airport,Sagrantino Airfield,42.890278,12.533056,900.0,EU,IT,IT-55,Gualdo Cattaneo (PG),no,,,,PGGCT,,,"Sagrantino, Aviosuperficie del Sagrantino",,,,,,
316963.0,IT-0164,closed,AIRBAS Airfield,40.564519,16.592997,213.0,EU,IT,IT-77,Montescaglioso (MT),no,,,,,,,"Airbas, Aviosuperficie AIRBAS",,,,,,
316984.0,IT-0165,small_airport,Renzo Storai Airfield,43.96583,11.458056,889.0,EU,IT,IT-52,Vicchio del Mugello (FI),no,,,,FIVIC,http://www.aviostorai.com,,"Aviosuperficie Renzo Storai, AvioStorai",,,,,,
316985.0,IT-0166,small_airport,Campo di Volo Alicocco,41.655,13.226389,190.0,EU,IT,IT-62,Ferentino (FR),no,,,,FRFER,,,"Cocco, AliCocco",,,,,,
316986.0,IT-0167,small_airport,Ceresara Airfield,45.263695,10.582549,138.0,EU,IT,IT-25,Ceresara (MN),no,,,,MNSMA,,,Aviosuperficie Ceresara,,,,,,
316987.0,IT-0168,small_airport,"Campo di Volo ""Cab Club""",45.057833,8.066817,764.0,EU,IT,IT-21,Montiglio,no,,,,AT02,,,Cab Club,,,,,,
316997.0,IT-0169,closed,Flying Tigers Airfield,45.440878,7.937,751.0,EU,IT,IT-21,Albiano d'Ivrea (TO),no,,,,,,,"Campo di Volo Flying Tigers, Ivrea, TOALB",,,,,,
316999.0,IT-0170,small_airport,Kong Airfield,45.761969,9.445002,633.0,EU,IT,IT-25,Monte Marenzo (LC),no,,,,LCMON,,,Aviosuperficie Kong,,,,,,
317000.0,IT-0171,small_airport,Piancada Airfield,45.76417,13.07304,1.0,EU,IT,IT-36,Palazzolo della Stella (UD),no,,,,UDPNC,,,Aviosuperficie Piancada,,,,,,
317001.0,IT-0172,small_airport,Stella Airfield,44.95094,11.62722,6.0,EU,IT,IT-34,Fiesso Umbertiano (RO),no,,,,ROFIE,,,Aviosuperficie Stella,,,,,,
317002.0,IT-0173,small_airport,Ultralight Friuli Airfield,45.93098,13.362,,EU,IT,IT-36,Trivignano (UD),no,,,,UDTRI,,,"Ultralight Friuli, Aviosuperficie Ultralight Friuli",,,,,,
317003.0,IT-0174,small_airport,Ali Libere,42.829833,12.683383,,EU,IT,IT-55,Castelritaldi (PG),no,,,,PGCRT,,,,,,,,,
317004.0,IT-0175,small_airport,Aviosuperficie Stintino,40.88295,8.25418,,EU,IT,IT-88,Stintino (SS),no,,,,SSSTI,,,,,,,,,
317005.0,IT-0176,small_airport,La Filanda Airfield,43.446407,11.673973,,EU,IT,IT-52,Laterina Pergine Valdarno (AR),no,,,,AR10,http://www.arturoghezzi.it/aviosuperficie/,,Jetson - Aviosuperficie Pieve a Presciano La Filanda,,,,,,
317006.0,IT-0177,small_airport,Enrico Mattei Airfield,40.431896,16.5538,180.0,EU,IT,IT-77,Pisticci (MT),no,,,,MTPIC,http://www.basilicata-airport.eu/index.php?lang=en,https://it.wikipedia.org/wiki/Aviosuperficie_Enrico_Mattei,"Basilicata Airport, Pisticci, Aviosuperficie Enrico Mattei, Matera",,,,,,
317007.0,IT-0178,small_airport,Pisticci Flying Field,40.399699,16.636972,,EU,IT,IT-77,Pisticci (MT),no,,,,MTPIS,,,Campo di Volo Pisticci,,,,,,
317242.0,IT-0179,small_airport,Sibari Fly Airfield,39.757785,16.437453,35.0,EU,IT,IT-78,Cassano All’Ionio (CS),no,,,CS11,CSSIP,https://www.sibarifly.com/,,"Aviosuperficie Sibari Fly, Pantano Rotondo, Skydive Calabria",,,,,,
317363.0,IT-0180,small_airport,Il Gabbiano Airfield,43.051711,10.552012,43.0,EU,IT,IT-52,San Vincenzo (LI),no,,,,LISVC,,,"Aviosuperficie Il Gabbiano, Gabbiano, SkyDive San Vincenzo",,,,,,
317365.0,IT-0181,small_airport,Aliscarlino Airfield,42.912222,10.816667,9.0,EU,IT,IT-52,Scarlino (GR),no,,,LIQY,GRSCA,,,,,,,,,
317368.0,IT-0182,small_airport,San Felice Airfield,44.8325,11.120833,90.0,EU,IT,IT-45,San Felice sul Panaro (MO),no,,,,MOSFP,,,"Campo di Volo ""San Felice""",,,,,,
317371.0,IT-0183,small_airport,Molise Ultravolo Airfield,41.97547,15.02005,3.0,EU,IT,IT-67,Termoli (CB),no,,,,,,,"Aviosuperficie Molise Ultravolo, CB01, CBTMO, Arcora",,,,,,
317372.0,IT-0184,closed,Arcora Flying Field,41.94428,15.04761,,EU,IT,IT-67,Campomarino (CB),no,,,,,,,Campo di Volo Arcora,,,,,,
317373.0,IT-0185,small_airport,Pantano Airfield,40.56167,15.7599,2625.0,EU,IT,IT-77,Pignola (PZ),no,,,,PZPAN,http://www.centroicaro.it/icaro/aviosuperficie.asp,,"Aviosuperficie Pantano, Centro Icaro",,,,,,
317404.0,IT-0186,small_airport,Aviosuperficie Ali Nettuno,41.503775,12.701976,200.0,EU,IT,IT-62,Nettuno,no,,,,RMNTT,http://www.alinettuno.it,,RM07,,,,,,
317420.0,IT-0187,small_airport,Aviosuperficie Dorgali,40.348344,9.547495,587.0,EU,IT,IT-88,Dorgali,no,,,,NUDOR,,,,,,,,,
317467.0,IT-0188,small_airport,Campo di Volo Thiesi,40.53542,8.6055,,EU,IT,IT-88,Thiesi,no,,,,,,,L'Aviatore,,,,,,
317479.0,IT-0189,small_airport,Rivoli Avro Airfield,46.233786,13.072443,557.0,EU,IT,IT-36,Osoppo (UD),no,,,LIKH,UD03,http://www.avro.it,,"Rivoli di Osoppo, AVRO, A.V.R.O.",,,,,,
317499.0,IT-0190,small_airport,Baialupo Airfield,45.5529,9.50567,489.0,EU,IT,IT-25,Cassano d'Adda (MI),no,,,,MICSS,http://www.baialupo.com,,Aviosuperficie Baialupo,,,,,,
317563.0,IT-0191,small_airport,L'Elika Airfield,44.88293,7.56105,,EU,IT,IT-21,Castagnole Piemonte (TO),no,,,,TOCAS,http://www.scuolavoloicarus.it/contatti/,,"L'Elika, Campo di Volo L'ELIKA, Scuola Volo Icarus",,,,,,
317569.0,IT-0192,small_airport,Le Streghe Airfield,45.394518,8.706932,410.0,EU,IT,IT-21,Sozzago (NO),no,,,,NOSOZ,,,"Campo di Volo Le Streghe, Le Streghe",,,,,,
317571.0,IT-0193,small_airport,Lucchina Fly Club Airfield,45.321482,8.000236,951.0,EU,IT,IT-21,Moncrivello (VC),no,,,,,,,"Lucchina, Campo di Volo Lucchina Fly Club",,,,,,
317606.0,IT-0194,small_airport,Santa Lucia Airfield,45.483966,9.953184,357.0,EU,IT,IT-25,Cizzago (BS),no,,,,BSCIZ,http://www.vittorialata.com,,"Aviare, Aviosuperficie ""Santa Lucia""",,,,,,
317609.0,IT-0195,small_airport,Corry's Airfield,45.519248,10.380685,541.0,EU,IT,IT-25,Nuvolera (BS),no,,,,BSNUV,,,"Aviosuperficie Corry's, Campo di Volo Corry's",,,,,,
317612.0,IT-0196,small_airport,Natale/Battistoni Airfield,45.334957,8.824167,357.0,EU,IT,IT-25,Vigevano (PV),no,,,,PVVGB,http://www.flying-circus.it,,"Natale/Battistoni, Flying Circus, Aviosuperficie Natale/Battistoni",,,,,,
317624.0,IT-0197,small_airport,Il Borro Airfield,43.536111,11.705,900.0,EU,IT,IT-52,San Giustino Valdarno (AR),no,,,,ARBOR,http://www.compagniavolatori.com,,,,,,,,
317625.0,IT-0198,small_airport,Reno Air Club Airfield,44.612923,11.324329,125.0,EU,IT,IT-45,Argelato (BO),no,,,,BOARG,http://www.renoairclub.it,,"Aviosuperficie ""Reno Air Club""",,,,,,
317626.0,IT-0199,closed,Montegaldella Airfield,45.443407,11.651087,,EU,IT,IT-25,Montegaldella (VI),no,,,,,,,"VIMGA, Aviosuperficie di Montegaldella",,,,,,
317627.0,IT-0200,small_airport,Sassuolo Airfield,44.571667,10.78,311.0,EU,IT,IT-45,Sassuolo (MO),no,,,,MO07,http://www.aeroclubsassuolo.it,,Aviosuperficie Sassuolo,,,,,,
317633.0,IT-0201,small_airport,Aviosuperficie del Sole,40.624425,14.845842,,EU,IT,IT-72,Salerno,no,,,,SAPON,,,,,,,,,
317639.0,IT-0202,small_airport,Venaria Reale Mario Santi Airfield,45.130127,7.612008,,EU,IT,IT-21,Venaria Reale (TO),no,,,LILW,,,https://it.wikipedia.org/wiki/Aeroporto_di_Venaria_Reale,"34º Gruppo Squadroni AVES ""Toro""  [MIL]",,,,,,
317649.0,IT-0203,small_airport,Rovigo Airfield,45.031167,11.823667,22.0,EU,IT,IT-34,Rovigo (RO),no,,,,ROROV,http://www.aeroclubrovigo.it/,,"Aeroclub Rovigo, Luciano Baldi, Aviosuperficie Rovigo",,,,,,
317652.0,IT-0204,small_airport,Sasso d'Oro Agrotourism Airfield,46.181389,12.8225,780.0,EU,IT,IT-36,Sequals (PN),no,,,,PNSEQ,http://www.sassodoro.pn.it,,"Solimbergo, Sassodoro, Campo di Volo Agroturismo Sasso d'Oro",,,,,,
317666.0,IT-0205,small_airport,Gargano Pilot Captain Saverio Tadesco Airfield,41.635,15.761667,380.0,EU,IT,IT-75,San Giovanni Rotondo (FG),no,,,,FGSGR,http://www.garganovolo.it,,"Aviosuperficie Gargano, Gargano Volo, Aviosuperficie Cap. Pilota Saverio Tedesco, AliGargano",,,,,,
317667.0,IT-0206,small_airport,Fondone Airfield,40.355883,18.232425,130.0,EU,IT,IT-75,Lecce (LE),no,,,LINK,LEFON,http://www.vegaulm.it,https://en.wikipedia.org/wiki/Lecce_Airfield,"Vega, Vega ulm, Fondone, Aviosuperficie ""Fondone"", Lecce Airfield, Fondone Lecce Airfield",,,,,,
317719.0,IT-0207,small_airport,Pantalla Airfield,42.871082,12.384741,486.0,EU,IT,IT-55,Todi (PG),no,,,,PGPNT,,,Aviosuperficie Pantalla,,,,,,
317720.0,IT-0208,small_airport,Maccagno Airfield,44.423599,7.459128,,EU,IT,IT-21,Maccagno (CN),no,,,,CN11,,,"Aviosuperficie Caraglio, Aviosuperficie Maccagno",,,,,,
317722.0,IT-0209,small_airport,Il Pinguino Airfield,43.87137,10.94651,141.0,EU,IT,IT-52,Quarrata (PT),no,,,,PTQUA,http://www.ipinguini.it,,"Aviosuperficie I Pinguini, Aviosuperficie Il Pinguino Giak Nuotatore Volante",,,,,,
317728.0,IT-0210,small_airport,Aviosuperficie Pegaso Flying Club,41.541847,13.370451,360.0,EU,IT,IT-62,Ceccano (FR),no,,,,FRCEC,https://www.facebook.com/aviosuperficie.pegaso,,"Pegaso, Pegaso Flying Club",,,,,,
317746.0,IT-0211,small_airport,Al Casale Airfield,45.984782,12.923537,148.0,EU,IT,IT-36,Codroipo (UD),no,,,,UDCOD,http://www.alcasale.eu,,"Casali Loreto, Al Casale",,,,,,
317785.0,IT-0212,small_airport,"Campo di Volo ""Air Patria""",40.926943,14.061944,100.0,EU,IT,IT-72,Giuliano (NA),no,,,,NAPAT,,,Lago Patria,,,,,,
317787.0,IT-0214,small_airport,Peter Pan Airfield,42.97183,12.371257,574.0,EU,IT,IT-55,Marsciano (PG),no,,,,PGMAR,,,"Campo di Volo ""Peter Pan""",,,,,,
317788.0,IT-0215,small_airport,"Campo di Volo ""Aligubbio""",43.3173,12.5731,1377.0,EU,IT,IT-55,Gubbio (PG),no,,,,PGGUB,,,Aligubbio,,,,,,
317814.0,IT-0216,small_airport,Aviosuperficie L'Aquila,42.300878,13.517175,1873.0,EU,IT,IT-65,Poggio Picenze (AQ),no,,,,AQAQU,http://www.aeroclublaquila.it/,,"LI50,AQ10,aviosuperficie,laquila,aquila,fossa,poggiopicenze,aeroclublaquila,avio",,,,,,
317842.0,IT-0217,small_airport,VolAvisio Airfield,46.27888,11.44837,2820.0,EU,IT,IT-32,Cavalese (TN),no,,,,,,,"Campo di Volo ""VolAvisio""",,,,,,
317843.0,IT-0218,small_airport,Volopuro Airfield,45.564089,8.54184,,EU,IT,IT-25,Momo (NO),no,,,,,http://www.volopuro.it,,,,,,,,
317853.0,IT-0219,small_airport,Tuscany Flight Airfield,43.695365,10.805435,65.0,EU,IT,IT-52,San Miniato (PI),no,,,,PISMN,,,Campo di Volo Tuscany Flight,,,,,,
317854.0,IT-0220,small_airport,Aviosuperficie Avola-Gallina,36.945287,15.170774,114.0,EU,IT,IT-82,Avola (SR),no,,,,SRAVO,,,Galina,,,,,,
317888.0,IT-0221,small_airport,Montagnana Airfield,45.245222,11.424673,32.0,EU,IT,IT-34,Montagnana (PD),no,,,,PDMON,,,"Aviosuperficie di Montagnana, Aviosuperficie Avioclub Montagnana, Baschirotto",,,,,,
317889.0,IT-0222,small_airport,Aviosuperficie Divinangelo,41.471944,13.023611,10.0,EU,IT,IT-62,Sezze,no,,,,LT09,,,"Aeroclub Artena, Divinangelo, Sezze Scalo",,,,,,
317906.0,IT-0223,small_airport,K-Fly Flying Field,41.91128,15.81102,16.0,EU,IT,IT-75,Ischitella (FG),no,,,,FGISC,http://www.flylab.it/defaulte.htm,,"FG04, Campo di Volo FlyLab, Campo di Volo K-Fly",,,,,,
317907.0,IT-0224,small_airport,Monticchio Airfield,40.377022,17.386017,124.0,EU,IT,IT-75,Taranto (TA),no,,,,TAPLS,,,"TA01, AirPulsano, Aviosuperficie Monticchio, Pulsano",,,,,,
317910.0,IT-0225,small_airport,Aviosuperficie Artena,41.673056,12.845556,649.0,EU,IT,IT-62,Artena (RM),no,,,,RMART,,,,,,,,,
317913.0,IT-0226,closed,Villa Farsetti Airfield,45.49917,12.03139,22.0,EU,IT,IT-34,Santa Maria di Sala (VE),no,,,,,,,"Ala Salese, Campo di Volo Villa Farsetti, VESMS",,,,,,
317916.0,IT-0227,closed,Pozzilli Airfield,41.50223,14.08533,679.0,EU,IT,IT-67,Pozzilli,no,,,,,,,"LINP, Le Aquile",,,,,,
317917.0,IT-0228,small_airport,Gianni Cerutti Airfield,45.34921,8.64632,393.0,EU,IT,IT-21,Vespolate (NO),no,,,,NOVES,,,"Gianni Cerutti, Campo di Volo Gianni Cerutti",,,,,,
317976.0,IT-0229,small_airport,Natile Airfield,40.59059,16.769,974.0,EU,IT,IT-75,Ginosa (TA),no,,,,TA05,,,Campo di Volo Natile,,,,,,
318087.0,IT-0230,small_airport,Campo di Volo Pietralunga,43.450539,12.401383,2263.0,EU,IT,IT-55,Pietralunga (PG),no,,,,PGPLU,,,,,,,,,
318090.0,IT-0231,small_airport,Campo di Volo Cavola,44.39646,10.53613,1768.0,EU,IT,IT-45,Toano (RE),no,,,,RE05,,,Cavola,,,,,,
318093.0,IT-0232,small_airport,Santa Rita Airfield,42.75654,13.01628,2900.0,EU,IT,IT-55,Cascia (PG),no,,,,PGCAS,,,Campo di Volo Santa Rita,,,,,,
318146.0,IT-0233,small_airport,Cà Virginia Airfield,43.818795,12.677264,256.0,EU,IT,IT-57,Borgo Massano (PU),no,,,,PUMON,,,"Cá Virginia, Virginia, Montecalvo",,,,,,
318147.0,IT-0234,small_airport,Valdichiana Airfield,43.214021,11.823111,810.0,EU,IT,IT-52,Sinalunga (SI),no,,,,SIVDC,,,"Valdichiana, Aviosuperficie Valdichiana, Campo di Volo Valdichiana",,,,,,
318148.0,IT-0235,small_airport,Ciannocio Airfield,43.120848,11.920468,826.0,EU,IT,IT-55,Castiglione del Lago (PG),no,,,,PGCDL,,,Campo di Volo Ciannocio,,,,,,
318222.0,IT-0236,small_airport,Policastro Airfield,40.114874,15.495315,95.0,EU,IT,IT-72,Santa Marina (SA),no,,,,SA05,,,"Policastro, Bussentino, Santa Marina, Campo di Volo Policastro",,,,,,
318225.0,IT-0237,closed,Teggiano-Vallo di Diano Airfield,40.415506,15.536688,1467.0,EU,IT,IT-72,Teggiano (SA),no,,,,,,,SA03,,,,,,
318284.0,IT-0238,small_airport,Delta Condor Airfield,43.868758,10.302024,1.0,EU,IT,IT-52,Massarosa (LU),no,,,,LUMSR,,,"Campo di Volo ""Delta Condor"", Girofly",,,,,,
318285.0,IT-0239,small_airport,Esperti Airfield,40.47894,17.884616,196.0,EU,IT,IT-75,Cellino San Marco (BR),no,,,,BRCEL,http://alimessapia.altervista.org/alimessapia/,,"BR06, AliMessapia, Esperti, Aviosuperficie Esperti",,,,,,
318909.0,IT-0240,small_airport,Campo di Volo Monreale,39.583099,8.773265,,EU,IT,IT-88,San Gavino Monreale (CA),no,,,,CASGA,http://campo-volo-sangavino.webnode.it,,,,,,,,
318911.0,IT-0241,small_airport,Aviosuperficie Agrigento,37.247222,13.654722,167.0,EU,IT,IT-82,Agrigento,no,,,,AGFAV,http://www.avioclubagrigento.it,,Valle dei Templi,,,,,,
318917.0,IT-0243,small_airport,Fly Sabina Airfield,42.116667,12.708056,,EU,IT,IT-62,Montelibretti (RM),no,,,,,,,Campo di Volo Fly Sabina,,,,,,
324617.0,IT-0244,small_airport,Trike Team Cormorano,37.0994444,14.17,,EU,IT,IT-82,Gela (CL),no,,,,CLGRO,,,,,,,,,
318979.0,IT-0245,small_airport,Val Vibrata Flying Field,42.809474,13.847142,269.0,EU,IT,IT-65,Corropoli (TE),no,,,,TEVAL,,,"TE04, Campo di Volo ""Val Vibrata"", Avio Club Val Vibrata, Corropoli",,,,,,
319113.0,IT-0246,small_airport,AliVara Airfield,44.227697,9.720077,311.0,EU,IT,IT-42,Borghetto di Vara (SP),no,,,,SPBRV,,,AliVara,,,,,,
319114.0,IT-0247,small_airport,Ali sul Castello Airfield,41.063481,16.280887,984.0,EU,IT,IT-75,Andria (BT),no,,,,BAAND,,,"BA06, Castel del Monte",,,,,,
319125.0,IT-0248,small_airport,Montecchio Podere Santa Apollonia Airfield,43.297074,11.906888,810.0,EU,IT,IT-52,Castiglion Fiorentino (AR),no,,,,ARMON,,,"San Apollonia, Agriturismo Podere Santa Apollonia",,,,,,
319141.0,IT-0249,small_airport,Willy il Coyote Airfield,44.771828,10.832155,88.0,EU,IT,IT-45,Carpi (MO),no,,,,MOCRP,,,"Campo di Volo ""Willy il Coyote"", Wile E Coyote",,,,,,
319145.0,IT-0250,small_airport,Valerio Glorialanza Airfield,44.376111,9.290278,49.0,EU,IT,IT-42,Calvari (GE),no,,,,GECER,,,"Campo Volo Calvari, Campo di Volo ""Valerio Glorialanza""",,,,,,
319167.0,IT-0251,small_airport,San Dalmazio Airfield,44.4125,10.843611,1870.0,EU,IT,IT-45,Serramazzoni  (MO),no,,,,MOSDM,,,"Campo di Volo ""San Dalmazio""",,,,,,
319170.0,IT-0252,small_airport,Delta Culture Club Airfield,44.571111,11.451667,115.0,EU,IT,IT-45,Granarolo dell'Emilia (BO),no,,,,BOGRA,,,"Campo di Volo ""Delta Culture Club"", Granarolo, Campo Volo Granarolo",,,,,,
319186.0,IT-0253,small_airport,Castellazzo Airfield,44.683333,10.739722,141.0,EU,IT,IT-45,Reggio Emilia (RE),no,,,,RE04,,,Aviosuperficie Castellazzo,,,,,,
319211.0,IT-0254,small_airport,Cassola Airfield,45.741308,11.806548,321.0,EU,IT,IT-34,Cassola (VI),no,,,,VICAS,,,"VI01, Aviosuperficie Cassola",,,,,,
319213.0,IT-0255,small_airport,Molinella Airfield,44.5982,11.656286,22.0,EU,IT,IT-45,Molinella (BO),no,,,,BOMOL,,,Aviosuperficie Molinella,,,,,,
319216.0,IT-0256,small_airport,Aviosuperficie di Rubbiano,44.671947,10.060862,518.0,EU,IT,IT-45,Solignano,no,,,,PR06,,,Rubbiano,,,,,,
319219.0,IT-0257,small_airport,Colli Euganei Airfield,45.202641,11.793715,13.0,EU,IT,IT-34,Pozzonovo (PD),no,,,,PDPOZ,,,Aviosuperficie Colli Euganei,,,,,,
319288.0,IT-0258,small_airport,Settecrociari Airfield,44.13595,12.18976,147.0,EU,IT,IT-45,Cesena (FC),no,,,,FCCES,,,,,,,,,
319291.0,IT-0259,small_airport,Campogalliano Airfield,44.70355,10.85416,118.0,EU,IT,IT-45,Campogalliano (MO),no,,,,MOCGL,,,Campo di Volo Campogalliano,,,,,,
319296.0,IT-0260,small_airport,Obiettivo Volare Aeroclub,44.889329,10.160223,141.0,EU,IT,IT-45,Fontanellato (PR),no,,,,PRCAN,http://www.obiettivovolare.it,,"PR11, Aeroparco Pomì",,,,,,
319310.0,IT-0261,small_airport,Achille Private Ultralight Airfield,43.99883,12.10792,,EU,IT,IT-45,Linaro (FC),no,,,,FC02,,,,,,,,,
319312.0,IT-0262,small_airport,Empoli Airstrip,43.725153,10.982175,82.0,EU,IT,IT-52,Empoli (FI),no,,,,FI01,,,Aviosuperficie Empoli,,,,,,
319316.0,IT-0263,small_airport,Tignes Airfield,46.15401,12.34751,1676.0,EU,IT,IT-34,Alpago (BL),no,,,,BL09,,,Campo di Volo Tignes,,,,,,
319326.0,IT-0264,small_airport,Grumentum Airfield,40.27009,15.91363,2007.0,EU,IT,IT-77,Grumento Nova (PZ),no,,,,PZ02,,,,,,,,,
319327.0,IT-0265,small_airport,Torre Sant'Andrea Airfield,40.247662,18.436303,72.0,EU,IT,IT-75,Melendugno (LE),no,,,,LEMEL,http://www.volaresalento.com,,"LE11, Aviosuperficie ""Torre Sant'Andrea"", Aviosuperficie Melendugno",,,,,,
319330.0,IT-0266,small_airport,Aviosuperficie Valicella,42.21873,12.24846,862.0,EU,IT,IT-62,Sutri,no,,,,VTSUT,,,,,,,,,
319360.0,IT-0267,small_airport,Aviosuperficie F. Rossi,43.34,12.826944,1348.0,EU,IT,IT-57,Fabriano,no,,,,ANFAB,,,,,,,,,
319363.0,IT-0268,small_airport,Banda Bassotti Airfield,44.926373,11.051473,36.0,EU,IT,IT-45,Concordia Sulla Secchia (MO),no,,,,MOCON,,,Campo di Volo Banda Bassotti,,,,,,
319388.0,IT-0269,small_airport,Rovasenda 2000 Airfield,45.544351,8.278914,787.0,EU,IT,IT-21,Brusnengo (BI),no,,,,,,,"Campo di Volo Rovasenda 2000, Agriturismo Cascina Santa Teresa",,,,,,
319398.0,IT-0270,small_airport,Al Canale Airfield,40.8125,17.233056,1100.0,EU,IT,IT-75,Alberobello (BA),no,,,,BAALB,,,"Campo di Volo ""Al Canale""",,,,,,
319399.0,IT-0271,small_airport,Agnedo Airfield,46.044722,11.541944,,EU,IT,IT-32,Agnedo (TN),no,,,,,,,Campo di Volo Agnedo,,,,,,
331601.0,IT-0272,small_airport,Costa d'Argento Airfield,42.495327,11.239424,,EU,IT,IT-52,Orbetello (GR),no,,,,GRORB,https://www.skydivecostadargento.com/,,Aviosuperficie Costa d'Argento,,,,,,
319414.0,IT-0273,small_airport,Giuliano Borgonovi Airfield,45.187103,9.042821,203.0,EU,IT,IT-25,Zerbolò (PV),no,,,,PV05,,,"Luciano Borgonovi, Campo di Volo Luciano Borgonovi",,,,,,
319415.0,IT-0274,small_airport,"Aviosuperficie ""Villa Selva Air Park""",42.79277,13.75146,551.0,EU,IT,IT-65,Civitella del Tronto (TE),no,,,,TE09,,,,,,,,,
319421.0,IT-0275,small_airport,Arcobaleno Airfield,44.496944,11.243611,,EU,IT,IT-45,Zola Predosa (BO),no,,,,BO11,,,Campo di Volo Arcobaleno,,,,,,
319422.0,IT-0276,small_airport,"Campo di Volo ""Ali del Montello""",45.76157,12.16361,226.0,EU,IT,IT-34,Volpago del Montello (TV),no,,,,TVSDM,,,TV06,,,,,,
319424.0,IT-0277,small_airport,Aviosuperficie La Selva,41.155556,14.21,196.0,EU,IT,IT-72,Vitulazio,no,,,,CEVIT,http://www.laselvafly.it,,La Selva,,,,,,
319429.0,IT-0278,small_airport,Falcone Airfield,41.105084,15.876483,495.0,EU,IT,IT-77,Lavello (PZ),no,,,,PZ01,,,"PZLAV, Aviosuperficie Falcone",,,,,,
319431.0,IT-0279,small_airport,Aviosuperficie Celano,42.05167,13.55722,2234.0,EU,IT,IT-65,Celano (AQ),no,,,,AQCEL,,,"AQ01, AvioFucino",,,,,,
319435.0,IT-0280,small_airport,Cesare Rossi Airfield,43.102879,13.557816,492.0,EU,IT,IT-57,Montegiorgio (AP),no,,,,AP02,,,,,,,,,
319437.0,IT-0281,small_airport,Piana Cinque Miglia Airfield,41.879201,14.011133,4127.0,EU,IT,IT-65,Rocca Pia (AQ),no,,,,AQROC,,,"AQ08, Campo di Volo ""Piana 5 Miglia""",,,,,,
319439.0,IT-0282,small_airport,Campo di Volo Collerotondo,42.289182,13.745423,1345.0,EU,IT,IT-65,Ofena,no,,,,AQOFE,,,Collerotondo,,,,,,
319442.0,IT-0283,small_airport,Aviosuperficie Carocci,42.247516,12.308311,784.0,EU,IT,IT-62,Nepi (VT),no,,,,VT10,,,,,,,,,
319444.0,IT-0284,small_airport,Pegaso Airfield,45.318282,12.056959,,EU,IT,IT-34,Campolongo Maggiore (VE),no,,,,VECGO,,,Campo di Volo Pegaso,,,,,,
319450.0,IT-0285,small_airport,Parco Livenza Airfield,45.740274,12.704472,,EU,IT,IT-34,San Stino di Livenza (VE),no,,,,VESSL,,,Aviosuperficie Parco Livenza,,,,,,
319451.0,IT-0286,small_airport,Skydive Venice Airfield,45.700009,12.763909,21.0,EU,IT,IT-34,San Stino di Livenza (VE),no,,,LIVS,VE18,,,Aviosuperficie Skydive Venice,,,,,,
319452.0,IT-0287,closed,Banana Airfield,45.597525,12.30855,6.0,EU,IT,IT-34,Casale sul Sile (TV),no,,,,,,,"Campo di Volo ""Banana"", TVCAS",,,,,,
319455.0,IT-0288,closed,Il Ranch Airfield,45.545833,11.761944,56.0,EU,IT,IT-34,Piazzola sul Brenta (PD),no,,,,,http://www.scuolavolo.it/,,"Aviosuperficie ""Il Ranch""",,,,,,
319458.0,IT-0289,small_airport,Conca del Re Airfield,39.854278,16.19563,2190.0,EU,IT,IT-78,Castrovillari (CS),no,,,,,,,CSCVI,,,,,,
319459.0,IT-0290,small_airport,"Aviosuperficie ""Il Pratone""",42.093703,13.042332,1893.0,EU,IT,IT-65,Carsoli (AQ),no,,,,AQCAR,http://www.avioclubcarsoli.it/,,"AQ07, Il Pratone",,,,,,
319462.0,IT-0291,small_airport,Sky Ufita Airfield,41.046165,15.121532,1148.0,EU,IT,IT-72,Frigento (AV),no,,,,AV01,,,"Campo di Volo ""Sky Ufita""",,,,,,
319481.0,IT-0292,small_airport,Blue Devil Centre Airfield,45.392393,10.127678,223.0,EU,IT,IT-25,Offlaga (BS),no,,,,BSOFL,,,"Campo di Volo ""Blue Devil Centre""",,,,,,
319482.0,IT-0293,small_airport,Le Panizze Airfield,45.419359,10.557346,337.0,EU,IT,IT-25,Lonato (BS),no,,,,BSCEN,,,"Le Panizze, Aviosuperficie ""Le Panizze"", Campo di Volo ""Le Panizze""",,,,,,
319484.0,IT-0294,closed,Aviosuperficie di Lonato,45.394566,10.566931,,EU,IT,IT-25,Lonato (BS),no,,,,,http://www.eroma-fly.it/,,"Eroma, BSLON",,,,,,
319487.0,IT-0295,heliport,Air Service Center,45.06828,9.37491,,EU,IT,IT-25,Arena di Po (PV),no,,,,,http://www.airservicecenter.it,,,,,,,,
319488.0,IT-0296,closed,Elio Zambrini Airfield,44.432333,11.71815,,EU,IT,IT-45,Imola (BO),no,,,,,,,"BO03, Campo di Volo Elio Zambrini",,,,,,
319489.0,IT-0297,small_airport,Ali della Libertà Airfield,44.516167,11.100083,,EU,IT,IT-45,Bazzano (BO),no,,,,BOBAZ,,,"Campo di Volo ""Ali della Libertà""",,,,,,
319490.0,IT-0298,small_airport,Phoenix Airfield,44.74714,11.34161,39.0,EU,IT,IT-45,Pieve di Cento (BO),no,,,,BO12,,,Campo di Volo Phoenix,,,,,,
319491.0,IT-0299,small_airport,Creva Air Club Airfield,44.737333,11.183633,29.0,EU,IT,IT-45,Crevalcore (BO),no,,,,BO14,,,"Campo di Volo ""Creva Air Club""",,,,,,
319492.0,IT-0300,small_airport,Punto Volo Airfield,45.437917,9.607472,301.0,EU,IT,IT-25,Torlino Vimercata (CR),no,,,,CR06,,,"Campo di Volo Punto Volo, Scuola Volo Torlino",,,,,,
319496.0,IT-0301,small_airport,Agriturismo Turus Airfield,45.923709,13.541016,177.0,EU,IT,IT-36,Mossa (GO),no,,,,GOMOS,,,Campo di Volo Mossa,,,,,,
319499.0,IT-0302,small_airport,AS77 Airfield,45.961084,13.204394,,EU,IT,IT-36,Mortegliano (UD),no,,,,UD20,,,Aviosuperficie AS77,,,,,,
319500.0,IT-0303,small_airport,La Fattoria Airfield,45.291762,12.075799,6.0,EU,IT,IT-34,Codevigo (PD),no,,,,PD07,,,"Campo di Volo ""La Fattoria""",,,,,,
319502.0,IT-0304,small_airport,Base Bravo Airfield,45.392864,11.692645,45.0,EU,IT,IT-34,Cervarese Santa Croce (PD),no,,,,PD13,,,Aviosuperficie Base Bravo,,,,,,
319504.0,IT-0305,small_airport,Da Domenico Airfield,45.233379,11.797942,13.0,EU,IT,IT-34,San Cosma (PD),no,,,,PD14,,,"Campo di Volo ""Da Domenico""",,,,,,
319506.0,IT-0306,small_airport,Padova Sud Airfield,45.325086,11.872916,21.0,EU,IT,IT-34,Maserà di Padova (PD),no,,,,PDMAS,,,"Padova Sud, Campo di Volo Padova Sud, Aviosuperficie Padova Sud, Padua South",,,,,,
319509.0,IT-0308,closed,"Campo di Volo ""Le Risare""",45.574906,11.84464,78.0,EU,IT,IT-34,Campo San Martino (PD),no,,,,,,,"Le Risare, PDCSM",,,,,,
319511.0,IT-0309,small_airport,"Aviosuperficie ""Avioclub Alanno""",42.31458,14.000913,383.0,EU,IT,IT-65,Alanno (PE),no,,,,PE04,,,"La porta delle Aquile,Avioclub Alanno",,,,,,
319513.0,IT-0310,small_airport,"Campo di Volo ""Avioclub Elice""",42.49048,13.995545,262.0,EU,IT,IT-65,Elice (PE),no,,,,PEELI,,,"PE05, Avioclub Elice",,,,,,
319517.0,IT-0311,small_airport,Campo di Volo Bonsciano,43.355854,12.193534,882.0,EU,IT,IT-55,Bonsciano (PG),no,,,,PGBON,,,,,,,,,
319519.0,IT-0312,small_airport,San Terenziano Airfield,42.85723,12.473179,1679.0,EU,IT,IT-55,Gualdo Cattaneo (PG),no,,,,PGSTR,,,Campo di Volo San Terenziano,,,,,,
319522.0,IT-0313,small_airport,Santa Maria Rossa Airfield,43.024026,12.387359,570.0,EU,IT,IT-55,Santa Maria Rossa (PG),no,,,,PGSMR,,,,,,,,,
319524.0,IT-0314,small_airport,Campo di Volo Montefalco,42.885358,12.693324,695.0,EU,IT,IT-55,Montefalco (PG),no,,,,PGMFA,,,,,,,,,
319527.0,IT-0315,small_airport,Molinella Airfield,43.122501,12.206919,790.0,EU,IT,IT-55,Magione (PG),no,,,,PGMAC,,,Campo di Volo Molinella,,,,,,
319557.0,IT-0316,closed,Campo di Volo Palosco,45.600679,9.821166,547.0,EU,IT,IT-25,Palosco (BG),no,,,,,,,BGPAL,,,,,,
319559.0,IT-0317,small_airport,Fant Air Club Airfield,46.085023,12.068712,925.0,EU,IT,IT-34,Santa Giustina (BL),no,,,,BLSGS,http://www.clubfantair.com/index1.htm,,"Campo volo Fant Air Club, Campo volo Santa Giustina",,,,,,
319561.0,IT-0318,closed,Sedico Airfield,46.091613,12.089596,961.0,EU,IT,IT-34,Sedico (BL),no,,,,,,,"BL11, Campo di Volo Sedico",,,,,,
319566.0,IT-0319,small_airport,San Paolo Airfield,45.378663,10.037792,131.0,EU,IT,IT-25,Scarpizzolo (BS),no,,,,BSSCR,,,Campo di Volo San Paolo,,,,,,
319593.0,IT-0320,small_airport,AliMatese Airfield,41.323638,14.363949,370.0,EU,IT,IT-72,Alife (CE),no,,,,CEALI,,,Campo di Volo AliMatese,,,,,,
319595.0,IT-0321,small_airport,Vasto Flying Field,42.155381,14.699362,197.0,EU,IT,IT-65,Vasto (CH),no,,,,CHVAS,,,"CH01, Associazione Sportiva Volo Vasto, Campo di Volo Vasto",,,,,,
319607.0,IT-0322,small_airport,Aerlight Faenza Airfield,44.334746,11.930103,52.0,EU,IT,IT-45,Faenza (RA),no,,,,RA01,,https://it.wikipedia.org/wiki/Campo_di_volo_Aerlight_Faenza,Aerlight,,,,,,
319609.0,IT-0323,small_airport,Vallegaffaro Airfield,44.834414,12.231261,1.0,EU,IT,IT-45,Volano (FE),no,,,,FEVGA,http://www.volodelta2000.net/,,"Valle Gaffaro, Volo Delta 2000, Aviosuperficie Valle Gaffaro",,,,,,
319612.0,IT-0324,small_airport,Borgo Castelvecchio Airfield,43.012021,11.733956,1007.0,EU,IT,IT-52,Radicofani (SI),no,,,,SI06,http://www.borgodicastelvecchio.com/offerte-speciali.html#offerte_1,,Aviosuperficie Borgo Castelvecchio,,,,,,
319625.0,IT-0325,small_airport,Curtatone City San Silvestro Airfield,45.101547,10.7492,68.0,EU,IT,IT-25,Curtatone (MN),no,,,,MNSSV,,,"Aeroclub Mantova, Aviosuperficie Città di Curtatone - San Silvestro",,,,,,
319627.0,IT-0326,closed,Zagavia Airfield,45.359762,10.65676,512.0,EU,IT,IT-25,Monzambano (MN),no,,,,,,,"Campo di Volo Zagavia, MNMON",,,,,,
319628.0,IT-0327,small_airport,Mantova Nord Airfield,45.172182,10.858224,75.0,EU,IT,IT-25,San Giorgio (MN),no,,,,MNMNN,,,Campo di Volo Mantova Nord,,,,,,
319630.0,IT-0328,small_airport,Că Mantovane Airfield,45.239484,10.889615,111.0,EU,IT,IT-25,Că Mantovane (MN),no,,,,MN13,,,"Campo di Volo Că Mantovane, Campo di Volo Roverbella, Roverbella",,,,,,
319632.0,IT-0329,closed,Aviosuperficie Settefrati,45.201775,10.662813,,EU,IT,IT-25,Rivalta sul Mincio (MN),no,,,,,http://www.cortesettefrati.it,,"MN21, MN21",,,,,,
319638.0,IT-0330,small_airport,"Campo di Volo ""Condor Men""",43.224706,13.329554,629.0,EU,IT,IT-57,Tolentino (MC),no,,,,MCTOL,,,Condor Men,,,,,,
319641.0,IT-0331,small_airport,Aviosuperficie Santa Anna,43.366053,13.457496,393.0,EU,IT,IT-57,Montecassiano (MC),no,,,,MCMSA,,,Santa Ann,,,,,,
319643.0,IT-0332,small_airport,Campo di Volo Ali del Chienti,43.260263,13.518618,390.0,EU,IT,IT-57,Corridonia (MC),no,,,,MCCOR,,,Ali del Chienti,,,,,,
319645.0,IT-0333,small_airport,AliPuglia Airfield,40.474421,17.609926,344.0,EU,IT,IT-75,Oria (BR),no,,,,BRORI,,,"BR04, Ali Puglia, Campo di Volo AliPuglia",,,,,,
319647.0,IT-0334,small_airport,Antares Aeroclub Brindisi Airfield,40.503697,17.964934,167.0,EU,IT,IT-75,San Pietro Vernotico (BR),no,,,,BRSPV,,,"BR05, Aeroclub Brindisi, Aviosuperficie Antares",,,,,,
319648.0,IT-0335,small_airport,Base Aerea Molise,41.474462,14.537457,1669.0,EU,IT,IT-67,Campochiaro (CB),no,,,,CB05,,,Protezione Civile Molise,,,,,,
319656.0,IT-0336,small_airport,Aviosuperficie Loelle,40.5701667,9.3173667,2598.0,EU,IT,IT-88,Buddusò (SS),no,,,,SS09,,,Loelle,,,,,,
319659.0,IT-0337,small_airport,Campo di Volo Valledoria,40.929768,8.812227,29.0,EU,IT,IT-88,Valledoria (SS),no,,,,SS04,,,,,,,,,
319663.0,IT-0338,small_airport,Pista Vasa Airfield,41.046634,8.997749,600.0,EU,IT,IT-88,Trinità d'Agultu e Vignola (SS),no,,,,SS16,,,Campo di Volo Pista Vasa,,,,,,
319670.0,IT-0339,small_airport,Gli Aironi Airfield,44.462771,11.789613,22.0,EU,IT,IT-45,Sesto Imolese (BO),no,,,,RA07,,,"Campo di Volo ""Gli Aironi""",,,,,,
319672.0,IT-0340,small_airport,Delta Club Conselice Airfield,44.541928,11.792177,9.0,EU,IT,IT-45,Conselice (RA),no,,,,RA09,,,"Campo di Volo ""Delta club Conselice"", Campotto Volo Guardinghi",,,,,,
319682.0,IT-0341,small_airport,Oasi Airfield,45.696556,8.826948,980.0,EU,IT,IT-25,Cassano Magnago (VA),no,,,,VACMO,http://www.agri-oasi.it,,Campo di Volo Oasi,,,,,,
319684.0,IT-0342,small_airport,Aviosuperficie Umiltà,42.192111,12.331621,787.0,EU,IT,IT-62,Nepi (VT),no,,,,VT15,,,Umiltà,,,,,,
319686.0,IT-0343,small_airport,Aviosuperficie Santa Bruna,42.382873,12.344158,859.0,EU,IT,IT-62,Corchiano (VT),no,,,,VTCOR,http://www.agriturismosantabruna.it,,Santa Bruna,,,,,,
319688.0,IT-0344,small_airport,Campo di Volo Poggio Primavera,42.366412,11.796702,485.0,EU,IT,IT-62,Tuscania (VT),no,,,,VT07,,,Poggio Primavera,,,,,,
319690.0,IT-0345,small_airport,Campo di Volo Montalto di Castro,42.362738,11.656572,49.0,EU,IT,IT-62,Montalto di Castro (VT),no,,,,VTMDC,,,,,,,,,
319692.0,IT-0346,small_airport,Aviosuperficie San Teodoro,40.802484,9.65839,3.0,EU,IT,IT-88,San Teodoro (OT),no,,,,OTSTE,http://www.santeodoroulm.it,,Lu Scupaglio,,,,,,
319716.0,IT-0347,closed,Campo di Volo Rovellasca,45.675833,9.064444,,EU,IT,IT-25,Rovellasca (MB),no,,,,,http://alroccolo.it/servizi/,,"Al Roccolo,Piolanti, Fattoria Piolanti",,,,,,
319717.0,IT-0348,closed,Aviosuperficie Cà Lunga,44.520924,8.188011,1175.0,EU,IT,IT-21,Pezzolo Valle Uzzone (CN),no,,,,,,,"CNPEZ, CNPEZ",,,,,,
319727.0,IT-0349,closed,Verginese Airfield,44.690633,11.762535,,EU,IT,IT-45,Portomaggiore (FE),no,,,,,,,"FEPMA, Campo di Volo Verginese",,,,,,
319728.0,IT-0350,small_airport,Fly and Go Airfield,41.344754,15.526474,416.0,EU,IT,IT-75,Foggia (FG),no,,,,FGPAL,,,"FG03, Ponte Albanito, Campo di Volo ""Fly and Go""",,,,,,
319730.0,IT-0351,small_airport,Vivoli Airfield,42.992623,10.806329,196.0,EU,IT,IT-52,Massa Marittima (GR),no,,,,GRMSM,,,"Podere Ranieri, Vivoli",,,,,,
319736.0,IT-0352,small_airport,Aviosuperficie Aviodelta,44.706594,10.249517,524.0,EU,IT,IT-45,Felino (PR),no,,,,PRFEL,,,Aviodelta,,,,,,
319738.0,IT-0353,small_airport,Campo di Volo Campore,44.827864,10.010782,459.0,EU,IT,IT-45,Salsomaggiore Terme (PR),no,,,,PR02,,,Campore,,,,,,
319741.0,IT-0354,small_airport,La Torretta Airfield,44.993187,10.0599,118.0,EU,IT,IT-45,Busseto (PR),no,,,,PRBUS,,,Campo di Volo La Torretta,,,,,,
319743.0,IT-0355,small_airport,Aviosuperficie Vallesanta,42.427317,12.805221,1246.0,EU,IT,IT-62,Rieti (RI),no,,,,RIVAL,http://vallesanta.it,,Vallesanta,,,,,,
319745.0,IT-0356,small_airport,Giardini di Corcolle Airfield,41.900476,12.741902,324.0,EU,IT,IT-62,Roma,no,,,,RMGDC,,,Giardini di Corcolle,,,,,,
319752.0,IT-0357,small_airport,"Campo di Volo ""Air Ardara""",40.625979,8.868129,734.0,EU,IT,IT-88,Ardara (SS),no,,,,SSARD,http://www.flyardara.netsons.org,,,,,,,,
319757.0,IT-0358,small_airport,Cornegliano Airfield,45.288819,9.491562,,EU,IT,IT-25,Cornegliano Laudense (LO),no,,,,LO03,,,"Aviosuperficie Cornegliano, Club Fly Valenti",,,,,,
319758.0,IT-0359,small_airport,Massalengo Airfield,45.275425,9.482934,239.0,EU,IT,IT-25,Massalengo (LO),no,,,,LO04,,,"Cielo Blu, Aviosuperficie Massalengo",,,,,,
319760.0,IT-0360,small_airport,Mezzana Casati Airfield,45.098258,9.735884,141.0,EU,IT,IT-25,San Tommaso (LO),no,,,,LO05,,,"Cascina San Tommaso, Mezzana Casati, Campo di Volo Mezzana Casati",,,,,,
319801.0,IT-0361,closed,Villa Fontana Airfield,44.51585,11.59218,56.0,EU,IT,IT-45,Medicina (BO),no,,,,,,,"Aviosuperficie Villa Fontana, BOMED",,,,,,
319805.0,IT-0362,small_airport,Gragnano Airfield,45.0,9.581999,285.0,EU,IT,IT-45,Casaliggio di Gragnano (PC),no,,,,PCGRA,,,"Aeroclub Piacenza, Aviosuperficie Gragnano",,,,,,
319806.0,IT-0363,closed,Il Gabbione Airfield,44.50326,11.81415,9.0,EU,IT,IT-45,Conselice (RA),no,,,,,,,Aviosuperficie Il Gabbione,,,,,,
319808.0,IT-0364,small_airport,Aviosuperficie Aretusa Fly,37.03741,15.09536,1012.0,EU,IT,IT-82,Canicattini Bagni,no,,,,,,,,,,,,,
319810.0,IT-0365,small_airport,Aviosuperficie Chiusa-Zerfaliu,39.989504,8.723266,190.0,EU,IT,IT-88,Zerfaliu,no,,,,,,,,,,,,,
319837.0,IT-0366,small_airport,Bedizzole Airfield,45.51851,10.449577,623.0,EU,IT,IT-25,Bedizzole (BS),no,,,,BSBED,,,"Aviosuperficie Bedizzole, Calvagese, Silvio Scaroni",,,,,,
319839.0,IT-0367,small_airport,Bosco di Mezzo Airfield (CTCAL),37.1523,14.59928,1306.0,EU,IT,IT-82,Caltagirone (CT),no,,,,CT13,,,Bosco di Mezzo,,,,,,
319842.0,IT-0368,small_airport,"Aviosuperficie ""Amici del Volo""",41.676997,13.74285,1217.0,EU,IT,IT-62,Alvito (FR),no,,,,FR09,,,Amici del Volo,,,,,,
319854.0,IT-0369,small_airport,Volo Leggero Airfield,45.261776,11.192901,62.0,EU,IT,IT-34,Casalino Isola Rizza (VR),no,,,,VRCAS,,,"Campo di Volo ""Ass.Sp.Volo Leggero""",,,,,,
319917.0,IT-0370,small_airport,Pica Airfield,42.696389,13.916985,246.0,EU,IT,IT-65,Notaresco (TE),no,,,,TENOT,,,"TE01, Aviosuperficie Pica, Campo di Volo Pica",,,,,,
319924.0,IT-0371,small_airport,Ca' Quinta di Sarego Airfield,45.432833,11.383333,114.0,EU,IT,IT-34,Sarego (VI),no,,,,VISAR,,,Campo di Volo Ca' Quinta di Sarego,,,,,,
319926.0,IT-0372,small_airport,San Mauro Airfield,46.068333,13.366883,351.0,EU,IT,IT-36,Premariacco (UD),no,,,,UDPRE,,,"Aviosuperficie ""San Mauro""",,,,,,
319952.0,IT-0373,small_airport,Serristori Airfield,43.332567,11.857861,859.0,EU,IT,IT-52,Castiglion Fiorentino (AR),no,,,LIQQ,AR04,http://www.centroserristori.it,https://it.wikipedia.org/wiki/Aviosuperficie_Serristori,"Serristori, Centro di volo Serristori, Aviosuperficie Serristori",,,,,,
319954.0,IT-0374,small_airport,Asolo Flight Airfield,45.758333,11.896111,252.0,EU,IT,IT-34,Asolo (TV),no,,,,TVASO,,,"Campo di Volo ""Asolo Flight""",,,,,,
319956.0,IT-0375,small_airport,San Marco Volo Airfield,45.771043,11.996559,348.0,EU,IT,IT-34,Caerano San Marco (TV),no,,,,TVCAE,https://www.qnhfly.com/en/airfield/272/aviosuperficie-san-marco-volo,,"TV05, Campo di Volo ""San Marco Volo""",,,,,,
319958.0,IT-0376,small_airport,Montebelluna Airfield,45.748181,12.057152,275.0,EU,IT,IT-34,Montebelluna (TV),no,,,,TVMBL,,,Aviosuperficie Montebelluna,,,,,,
319975.0,IT-0377,small_airport,Club Deltasport Airfield,44.653559,10.991591,,EU,IT,IT-45,Castelfranco Emilia (MO),no,,,,MOGAG,,,"Gaggio di Piano, Campo di Volo ""Club Deltasport"", MO04",,,,,,
319977.0,IT-0378,small_airport,Ala Jonica Airfield,37.9371,15.320702,235.0,EU,IT,IT-82,Sant'Alessio Siculo (ME),no,,,,MESAL,,,Campo di Volo Ala Jonica,,,,,,
319978.0,IT-0379,small_airport,Rosangeles Airfield,45.362976,9.017057,360.0,EU,IT,IT-25,Rosate (MI),no,,,,MIROS,,,"Aviosuperficie Rosangeles, Cascina Rota",,,,,,
319980.0,IT-0380,small_airport,Ulcor Airfield,39.9787,8.6792,157.0,EU,IT,IT-88,Solarusa (OR),no,,,,ORSOL,,,Campo di Volo A.S. Ulcor,,,,,,
319981.0,IT-0381,small_airport,Campo di Volo Vallermosa,39.3561,8.7919,235.0,EU,IT,IT-88,Vallermosa (CA),no,,,,CAVAL,,,,,,,,,
319983.0,IT-0382,small_airport,Faco Fly,39.894733,18.189937,323.0,EU,IT,IT-75,Ugento (LE),no,,,,LEUGN,,,"LE05, Campo di Volo Gemini, Campo Volo Faco Fly, Faco Fly",,,,,,
319993.0,IT-0383,small_airport,Campo di Volo Giovanni Zaccini,41.560349,13.34412,492.0,EU,IT,IT-62,Ceccano (FR),no,,,,FRCCC,,,Giovanni Zaccini,,,,,,
319995.0,IT-0384,small_airport,Il Grifo Airfield,41.671186,13.278646,,EU,IT,IT-62,Ferentino (FR),no,,,,FRFEG,,,"Campo di Volo ""Il Grifo""",,,,,,
319996.0,IT-0385,small_airport,Rains Airfield,41.146,14.338803,97.0,EU,IT,IT-72,Caiazzo (CE),no,,,,CECZZ,,,Campo di Volo Rains,,,,,,
319999.0,IT-0386,closed,Volo Club Falchi Grigi,41.9101,16.0993,98.0,EU,IT,IT-75,Vieste (FG),no,,,,,,,,,,,,,
320006.0,IT-0387,small_airport,Aviosuperficie Delfina,42.842934,12.734494,708.0,EU,IT,IT-55,Trevi (PG),no,,,,PGTRE,http://www.scuoladivolo.com,,"Delfina, AvioClub Trevi",,,,,,
320009.0,IT-0388,small_airport,Panicarola Airfield,43.064444,12.100556,902.0,EU,IT,IT-55,Panicale (PG),no,,,,PGPNC,,,"Aviosuperficie Panicarola, Panicale",,,,,,
320011.0,IT-0389,closed,"Aviosuperficie ""Bore di Chienti""",43.261156,13.563302,200.0,EU,IT,IT-57,Corridonia (MC),no,,,,,,,"Armando di Tullio, MCBDC",,,,,,
320020.0,IT-0390,small_airport,Delta Top Pegaso Airfield,42.224206,11.7948,351.0,EU,IT,IT-62,Tarquinia (VT),no,,,,VTTAA,,,Delta Top Pegaso,,,,,,
320022.0,IT-0391,small_airport,Tarquinia San Giorgio Airfield,42.192687,11.724573,1.0,EU,IT,IT-62,Tarquinia (VT),no,,,,VTTAB,,,San Giorgio,,,,,,
320025.0,IT-0392,small_airport,Montemelino Airfield,43.102464,12.254116,731.0,EU,IT,IT-55,Magione (PG),no,,,,PGMAG,,,"Montemelino, Umbria Volo, Aviosuperficie Montemelino",,,,,,
320040.0,IT-0393,closed,Ali sul Graticolato Airfield,45.558333,11.973889,59.0,EU,IT,IT-34,Camposanpiero (PD),no,,,,,,,"Graticolato, Aviosuperficie ""Ali sul Graticolato"", PD06",,,,,,
320042.0,IT-0394,small_airport,Punta Ala Airfield,42.841916,10.82346,105.0,EU,IT,IT-52,Tirli (GR),no,,,,GRALA,,,,,,,,,
320066.0,IT-0395,small_airport,Collina Airfield,43.988371,11.389562,951.0,EU,IT,IT-52,Borgo San Lorenzo (FI),no,,,,FI03,,,Aviosuperficie Collina,,,,,,
320068.0,IT-0396,closed,Dedalo Airfield,42.92801,10.840792,,EU,IT,IT-52,Scarlino (GR),no,,,,,,,"Dedalo, GRSCR",,,,,,
320070.0,IT-0397,small_airport,Ali Friuli Airfield,46.056493,13.426248,370.0,EU,IT,IT-36,Cividale del Friuli (UD),no,,,,UDCIV,,,Campo di Volo Ali Friuli,,,,,,
320080.0,IT-0398,small_airport,Aviosuperficie Amici dell'Aria,39.327868,9.146871,472.0,EU,IT,IT-88,Settimo San Pietro (CA),no,,,,CASET,,,Amici dell'Aria,,,,,,
320084.0,IT-0399,small_airport,Campo di Volo Aliveneta,45.250934,11.036059,75.0,EU,IT,IT-34,Isola della Scala (VR),no,,,,VRSGA,,,Aliveneta,,,,,,
320100.0,IT-0400,small_airport,Ali del Brenta Airfield,45.157127,12.110758,1.0,EU,IT,IT-34,Cavarzere (VE),no,,,,VECAV,,,"Cavaliere d'Italia, Campo di Volo Ali del Brenta",,,,,,
320102.0,IT-0401,closed,Gli Acquilotti Airfield,45.13805,12.233941,1.0,EU,IT,IT-34,Chioggia (VE),no,,,,,,,"Campo di Volo Gli Acquilotti, VECHI",,,,,,
320104.0,IT-0402,small_airport,Al Ranch Airfield,45.923428,13.035592,,EU,IT,IT-36,Bertiolo (UD),no,,,,UDBER,,,"Campo di Volo ""Al Ranch""",,,,,,
320105.0,IT-0403,small_airport,Always Airfield,46.133883,13.278224,344.0,EU,IT,IT-36,Povoletto (UD),no,,,,UDPOV,,,Campo di Volo Always,,,,,,
320107.0,IT-0404,closed,I Grifoni Airfield,45.910358,13.371978,95.0,EU,IT,IT-36,Nogaredo al Torre (UD),no,,,,,,,"Campo di Volo I Grifoni, Campo Volo Nogaredo, UDSVT",,,,,,
320109.0,IT-0405,small_airport,Chiasiellis Airfield,45.944928,13.208403,118.0,EU,IT,IT-36,Chiasiellis (UD),no,,,,UDMOR,,,Aviosuperficie Chiasiellis,,,,,,
320111.0,IT-0406,small_airport,Fly Synthesis Airfield,45.968667,13.23355,167.0,EU,IT,IT-36,Mortegliano (UD),no,,,,UDFLY,,,"Campo di Volo Fly Synthesis, Lavariano",,,,,,
320126.0,IT-0407,small_airport,Fly Evolution Flying Field,45.981982,13.306923,187.0,EU,IT,IT-36,Pavia di Udine (UD),no,,,,UDPAV,http://www.sgflyevolution.it,,"Fly Evolution, Campo di Volo Fly Evolution",,,,,,
320128.0,IT-0408,small_airport,Pranovi Airfield,45.371835,12.037153,1.0,EU,IT,IT-34,Fossò (VE),no,,,,VEFOS,,,Campo di Volo Pranovi,,,,,,
320155.0,IT-0409,small_airport,"Campo di Volo ""Maraclub Icamar""",39.278216,9.25674,288.0,EU,IT,IT-88,Maracalagonis,no,,,,CAMAR,http://www.maraclub.it,,"Maraclub,Icamar",,,,,,
320158.0,IT-0410,small_airport,SCUV Aero Club Valdarno Airfield,43.528658,11.474759,1131.0,EU,IT,IT-52,Cavriglia (AR),no,,,,ARCVP,,,"SCUV, Valle al Pero, Aviosuperficie Aero Club Valdarno S.C.U.V.",,,,,,
320159.0,IT-0411,small_airport,Massimo Costa Airfield,43.092657,10.556215,111.0,EU,IT,IT-52,San Vincenzo (LI),no,,,,LISVN,,,"Campo di Volo Massimo Costa, Sky Sports Europe",,,,,,
320165.0,IT-0412,closed,Condor Airfield,42.969167,10.619722,10.0,EU,IT,IT-52,Piombino (LI),no,,,,,,,"Condor, LI08",,,,,,
320166.0,IT-0413,small_airport,Aviosuperficie del Parteolla,39.400471,9.139151,433.0,EU,IT,IT-88,Serdiana,no,,,,CASER,http://skydivesardegna.it,,"Skydive Sardegna, Parteolla, CAOT",,,,,,
320167.0,IT-0414,small_airport,"Aviosuperficie ""La Tana del Volo""",39.269133,8.771811,272.0,EU,IT,IT-88,Siliqua (CA),no,,,,CASIL,http://www.latanadelvolo.it/,,La Tana del Volo,,,,,,
320176.0,IT-0415,small_airport,Valeggio sul Mincio Airfield,45.317432,10.708423,,EU,IT,IT-34,Valeggio sul Mincio (VR),no,,,,VRVAL,,,"Campo di Volo Scaligero, Campo Volo di Valeggio Sul Mincio, Scaligero",,,,,,
320177.0,IT-0416,small_airport,Arcadia Airfield,45.500837,10.789056,,EU,IT,IT-34,Pastrengo (VR),no,,,,VR15,,,"Arcadia, Aviosuperficie Arcadia",,,,,,
320178.0,IT-0417,closed,Aviosuperficie Coraine,45.588562,10.755719,,EU,IT,IT-34,Caprino Veronese (VR),no,,,,,,,"Coraine, VR16",,,,,,
320187.0,IT-0418,heliport,Marradi Fire Brigade Helipad,44.089273,11.634656,,EU,IT,IT-52,Marradi (FI),no,,,,,,,,,,,,,
320195.0,IT-0419,small_airport,San Sisto di Poviglio Airfield,44.847142,10.505501,98.0,EU,IT,IT-45,Poviglio (RE),no,,,,REPOV,,,"San Sisto, Campo di Volo San Sisto",,,,,,
320197.0,IT-0420,small_airport,Top Gun Airfield,44.682302,10.568648,259.0,EU,IT,IT-45,Coviolo (RE),no,,,,RECAV,,,"Campo di Volo Top Gun, Cavriago",,,,,,
320204.0,IT-0421,closed,Volo Libero Carnia Airfield,46.524053,13.004055,,EU,IT,IT-36,Paluzza (UD),no,,,,,,,"Campo di Volo ""Volo Libero Carnia"", UDCER",,,,,,
320205.0,IT-0422,closed,Pajaro Loco Airfield,45.867979,12.792206,197.0,EU,IT,IT-36,Sesto al Reghena (PN),no,,,,,,,"Pajaro Loco, Campo di Volo Pajaro Loco",,,,,,
320209.0,IT-0423,small_airport,Bracciano Air Base,42.0822,12.07459,,EU,IT,IT-62,Bracciano,no,,,,,,,"Oscar Savini, IDRA, LIIE",,,,,,
320222.0,IT-0424,closed,Mascioni Airfield,45.899167,8.71735,898.0,EU,IT,IT-25,Cuvio (VA),no,,,,,,,"Aviosuperficie Mascioni, Umberto Mascioni, VACUV, VA05",,,,,,
320224.0,IT-0425,small_airport,Aeroteam Airfield,45.436236,8.577373,,EU,IT,IT-21,Casalgiate (NO),no,,,,,http://www.aeroteam.it,,Aeroteam Novara,,,,,,
320233.0,IT-0426,small_airport,Rivoli Tetti Neirotti Airfield,45.046818,7.536461,1000.0,EU,IT,IT-21,Rivoli (TO),no,,,,TO25,,,,,,,,,
320234.0,IT-0427,small_airport,Andrea Bozzo Airfield,44.863742,7.407068,984.0,EU,IT,IT-21,Pinerolo Buriasco (TO),no,,,,TO13,,,Campo di Volo Andrea Bozzo,,,,,,
320242.0,IT-0428,small_airport,La Canonica Airfield,45.635467,12.340599,,EU,IT,IT-34,Cendon di Silea (TV),no,,,,TVCEN,,,"Campo di Volo ""La Canonica""",,,,,,
320243.0,IT-0429,small_airport,Albatros Airfield,45.770727,12.244068,164.0,EU,IT,IT-34,Spresiano (TV),no,,,,TVSPR,,,"Aviosuperficie Albatros, Campo di Volo Albatros",,,,,,
320244.0,IT-0430,small_airport,Dream Fly Airfield,45.930381,12.257512,,EU,IT,IT-34,Vittorio Veneto (TV),no,,,,TVVTV,,,Campo di Volo Dream Fly,,,,,,
320245.0,IT-0431,small_airport,Butterfly 2 Airfield,45.85255,12.45734,52.0,EU,IT,IT-34,Codognè (TV),no,,,,TVCOD,,,"Butterfly, Campo di Volo ""Butterfly 2""",,,,,,
320254.0,IT-0432,closed,"Aviosuperficie ""Val Vibrata 2""",42.80427,13.794678,433.0,EU,IT,IT-65,Sant'Omero (TE),no,,,,,,,"Val Vibrata, TE03",,,,,,
320268.0,IT-0433,closed,Deltaland Airfield,44.8714,10.9807,46.0,EU,IT,IT-45,San Possidonia (MO),no,,,,,,,"Aviosuperficie Deltaland, MOSPS",,,,,,
320277.0,IT-0434,small_airport,L'Airone Airfield,45.152733,8.655217,338.0,EU,IT,IT-25,Valle Lomellina (PV),no,,,,PVVLO,,,Campo di Volo L'Airone,,,,,,
320278.0,IT-0435,small_airport,Ali Fucecchio Airfield,43.751529,10.8078,,EU,IT,IT-52,Fucecchio (FI),no,,,,,,,"Aviosuperficie Ali Fucecchio, Aviosuperficie di Fucecchio",,,,,,
320279.0,IT-0436,small_airport,Aviosuperficie Antica Sardegna,39.270695,9.538871,206.0,EU,IT,IT-88,Castiadas (CA),no,,,,CA09,,,Antica Sardegna,,,,,,
320298.0,IT-0437,small_airport,Aviosuperficie Santo Stefano,42.072262,12.2628,725.0,EU,IT,IT-62,Anguillara Sabazia (RM),no,,,,RMANG,http://www.touchandgo.it,,Santo Stefano,,,,,,
320318.0,IT-0438,small_airport,AliLafer Airfield,45.033682,9.791865,147.0,EU,IT,IT-45,Piacenza (PC),no,,,,PCBOR,,,"Ali Lafer, Campo di Volo AliLafer",,,,,,
320353.0,IT-0439,small_airport,Aviosuperficie Tucano,42.1324,12.6263,75.0,EU,IT,IT-62,Fiano Romano (RM),no,,,,RMFRM,http://www.aeroclubtucano.com/,,Tucano,,,,,,
320363.0,IT-0440,small_airport,Aviosuperficie Grecciano,43.628814,10.482438,6.0,EU,IT,IT-52,Grecciano (LI),no,,,,LIGRE,,,Grecciano,,,,,,
320364.0,IT-0441,closed,Campiglia Airfield,43.019437,10.594659,16.0,EU,IT,IT-52,Venturina Terme (LI),no,,,,,,,"Campiglia, Venturina, LI11",,,,,,
320370.0,IT-0442,small_airport,"Campo di Volo ""Air Country""",42.806283,13.785007,456.0,EU,IT,IT-65,Sant'Omero (TE),no,,,,TESOM,,,"TE07, Air Country",,,,,,
320380.0,IT-0443,small_airport,Costa del Monte Flying Field,42.733207,13.891703,498.0,EU,IT,IT-65,Mosciano Sant'Angelo (TE),no,,,,TEMSA,,,"TE02, Costa del Monte, Mosciano, Campo di Volo ""Costa del Monte""",,,,,,
320381.0,IT-0444,small_airport,Roma East Airfield,41.914691,12.769538,387.0,EU,IT,IT-62,Roma,no,,,,RM33,,,"Roma Est, Corcolle",,,,,,
320382.0,IT-0445,small_airport,Santarcangelo Airfield,44.030537,12.426701,210.0,EU,IT,IT-45,Santarcangelo di Romagna (RN),no,,,,RNSAR,http://www.aviosuperficiesantarcangelo.it,,Santarcangelo di Romagna,,,,,,
320383.0,IT-0446,closed,Policoro Airfield,40.170967,16.6628,,EU,IT,IT-77,Policoro (MT),no,,,,,,,"MTPOL, Campo di Volo Policoro",,,,,,
320384.0,IT-0447,small_airport,Policoro Saline Flying Field,40.216161,16.731721,,EU,IT,IT-77,Policoro (MT),no,,,,MT05,,,"Saline, Policoro, Campo di Volo Policoro ""Saline""",,,,,,
320415.0,IT-0448,small_airport,Campo di Volo MedFly,37.1055,14.220061,85.0,EU,IT,IT-82,Gela (CL),no,,,,CL06,,,MedFly,,,,,,
320417.0,IT-0449,small_airport,Campo di Volo Club Aeronautico Gela,37.11314,14.18929,,EU,IT,IT-82,Gela (CL),no,,,,,,,Club Aeronautico Gela,,,,,,
320438.0,IT-0450,small_airport,"Campo di Volo ""Palazzone di Narni""",42.536609,12.553635,360.0,EU,IT,IT-55,Narni (TR),no,,,,TR02,,,,,,,,,
320439.0,IT-0451,small_airport,Campo di Volo Calledro,42.464848,12.428715,190.0,EU,IT,IT-55,Narni (TR),no,,,,TR06,,,Calledro,,,,,,
320441.0,IT-0452,small_airport,ARMA Airfield,41.464419,12.746515,59.0,EU,IT,IT-62,Nettuno (RM),no,,,,RMNET,,,"RM03, Aviosuperficie ARMA",,,,,,
320451.0,IT-0453,small_airport,Aviosuperficie Roma-Nord,42.119945,12.604453,78.0,EU,IT,IT-62,Capena (RM),no,,,,,,,"Roma-Nord, RMCAP",,,,,,
320452.0,IT-0454,small_airport,Fly Roma Airfield,41.884894,12.718286,190.0,EU,IT,IT-62,Montecompatri (RM),no,,,,RMOSA,http://www.flyromaschool.it,,"Aviosuperficie Fly Roma, Paracentro Roma",,,,,,
320461.0,IT-0455,small_airport,Campo di Volo Sangermano,41.991555,12.13791,337.0,EU,IT,IT-62,Cerveteri (RM),no,,,,RMCER,,,"Sangermano,ACLI",,,,,,
320468.0,IT-0456,small_airport,Alfina Airfield,42.739667,11.983333,1811.0,EU,IT,IT-55,Torre Alfina (TR),no,,,,TRSVS,,,"Aviosuperficie Alfina, Torre Alfina, Castelviscard",,,,,,
320469.0,IT-0457,small_airport,Aviosuperficie Ocria,42.427255,12.457864,147.0,EU,IT,IT-55,Otricolo/Orte,no,,,,TR09,,,,,,,,,
320504.0,IT-0458,closed,Naviglio Grande Airfield,45.397222,8.97,370.0,EU,IT,IT-25,Vermezzo (MI),no,,,,,,,"MIVER, Aviosuperficie Naviglio Grande",,,,,,
320505.0,IT-0459,small_airport,Valcesano Airfield,43.700078,13.073459,167.0,EU,IT,IT-57,Monte Porzio (PU),no,,,,PUVCS,,,Avio Club Fano,,,,,,
320527.0,IT-0460,small_airport,Pratello Airfield,43.55402,10.752517,173.0,EU,IT,IT-52,Peccioli (PI),no,,,,PIPRA,,,Pratello,,,,,,
320538.0,IT-0461,small_airport,Groane Airfield,45.56612,9.109705,,EU,IT,IT-25,Senago (MI),no,,,,MISEN,,,"Groane, Campo di Volo Groane, Scuola Volo AGVS",,,,,,
320539.0,IT-0462,small_airport,Cogliate Airfield,45.639743,9.065963,,EU,IT,IT-25,Cogliate (MI),no,,,,MICOG,,,Campo di Volo Cogliate,,,,,,
320555.0,IT-0463,small_airport,Pasiano Airfield,45.832273,12.593565,19.0,EU,IT,IT-36,Pasiano (PN),no,,,,PNPAS,,,Campo di Volo Pasiano,,,,,,
320556.0,IT-0464,small_airport,Cordovado Airfield,45.836519,12.892606,39.0,EU,IT,IT-36,Cordovado (PN),no,,,,PNCDV,,,Campo di Volo Cordovado,,,,,,
320592.0,IT-0465,closed,Albatros Airfield,43.754752,12.954763,164.0,EU,IT,IT-57,Colli al Metauro (PU),no,,,,,,,"PS01, Fiordiplano",,,,,,
320598.0,IT-0466,small_airport,Campo di Volo Amyclae,41.314204,13.345913,1.0,EU,IT,IT-62,Fondi (LT),no,,,,LTFON,,,"Amyclae,Red Baron",,,,,,
320599.0,IT-0467,small_airport,Campo di Volo Pontinia Eagles,41.372995,13.136783,,EU,IT,IT-62,Pontinia (LT),no,,,,LTPNT,,,,,,,,,
320600.0,IT-0468,small_airport,Campo di Volo Avio Pontina Fly,41.380947,13.180648,16.0,EU,IT,IT-62,Pontinia (LT),no,,,,LT07,,,Avio Pontina Fly,,,,,,
320629.0,IT-0469,small_airport,Aviosuperficie La Celsetta,42.121667,12.360556,722.0,EU,IT,IT-62,Campagnano (RM),no,,,,RMCMP,http://www.scuolavolare.it/,,La Celsetta,,,,,,
320630.0,IT-0470,small_airport,Valmontone Airfield,41.765562,12.864436,1158.0,EU,IT,IT-62,Valmontone (RM),no,,,,RM21,,,Valmontone,,,,,,
320681.0,IT-0471,small_airport,Aviocaipoli Airfield,41.891615,12.783311,558.0,EU,IT,IT-62,Gallicano nel Lazio (RM),no,,,,RMGAL,,,"Aviocaipoli, Nino Petrini",,,,,,
320682.0,IT-0472,small_airport,Leonardo da Vinci Airfield,45.288333,8.8,358.0,EU,IT,IT-25,Vigevano (PV),no,,,,PV02,,,"PV02, PVVGV, Aviosuperficie Leonardo da Vinci",,,,,,
320691.0,IT-0473,small_airport,Gallipoli Flying Field,40.015211,18.023823,1.0,EU,IT,IT-75,Gallipoli (LE),no,,,,LEGAL,,,"Gallipoli, Campo di Volo Gallipoli",,,,,,
320736.0,IT-0474,small_airport,Aviosuperficie Fiano Romano,42.1447222,12.6333333,98.0,EU,IT,IT-62,Fiano Romano (RM),no,,,,,,,,,,,,,
320737.0,IT-0475,small_airport,Aviosuperficie Corfinio,42.109588,13.84213,1181.0,EU,IT,IT-65,Corfinio (AQ),no,,,,AQCOR,,,AQ11,,,,,,
320806.0,IT-0476,small_airport,Carzago Riviera Airfield,45.516789,10.464759,639.0,EU,IT,IT-25,Calvagese della Riviera (BS),no,,,,BSCAR,http://www.sorlini.com/index.php?option=com_content&view=article&id=27&Itemid=154&lang=en,,"Aviosuperficie Carzago Riviera, Sorlini, Luciano Sorlini",,,,,,
320827.0,IT-0477,small_airport,Campo di Volo Delta Club,41.716433,13.094704,659.0,EU,IT,IT-62,Anagni (FR),no,,,,FRAGN,,,Delta Club Città dei Papi,,,,,,
320830.0,IT-0478,small_airport,Azzanello Airfield,45.293845,9.919281,159.0,EU,IT,IT-25,Azzanello (CR),no,,,,CRAZZ,,,"Sanel, Campo di Volo Azzanello",,,,,,
320842.0,IT-0479,small_airport,Aviosuperficie Ali Umbre,43.27045,12.7422267,,EU,IT,IT-55,Gualdo Tadino (PG),no,,,,PGGUA,,,,,,,,,
320847.0,IT-0480,small_airport,Sturaro Airfield,45.196389,12.068889,10.0,EU,IT,IT-34,Cona (VE),no,,,,,,,Campo di Volo Sturaro,,,,,,
320865.0,IT-0481,small_airport,I Quattro Cantoni Airfield,44.803056,11.138333,,EU,IT,IT-45,Camposanto (MO),no,,,,MOCAM,,,"Campo di Volo I Quattro Cantoni, I Quatar Canton",,,,,,
320867.0,IT-0482,small_airport,Campo di Volo Carzeto,44.96,10.1838889,20.0,EU,IT,IT-45,Soragna (PR),no,,,,PRSOR,,,,,,,,,
320872.0,IT-0483,small_airport,UFO Airfield,41.512595,13.283537,301.0,EU,IT,IT-62,Giuliano di Roma (FR),no,,,,FR07,,,Campo di Volo UFO,,,,,,
320898.0,IT-0484,closed,Squadra Avvoltoi Airfield,45.241525,11.004096,,EU,IT,IT-34,Isola della Scala (VR),no,,,,,,,"Campo di Volo Squadra Avvoltoi, VRISO",,,,,,
320899.0,IT-0485,closed,Cianpioppo Airfield,45.015766,10.509881,82.0,EU,IT,IT-34,Sabbioneta (MN),no,,,,,,,"Campo di Volo Cianpioppo, MNSAB",,,,,,
320920.0,IT-0486,closed,Campo di Volo Corbetta,44.807691,12.105863,6.0,EU,IT,IT-45,Codigoro (FE),no,,,,,,,"FECOD, FECOD",,,,,,
320921.0,IT-0487,small_airport,La Strozza Airfield,44.894653,11.669125,,EU,IT,IT-45,Francolino (FE),no,,,,FEFRA,http://www.agriturismolastrozza.it/,,"Campo di Volo La Strozza, Agriturismo La Strozza",,,,,,
321038.0,IT-0488,small_airport,Francesco Cantelmo Airfield,42.488611,11.798611,,EU,IT,IT-62,Tessenano (VT),no,,,,VTTES,,,Campo di Volo Francesco Cantelmo,,,,,,
321039.0,IT-0489,closed,Pellicano Airfield,44.847222,7.562222,813.0,EU,IT,IT-21,Virle Piemonte (TO),no,,,,,,,"Campo di Volo Pellicano, TOVIR",,,,,,
321040.0,IT-0490,small_airport,Aviosuperficie Torre Foghe,40.1833333,8.4694444,295.0,EU,IT,IT-88,Tresnuraghes (OR),no,,,,ORTFO,,,,,,,,,
321048.0,IT-0491,small_airport,San Felice-Trichiana Airfield,46.084723,12.121052,984.0,EU,IT,IT-34,Borgo Valbelluna (BL),no,,,,BLTRI,,,Aviosuperficie San Felice,,,,,,
321084.0,IT-0492,small_airport,Vraglia Airfield,44.413209,11.747288,,EU,IT,IT-45,Imola (BO),no,,,,BOIMV,,,Aviosuperficie Vraglia,,,,,,
321092.0,IT-0493,small_airport,Aviosuperficie Fly Center,41.5472222,12.6708333,,EU,IT,IT-62,Aprilia (LT),no,,,,LTAPR,,,,,,,,,
321108.0,IT-0494,small_airport,Il Gruccione Airfield,43.605515,10.411837,15.0,EU,IT,IT-52,Collesalvetti (LI),no,,,,LICOL,,,"Campo di Volo ""Il Gruccione""",,,,,,
321109.0,IT-0495,small_airport,Bigarello Private Airfield,45.170815,10.929061,70.0,EU,IT,IT-25,Bigarello (MN),no,,,,MNBIG,,,Campo di volo privato Bigarello,,,,,,
321110.0,IT-0496,small_airport,Campo di Volo Pellizzario,45.2927778,10.4466667,140.0,EU,IT,IT-25,Castel Goffredo (MN),no,,,,MNPEL,,,,,,,,,
321168.0,IT-0498,closed,"Campo di Volo ""Girasole Vola""",39.956667,9.645278,30.0,EU,IT,IT-88,Ogliastra,no,,,,,,,OGGIR,,,,,,
321191.0,IT-0499,small_airport,Pietralata Flying Field,39.970654,18.381006,300.0,EU,IT,IT-75,Andrano (LE),no,,,,LEAND,,,Campo di Volo Pietralata,,,,,,
321192.0,IT-0500,small_airport,Aviosuperficie La Smeraldina,41.05793,9.433446,,EU,IT,IT-88,Olbia (OT),no,,,,,,,"Smeraldina,La Smeraldina",,,,,,
321193.0,IT-0501,small_airport,Selva Negra Airfield,42.406981,11.395237,,EU,IT,IT-52,Capalbio (GR),no,,,,GRCAP,,,"Campo di Volo Selva Negra, Selva Nera",,,,,,
321194.0,IT-0502,small_airport,Curtatone Private Airfield,45.112207,10.705383,72.0,EU,IT,IT-25,Buscoldo (MN),no,,,,MNBUS,,,"Campo di Volo Privato Curtatone, Saccani Flli",,,,,,
321229.0,IT-0503,small_airport,Delta Team Lucca Airfield,43.784226,10.603388,24.0,EU,IT,IT-52,Capannori (LU),no,,,,LUCAP,,,"Campo di Volo ""Delta Team Lucca""",,,,,,
321271.0,IT-0504,small_airport,Mantovana Airfield,44.726634,8.593727,738.0,EU,IT,IT-21,Predosa (AL),no,,,,ALMAN,,,Campo di Volo Mantovana,,,,,,
321272.0,IT-0505,small_airport,Felonica Airfield,44.966938,11.354105,30.0,EU,IT,IT-25,Felonica (MN),no,,,,MNFEL,,,Campo di Volo Felonica,,,,,,
321285.0,IT-0506,small_airport,Tabularia Airfield,44.849794,10.566058,,EU,IT,IT-45,Poviglio (RE),no,,,,REPOT,,,Aviosuperficie Tabularia,,,,,,
321345.0,IT-0507,small_airport,Oasi del Volo Airfield,39.407537,9.174867,,EU,IT,IT-88,Serdiana (CA),no,,,,,,,Campo di Volo Oasi del Volo,,,,,,
321424.0,IT-0508,small_airport,Gsiesertal / Valle di Casies,46.7657842,12.1556392,,EU,IT,IT-32,Monguelfo (BZ),no,,,,BZCAS,,,,,,,,,
321450.0,IT-0509,small_airport,Scortichino Airfield,44.859083,11.353583,,EU,IT,IT-45,Bondeno (FE),no,,,,,,,"AL50, Campo di Volo Scortichino",,,,,,
321452.0,IT-0510,closed,Amanti Volo Ultraleggero Airfield,44.326615,11.659263,,EU,IT,IT-45,Imola (BO),no,,,,,,,"BOIML, Campo di Volo ""Amanti Volo Ultraleggero""",,,,,,
321496.0,IT-0511,small_airport,"Aviosuperficie privata ""La Ceriella""",45.220143,8.659543,,EU,IT,IT-25,Castello d'Agogna (PV),no,,,,PVCSA,,,,,,,,,
321519.0,IT-0512,small_airport,Aviosuperficie Maletto Fly,37.845756,14.869846,2756.0,EU,IT,IT-82,Maletto (CT),no,,,,CTMAL,,,Nebrodi Volo,,,,,,
321525.0,IT-0513,small_airport,Le Prata Private Airfield,43.745788,10.405136,10.0,EU,IT,IT-52,Le Maggiola Nord (PI),no,,,,PISGT,,,"Campo di Volo privato ""Le Prata""",,,,,,
321573.0,IT-0514,small_airport,Vallecamonica Airfield,45.855901,10.147571,673.0,EU,IT,IT-25,Artogne (BS),no,,,,BSART,,,Campo di Volo di Vallecamonica,,,,,,
321599.0,IT-0515,small_airport,Altavillafly Airfield,40.545833,15.101944,207.0,EU,IT,IT-72,Altavilla Silentina (SA),no,,,,SAAVS,,,"Avisuperficie Altavilla Silentina, Campo di Volo Altavillafly",,,,,,
321600.0,IT-0516,small_airport,Linnarta Airfield,40.412091,9.723621,210.0,EU,IT,IT-88,Orosei (NU),no,,,,NUORS,,,Campo di Volo Linnarta,,,,,,
321612.0,IT-0517,small_airport,Titta Airfield,43.491204,12.2428,,EU,IT,IT-55,Città di Castello (PG),no,,,,,,,"Aviosuperficie Titta, Campo di Volo Titta",,,,,,
321618.0,IT-0518,small_airport,Grave di Papadopoli Jonathan Field,45.783887,12.316765,141.0,EU,IT,IT-34,Grave di Papadopoli (TV),no,,,,TVGRA,https://sites.google.com/site/campojonathan30mo,,"Aviosuperficie Grave di Papadopoli ""Campo Jonathan"", Aviosuperficie Jonathan",,,,,,
321712.0,IT-0519,small_airport,Ali Piacenza Airfield,45.030556,9.605556,213.0,EU,IT,IT-45,Piacenza (PC),no,,,,PCPIA,,,Campo di Volo Ali Piacenza,,,,,,
321713.0,IT-0520,closed,Silvia-Giovanni Airfield,45.263771,10.533114,151.0,EU,IT,IT-25,Ceresara (MN),no,,,,,,,MNSMA,,,,,,
321714.0,IT-0521,small_airport,Medole Airfield,45.339031,10.480944,230.0,EU,IT,IT-25,Castelgoffredo (MN),no,,,,MNMED,,,Campo di Volo Medole,,,,,,
321717.0,IT-0522,small_airport,Aviosuperficie Privata Avielsar,39.498207,9.612477,,EU,IT,IT-88,San Lorenzo di Villaputzu (CA),no,,,,CASLO,,,,,,,,,
321758.0,IT-0523,closed,San Pancrazio Air Base,40.437947,17.857062,,EU,IT,IT-75,San Pancrazio Salentino (BR),no,,,,,,https://en.wikipedia.org/wiki/San_Pancrazio_Airfield,,,,,,,
321909.0,IT-0524,closed,Avio Lao Airfield,39.780488,15.805818,10.0,EU,IT,IT-78,Scalea (CS),no,,,,,http://www.geair.it,,"CSSCA, Campo di Volo Avio Lao",,,,,,
322460.0,IT-0525,heliport,Lingotto Heliport,45.030898,7.664602,,EU,IT,IT-21,Turin,no,,,,,,,,,,,,,
322576.0,IT-0526,small_airport,ASD Salento Fly Airfield,40.350138,18.061007,60.0,EU,IT,IT-75,Carmiano (LE),no,,,,LECAR,,,,,,,,,
324737.0,IT-0527,small_airport,Corte Bariani Airfield,45.033193,11.724132,7.0,EU,IT,IT-34,Arquà Polesine (RO),no,,,,ROAPO,,,,,,,,,
324808.0,IT-0528,closed,Dune Aeroclub Città Bianca Francesco Santoro Airfield,40.772189,17.637754,,EU,IT,IT-75,Costa Merlata (BR),no,,,,,,,"BAFAS, Fasano",,,,,,
326107.0,IT-0529,heliport,Base elicotteri corpo forestale di Villasalto,39.479449,9.385912,,EU,IT,IT-88,Villasalto,no,,,,,,,,,,,,,
331644.0,IT-0530,small_airport,Casalfiumanese Airfield,44.28966,11.625632,,EU,IT,IT-45,Casalfiumanese (BO),no,,,,,,,Campo di Volo Casalfiumanese,,,,,,
326882.0,IT-0531,small_airport,Apricena Fly Airfield,41.79806,15.419932,443.0,EU,IT,IT-75,Apricena (FG),no,,,,FGAPR,,,"FG08, Campo volo Apricena Fly",,,,,,
326883.0,IT-0532,small_airport,Volare Un Po Ultralight Airfield,45.01642,10.100069,100.0,EU,IT,IT-45,Polesine Zibello (PR),no,,,,PRPOL,,,Campo di Volo Volare Un Po,,,,,,
327167.0,IT-0533,closed,Ali dello Stilaro Flying Field,38.424475,16.551869,85.0,EU,IT,IT-78,Monasterace (RC),no,,,,,,,Campo di Volo Ali dello Stilaro,,,,,,
328916.0,IT-0534,small_airport,Rivaltella Private Airfield,44.642004,10.591759,,EU,IT,IT-45,Reggio nell'Emilia (RE),no,,,,,,,Campo di volo privato Rivaltella,,,,,,
329141.0,IT-0535,heliport,Eliporto di Lanusei,39.890822,9.50585,,EU,IT,IT-88,,no,,,,,,,,,,,,,
329236.0,IT-0536,heliport,Eliporto di Gela,37.066235,14.282138,,EU,IT,IT-82,,no,,,,,,,,,,,,,
331691.0,IT-0537,small_airport,CdV Colibri,42.3008333,12.3797222,,EU,IT,IT-62,Civita Castellana (VT),no,,,,VTCCA,,,,,,,,,
331158.0,IT-0538,closed,Campo Volo SAT Torino,44.889233,7.680422,,EU,IT,IT-21,Carmagnola,no,,,,,https://www.satvolo.org,,,,,,,,
331184.0,IT-0539,heliport,Elisoccorso Provincia di Como,45.771878,9.043403,,EU,IT,IT-21,Como,no,,,,,,,,,,,,,
331212.0,IT-0540,heliport,Celenza Valfortore Heliport,41.564832,14.998817,,EU,IT,IT-75,,no,,,,,,,,,,,,,
331692.0,IT-0541,closed,Aviosuperficie Santa Lucia,42.3583333,12.4277778,,EU,IT,IT-62,Gallese (VT),no,,,,,,,"VTGAL, VTGAL",,,,,,
331745.0,IT-0542,small_airport,Casa Bianca Model Airfield,45.466596,10.347943,,EU,IT,IT-25,Calcinato (BS),no,,,,,http://www.ristorantecasabianca.it/pista_aereomodellismo.php,,,,,,,,
331746.0,IT-0543,small_airport,Rotocenter Airfield,43.715296,10.743997,43.0,EU,IT,IT-52,Castelfranco di Sotto (PI),no,,,,,,,Aviosuperficie Rotocenter,,,,,,
331763.0,IT-0544,heliport,Eliporto di Siracusa Pantanelli,37.061536,15.267566,,EU,IT,IT-82,Siracusa,no,,,,,,,,,,,,,
331764.0,IT-0545,heliport,Eliporto Giorgio La Pira,36.718499,14.826982,,EU,IT,IT-82,Pozzallo,no,,,,,,,,,,,,,
333200.0,IT-0546,heliport,Helibase Pegaso 1 (Santa Maria Annunziata Hospital),43.730732,11.304224,,EU,IT,IT-52,Grassina (FI),no,,,,,,,,,,,,,
333557.0,IT-0547,heliport,Elipadana Heliport,45.488697,9.196184,,EU,IT,IT-25,Milan,no,,,,,,,,,,,,,
333606.0,IT-0548,heliport,Fonte di Papa Heliport,42.047787,12.568338,,EU,IT,IT-62,Rome,no,,,,,http://www.elitaliana.eu/le-basi/fonte-di-papa.php,,Elitaliana,,,,,,
333668.0,IT-0549,small_airport,Airfield ASD Verbano fly,45.676374,8.486462,,EU,IT,IT-21,Borgomanero (NO),no,,,,,,,Campo di Volo Meda,,,,,,
333833.0,IT-0550,heliport,Helibase Pelikan 1,46.497639,11.30527,,EU,IT,IT-32,Bolzano (BZ),no,,,,,,,,,,,,,
334196.0,IT-0551,small_airport,Delta Club Ibis Airfield,43.022255,10.611618,49.0,EU,IT,IT-52,Campiglia Marittima (LI),no,,,,LICMA,,,Club Ibis,,,,,,
336430.0,IT-0552,heliport,Villa Las Tronas Helipad,40.549793,8.317852,,EU,IT,IT-88,Alghero,no,,,,,,,,,,,,,
336454.0,IT-0553,closed,San Leo Heliport,43.896713,12.350816,,EU,IT,IT-45,San Leo,no,,,,,,,,,,,,,
336913.0,IT-0554,small_airport,Alta Langa Airfield,44.411152,8.120849,627.0,EU,IT,IT-21,San Benedetto Belbo (CN),no,,,,,https://voli-di-mare.business.site/,"https://www.google.it/maps/place/Campo+Volo+Camerana/@44.4109472,8.1212715,15z/data=!4m5!3m4!1s0x0:0x29f27b2599ca954a!8m2!3d44.4","Campo di Volo Alta Langa, Campo di Volo Camerana",,,,,,
336942.0,IT-0555,closed,L'Airone Airfield,40.972203,16.909364,673.0,EU,IT,IT-75,Casamassima (BA),no,,,,,,,Campo di volo L'Airone,,,,,,
336943.0,IT-0556,small_airport,Pianon Altiport,46.145432,12.42808,3001.0,EU,IT,IT-34,Alpago (BL),no,,,,BLTAM,,,,,,,,,
336961.0,IT-0557,closed,Torre S. Emiliano Airfield,40.110195,18.49072,,EU,IT,IT-75,Otranto (LE),no,,,,,https://fr.reserving.com/hotels/europe/italie/pouilles/lecce/otranto/masseria-autigne,,Aviosuperficie Torre S.Emiliano,,,,,,
336964.0,IT-0558,closed,Campo di volo Cutrofiano,40.102031,18.243635,,EU,IT,IT-75,Cutrofiano,no,,,,,,,,,,,,,
336965.0,IT-0559,closed,Condor Airfield,40.242373,18.034055,118.0,EU,IT,IT-75,Copertino (LE),no,,,,,,,LECOP,,,,,,
336966.0,IT-0560,closed,La Fenice Airfield,40.37743,18.11183,171.0,EU,IT,IT-75,Lecce (LE),no,,,,,,,Campo di volo La Fenice,,,,,,
336970.0,IT-0561,small_airport,Santa Chiara Airfield,40.320012,17.812786,,EU,IT,IT-75,Nardò (LE),no,,,,,https://www.porscheengineering.com/nardo/en/contact/,https://en.wikipedia.org/wiki/Nard%C3%B2_Ring,"LE14, Aviosuperficie S.Chiara",,,,,,
336982.0,IT-0562,closed,Porto Cesareo Airfield,40.292833,17.834566,33.0,EU,IT,IT-75,Torre Lapillo (LE),no,,,,,,,,,,,,,
336983.0,IT-0563,closed,Area 51 Torre Santa Susanna Airfield,40.503056,17.7625,285.0,EU,IT,IT-75,Torre Santa Susanna (BR),no,,,,,,,,,,,,,
336996.0,IT-0564,closed,Area 51 San Pietro Vernotico Airfield,40.5306,18.053026,52.0,EU,IT,IT-75,San Pietro Vernotico (BR),no,,,,,,,,,,,,,
337017.0,IT-0565,small_airport,Dune Airpark,40.794151,17.491959,,EU,IT,IT-75,Ostuni (BR),no,,,,,https://www.instagram.com/dune.airpark,,"BR08, Campo di Volo Dune Airpark",,,,,,
337018.0,IT-0566,small_airport,Paretano Fly Airfield,40.82218,17.285711,1030.0,EU,IT,IT-75,Monopoli (BA),no,,,,BAMON,,"https://www.google.it/maps/place/Paretano+Fly/@40.8222616,17.2843802,15z/data=!4m5!3m4!1s0x0:0xeb4b719aa8151ea4!8m2!3d40.8222616","BA08, Campo di Volo Paretano Fly",,,,,,
337020.0,IT-0567,closed,Polignano Fly Airfield,41.009256,17.177493,85.0,EU,IT,IT-75,Polignano a Mare (BA),no,,,,,,,,,,,,,
337021.0,IT-0568,closed,Masseria Modesti Airfield,40.988856,16.407877,1575.0,EU,IT,IT-75,Ruvo di Puglia (BA),no,,,,,,,Campo di volo Masseria Modesti,,,,,,
337022.0,IT-0569,small_airport,Batfly Airfield,41.343401,16.213181,6.0,EU,IT,IT-75,Barletta (BT),no,,,,,https://www.facebook.com/pages/category/Sports-Team/BatFly-1186631891355795/,,"BT01, Campo di volo BATFLY",,,,,,
337024.0,IT-0570,closed,Orta Nova Borgo Mezzanone Air Base,41.40601,15.728517,124.0,EU,IT,IT-75,Foggia (FG),no,,,,,,https://it.wikipedia.org/wiki/Aeroporto_di_Borgo_Mezzanone,LIBO,,,,,,
337025.0,IT-0571,closed,Campo di volo Marchese,41.407394,15.29284,,EU,IT,IT-75,,no,,,,,,,,,,,,,
337041.0,IT-0573,heliport,Eliporto S.G.Rotondo,41.693749,15.710771,1801.0,EU,IT,IT-75,San Giovanni Rotondo,no,,,,,https://alidaunia.it/helipad-posts/san-giovanni-rotondo,"https://www.google.it/maps/place/Elisuperficie+Alidaunia/@41.6937147,15.7107778,15z/data=!4m5!3m4!1s0x0:0x1eb4e345f78bde22!8m2!3",,,,,,,
337045.0,IT-0574,heliport,Eliporto Peschici,41.92814,16.012815,,EU,IT,IT-75,Peschici,yes,,,,,https://www.peschici.com/eliporto-elisccorso-peschici/porto-eleiporto-scuole-uffici-comunali/04/,,,,,,,,
337054.0,IT-0575,closed,Giannutri Airfield,42.254584,11.116147,46.0,EU,IT,IT-52,Isola del Giglio (GR),no,,,,,,https://it.wikipedia.org/wiki/Aviosuperficie_ed_elisuperficie_di_Giannutri,"Aviosuperficie di Giannutri, GRXX",,,,,,
337056.0,IT-0576,heliport,Giannutri Heliport,42.25347,11.100215,,EU,IT,IT-52,Isola del Giglio (GR),no,,,,,,,,,,,,,
337062.0,IT-0577,heliport,Eliporto Isola di S.Nicola,42.124193,15.510389,,EU,IT,IT-75,,no,,,,,,,,,,,,,
337084.0,IT-0578,heliport,Elifly International,45.906061,10.22406,,EU,IT,IT-25,Sacca (Brescia),no,,,,,,,,,,,,,
337112.0,IT-0579,heliport,Eliporto Vico del Gargano,41.894802,15.964009,,EU,IT,IT-75,Vico del Gargano,no,,,,,,,,,,,,,
337114.0,IT-0580,heliport,Eliporto Militare Jactenente,41.821111,15.987275,,EU,IT,IT-75,Vico del Gargano,no,,,,,,,,,,,,,
337131.0,IT-0581,heliport,Eliporto,41.632838,15.389813,,EU,IT,IT-75,San Severo,no,,,,,,,,,,,,,
337133.0,IT-0582,heliport,Incoronata Industrial Zone Heliport,41.424363,15.639565,184.0,EU,IT,IT-75,Borgo Incoronata (FG),no,,,,,,,,,,,,,
337134.0,IT-0583,heliport,Presidio Giuseppe Tatarella Hospital Heliport,41.272728,15.917643,325.0,EU,IT,IT-75,Cerignola (FG),no,,,,,,,,,,,,,
337135.0,IT-0584,heliport,Eliporto di emergenza,41.314728,16.253457,,EU,IT,IT-75,Barletta,no,,,,,,,,,,,,,
337137.0,IT-0585,heliport,Eliporto Militare,41.253178,16.413456,,EU,IT,IT-75,Trani,no,,,,,,,,,,,,,
337138.0,IT-0586,heliport,Elisuperficie Ceraso,40.938208,16.495076,,EU,IT,IT-75,Altamura,no,,,,,,,,,,,,,
337140.0,IT-0587,heliport,Elisuperficie la Quercia,40.963263,16.632791,,EU,IT,IT-75,Toritto,no,,,,,,,,,,,,,
337141.0,IT-0588,heliport,Elisuperficie di emergenza,40.9009,16.620909,,EU,IT,IT-75,Altamura,no,,,,,,,,,,,,,
337142.0,IT-0589,heliport,Murgia Fabio Perinei Hospital Heliport,40.819719,16.470718,1329.0,EU,IT,IT-75,Altamura (BA),no,,,,,,,,,,,,,
337153.0,IT-0590,heliport,Bari Guardia di Finanza Heliport,41.138072,16.775689,,EU,IT,IT-75,Bari,no,,,,,,,,,,,,,
337156.0,IT-0591,heliport,Bari Fire Department Heliport,41.134553,16.760974,,EU,IT,IT-75,Bari,no,,,,,,,,,,,,,
337157.0,IT-0592,heliport,Bari Police Heliport,41.134322,16.760116,,EU,IT,IT-75,Bari,no,,,,,,,,,,,,,
337158.0,IT-0593,heliport,Bari Carabinieri Heliport,41.137914,16.781691,,EU,IT,IT-75,Bari,no,,,,,,,,,,,,,
337159.0,IT-0594,heliport,Bari Coast Guard Heliport,41.137947,16.847497,,EU,IT,IT-75,Bari,no,,,,,,,,,,,,,
337160.0,IT-0595,heliport,Bari Hospital Heliport,41.112923,16.85809,,EU,IT,IT-75,Bari (BA),no,,,,,,,,,,,,,
337161.0,IT-0596,heliport,Vitrani Barracks Heliport,41.096667,16.87962,82.0,EU,IT,IT-75,Bari (BA),no,,,,,,,,,,,,,
337164.0,IT-0597,heliport,F. Miulli Regional General Hospital Heliport,40.864627,16.801482,1230.0,EU,IT,IT-75,Acquaviva delle Fonti (BA),no,,,,,,,,,,,,,
337173.0,IT-0598,heliport,Heliport Castellana grotte,40.883284,17.148167,,EU,IT,IT-75,Castellana Grotte,no,,,,,,,,,,,,,
337174.0,IT-0599,heliport,Eliporto il Melograno,40.922345,17.276983,,EU,IT,IT-75,Monopoli,no,,,,,https://www.melograno.com/en/,,,,,,,,
337184.0,IT-0600,heliport,Eliporto militare,40.447845,17.252242,,EU,IT,IT-75,Taranto,no,,,,,,,,,,,,,
337185.0,IT-0601,heliport,Eliporto militare,40.469739,17.27628,,EU,IT,IT-75,Taranto,no,,,,,,,,,,,,,
337196.0,IT-0602,heliport,Eliporto di Grottaglie,40.520956,17.39846,,EU,IT,IT-75,Grottaglie,no,,,,,,,,,,,,,
337197.0,IT-0603,heliport,Eliporto militare marina italiana,40.515606,17.408025,,EU,IT,IT-75,Grottaglie,no,,,,,,,,,,,,,
337198.0,IT-0604,heliport,Eliporto le dune,40.771296,17.637691,,EU,IT,IT-75,Ostuni,no,,,,,,,,,,,,,
337199.0,IT-0605,heliport,Eliporto aereotre,40.448041,17.622639,,EU,IT,IT-75,Manduria,no,,,,,,,,,,,,,
337200.0,IT-0606,heliport,Eliporto di mergenza ospedale antonio perrino,40.625189,17.915654,,EU,IT,IT-75,,no,,,,,,,,,,,,,
337202.0,IT-0607,heliport,Eliporto Leanorado SPA confindustria,40.673331,17.921813,,EU,IT,IT-75,Brindisi,no,,,,,,,,,,,,,
337206.0,IT-0608,heliport,Sant'anna Heliport,40.322856,17.824973,177.0,EU,IT,IT-75,Nardò (LE),no,,,,,,,,,,,,,
337218.0,IT-0609,heliport,Heliport Military,40.244985,18.136781,,EU,IT,IT-75,Galatina,no,,,,,,,,,,,,,
337220.0,IT-0610,heliport,Melendugno Heliport,40.246606,18.436303,,EU,IT,IT-75,Melendugno (LE),no,,,,,,,,,,,,,
337221.0,IT-0611,heliport,Gallipoli Heliport,40.056785,17.982012,,EU,IT,IT-75,Gallipoli,no,,,,,,,,,,,,,
337222.0,IT-0612,heliport,Heliport turistic gallipoli,40.023905,18.022041,,EU,IT,IT-75,Gallipoli,no,,,,,,,,,,,,,
351162.0,IT-0613,small_airport,Casera Razzo Altiport,46.476822,12.614758,5766.0,EU,IT,IT-34,Vigo di Cadore (BL),no,,,,,,,,,,,,,
337224.0,IT-0614,heliport,Otranto Helicopter Base,40.115959,18.499753,,EU,IT,IT-75,Otranto (LE),no,,,,,,,,,,,,,
337269.0,IT-0615,heliport,Helipad Paretano,40.822761,17.283141,,EU,IT,IT-75,Monopoli,no,,,,,http://www.agriturismoparetano.it/eng/services.html,,,,,,,,
337270.0,IT-0616,heliport,Helipad Masseria del Cardinale,40.801994,17.443864,,EU,IT,IT-75,Fasano,no,,,,,https://www.masseriarelaisdelcardinale.it/,,,,,,,,
337271.0,IT-0617,heliport,Helipad military,40.643136,17.206854,,EU,IT,IT-75,Martina Franca,no,,,,,,,,,,,,,
337272.0,IT-0618,heliport,Helipad  Salento Helicopters,40.067439,18.002,,EU,IT,IT-75,Gallipoli,no,,,,,https://www.facebook.com/salentohelicopters,https://www.pleis.it/Salento/Divertiti/Gallipoli_68/Salento_Helicopters,,,,,,,
337926.0,IT-0619,heliport,San Raffaele Hospital Heliport,45.504324,9.260273,,EU,IT,IT-25,Milano,no,,,,,,,,,,,,,
337972.0,IT-0620,small_airport,Locher Field,46.600776,11.380098,3000.0,EU,IT,IT-32,Sarentino (BZ),no,,,,,,,,,,,,,
340342.0,IT-0621,closed,Biferno Airfield,41.964724,15.054531,,EU,IT,IT-75,Lido Campomarino (CB),no,,,,,,https://en.wikipedia.org/wiki/Foggia_Airfield_Complex#Biferno_Airfield,,,,,,,
340343.0,IT-0622,closed,Canne Airfield,41.932778,15.070556,,EU,IT,IT-75,Campomarino (CB),no,,,,,,https://en.wikipedia.org/wiki/Foggia_Airfield_Complex#Canne_Airfield,,,,,,,
340344.0,IT-0623,closed,Castelluccio Airfield,41.319914,15.544642,,EU,IT,IT-75,Ascoli Satriano (FG),no,,,,,,https://en.wikipedia.org/wiki/Foggia_Airfield_Complex#Castelluccio_Airfield,,,,,,,
340345.0,IT-0624,closed,Celone Airfield,41.551111,15.558889,,EU,IT,IT-75,Foggia (FG),no,,,,,,https://en.wikipedia.org/wiki/Foggia_Airfield_Complex#Celone_Airfield_(Foggia_#1),,,,,,,
340346.0,IT-0625,closed,Cerignola Airfield,41.242339,15.80525,,EU,IT,IT-75,Cerignola (FG),no,,,,,,https://en.wikipedia.org/wiki/Foggia_Airfield_Complex#Cerignola_Airfield,,,,,,,
340347.0,IT-0626,closed,Giulia Airfield,41.304167,15.841667,,EU,IT,IT-75,Cerignola (FG),no,,,,,,https://en.wikipedia.org/wiki/Foggia_Airfield_Complex#Giulia_Airfield,,,,,,,
340348.0,IT-0627,closed,Lesina Airfield,41.863333,15.311389,,EU,IT,IT-75,Lesina (FG),no,,,,,,https://en.wikipedia.org/wiki/Foggia_Airfield_Complex#Lesina_Airfield,,,,,,,
340349.0,IT-0628,closed,Lucera Airfield,41.497978,15.419444,,EU,IT,IT-75,Lucera (FG),no,,,,,,https://en.wikipedia.org/wiki/Foggia_Airfield_Complex#Lucera_Airfield,,,,,,,
340350.0,IT-0629,closed,Madna Airfield,41.922778,15.075278,,EU,IT,IT-75,Campomarino (CB),no,,,,,,https://en.wikipedia.org/wiki/Foggia_Airfield_Complex#Madna_Airfield,,,,,,,
340351.0,IT-0630,closed,Pantanella Airfield,41.495833,15.791667,,EU,IT,IT-75,Manfredonia (FG),no,,,,,,https://en.wikipedia.org/wiki/Foggia_Airfield_Complex#Pantanella_Airfield,,,,,,,
340352.0,IT-0631,closed,Ramitelli Airfield,41.908333,15.116667,,EU,IT,IT-75,Campomarino (CB),no,,,,,,https://en.wikipedia.org/wiki/Foggia_Airfield_Complex#Ramitelli_Airfield,,,,,,,
340353.0,IT-0632,closed,Salsola Airfield,41.548333,15.4575,,EU,IT,IT-75,Lucera (FG),no,,,,,,https://en.wikipedia.org/wiki/Foggia_Airfield_Complex#Salsola_Airfield_(Foggia_Satellite_#3),,,,,,,
340354.0,IT-0633,closed,San Giovanni Airfield,41.239417,15.801825,,EU,IT,IT-75,Cerignola (FG),no,,,,,,https://en.wikipedia.org/wiki/Foggia_Airfield_Complex#San_Giovanni_Airfield,,,,,,,
340355.0,IT-0634,closed,San Severo Airfield,41.7125,15.43,,EU,IT,IT-75,San Severo (FG),no,,,,,,https://en.wikipedia.org/wiki/Foggia_Airfield_Complex#San_Severo_Airfield,,,,,,,
340356.0,IT-0635,closed,Sinello Airfield,42.173611,14.6625,,EU,IT,IT-65,Vasto (CH),no,,,,,,https://en.wikipedia.org/wiki/Foggia_Airfield_Complex#Sinello_Airfield,,,,,,,
340357.0,IT-0636,closed,Spinazzola Airfield,40.949167,16.229444,,EU,IT,IT-75,Spinazzola (BT),no,,,,,,https://en.wikipedia.org/wiki/Foggia_Airfield_Complex#Spinazzola_Airfield,,,,,,,
340358.0,IT-0637,closed,Sterparone Airfield,41.601744,15.306667,,EU,IT,IT-75,Torremaggiore (FG),no,,,,,,https://en.wikipedia.org/wiki/Sterparone_Airfield,,,,,,,
340359.0,IT-0638,closed,Stornara Airfield,41.290108,15.740617,,EU,IT,IT-75,Stornara (FG),no,,,,,,https://en.wikipedia.org/wiki/Foggia_Airfield_Complex#Stornara_Airfield,,,,,,,
340360.0,IT-0639,closed,Torretto Airfield,41.181944,15.763889,,EU,IT,IT-75,Cerignola (FG),no,,,,,,https://en.wikipedia.org/wiki/Foggia_Airfield_Complex#Torretto_Airfield,,,,,,,
340361.0,IT-0640,closed,Tortorella Airfield,41.484722,15.652778,,EU,IT,IT-75,Foggia (FG),no,,,,,,https://en.wikipedia.org/wiki/Tortorella_Airfield,,,,,,,
340362.0,IT-0641,closed,Triolo Airfield,41.625,15.458333,,EU,IT,IT-75,San Severo (FG),no,,,,,,https://en.wikipedia.org/wiki/Foggia_Airfield_Complex#Triolo_Airfield,,,,,,,
340363.0,IT-0642,closed,Venosa Airfield,40.997028,15.873611,,EU,IT,IT-77,Venosa (PZ),no,,,,,,https://en.wikipedia.org/wiki/Foggia_Airfield_Complex#Venosa_Airfield,,,,,,,
340364.0,IT-0643,closed,Vincenzo Airfield,41.411111,15.424444,,EU,IT,IT-75,Lucera (FG),no,,,,,,https://en.wikipedia.org/wiki/Foggia_Airfield_Complex#Vincenzo_Airfield,,,,,,,
340366.0,IT-0644,heliport,Vulcano Piano Emergency Heliport,38.382709,14.982693,,EU,IT,IT-82,Vulcano Piano (ME),no,,,,,,,,,,,,,
340367.0,IT-0645,heliport,Vulcano Heliport,38.428187,14.95568,,EU,IT,IT-82,Vulcanello (ME),no,,,,,,,,,,,,,
340368.0,IT-0646,heliport,Malfa Heliport,38.579772,14.827852,,EU,IT,IT-82,Malfa (ME),no,,,,,,,,,,,,,
340369.0,IT-0647,heliport,Lipari City Hospital Helipad,38.462267,14.953542,,EU,IT,IT-82,Lipari (ME),no,,,,,,,,,,,,,
340370.0,IT-0648,heliport,Panarea South Heliport,38.630278,15.070763,,EU,IT,IT-82,Panarea (ME),no,,,,,,,,,,,,,
340371.0,IT-0649,heliport,Air Panarea Heliport,38.645999,15.07075,,EU,IT,IT-82,Panarea (ME),no,,,,,,,,,,,,,
340372.0,IT-0650,heliport,Stromboli Heliport,38.799552,15.240425,,EU,IT,IT-82,Stromboli (ME),no,,,,,,,,,,,,,
340373.0,IT-0651,heliport,Filicudi Porto Heliport,38.557854,14.582586,,EU,IT,IT-82,Filicudi Porto (ME),no,,,,,,,,,,,,,
340374.0,IT-0652,heliport,Alicudi Porto Heliport,38.532211,14.359827,,EU,IT,IT-82,Alicudi Porto (ME),no,,,,,,,,,,,,,
340376.0,IT-0654,heliport,Isola Formica Heliport,37.989091,12.424335,,EU,IT,IT-82,Favignana (TP),no,,,,,,,,,,,,,
340377.0,IT-0655,heliport,Levanzo Heliport,37.992772,12.338437,,EU,IT,IT-82,Favignana (TP),no,,,,,,,,,,,,,
340378.0,IT-0656,heliport,Marettimo Heliport,37.970069,12.070802,,EU,IT,IT-82,Favignana (TP),no,,,,,,,,,,,,,
340379.0,IT-0657,heliport,Favignana Heliport,37.914543,12.318392,,EU,IT,IT-82,Favignana (TP),no,,,,,,,,,,,,,
340380.0,IT-0658,closed,Trapani–Chinisia Airport / Borizzo Airfield,37.896458,12.53907,,EU,IT,IT-82,Trapani (TP),no,,,,,,https://en.wikipedia.org/wiki/Borizzo_Airfield,,,,,,,
340381.0,IT-0659,heliport,Linosa Heliport,35.862175,12.856205,,EU,IT,IT-82,Linosa (AG),no,,,,,,,,,,,,,
340384.0,IT-0661,heliport,HeliSorrento Heliport,40.614109,14.362,,EU,IT,IT-72,Sorrento (NA),no,,,,,,,,,,,,,
340385.0,IT-0662,heliport,Procida Heliport,40.750172,14.013681,,EU,IT,IT-72,Procida (NA),no,,,,,,,,,,,,,
340387.0,IT-0663,heliport,Ischia Casamicciola Terme Heliport,40.750963,13.898701,,EU,IT,IT-72,Casamicciola Terme (NA),no,,,,,,,,,,,,,
340388.0,IT-0664,heliport,Santo Stefano Heliport,40.789318,13.453112,,EU,IT,IT-62,Ventotene (LT),no,,,,,,,,,,,,,
340389.0,IT-0665,heliport,Ventotene Heliport,40.800864,13.430235,,EU,IT,IT-62,Ventotene (LT),no,,,,,,,,,,,,,
340390.0,IT-0666,heliport,Ponza Heliport,40.899427,12.948195,,EU,IT,IT-62,Ponza (LT),no,,,,,,,,,,,,,
340391.0,IT-0667,heliport,Palmarola Helipad,40.939667,12.855194,,EU,IT,IT-62,Ponza (LT),no,,,,,,,,,,,,,
340392.0,IT-0668,heliport,Giglio Heliport,42.365898,10.913201,,EU,IT,IT-52,Isola del Giglio (GR),no,,,,,,,,,,,,,
340393.0,IT-0669,heliport,Portoferraio Hospital Heliport,42.815918,10.319657,,EU,IT,IT-52,Portoferraio (LI),no,,,,,,,,,,,,,
340394.0,IT-0670,heliport,Palmaiola Heliport,42.865709,10.473906,,EU,IT,IT-52,Rio (LI),no,,,,,,,,,,,,,
340395.0,IT-0671,heliport,Monte Capanne Heliport,42.771589,10.168214,3268.0,EU,IT,IT-52,Marciana (LI),no,,,,,,,,,,,,,
340396.0,IT-0672,heliport,Capraia Heliport,43.046217,9.844325,,EU,IT,IT-52,Capraia Isola (LI),no,,,,,,,,,,,,,
340397.0,IT-0673,heliport,Follonica Heliport,42.920684,10.764557,,EU,IT,IT-52,Follonica (LI),no,,,,,,,,,,,,,
340398.0,IT-0674,heliport,Gorgona Heliport,43.425819,9.900663,,EU,IT,IT-52,Gorgona Scalo (LI),no,,,,,,,,,,,,,
340425.0,IT-0675,small_airport,Campo di Volo Chiusi Scalo,42.972564,11.944301,,EU,IT,IT-52,Chiusi Scalo,no,,,,,,,,,,,,,
342938.0,IT-0676,heliport,SUEM Heliport Treviso,45.655348,12.263585,,EU,IT,IT-34,Treviso (TV),no,,,,,,,,,,,,,
343250.0,IT-0677,small_airport,Ozzano private airfield,45.12039,8.35202,,EU,IT,IT-21,Ozzano Monferrato,no,,,,,,,,,,,,,
344638.0,IT-0678,heliport,ENI Heliport,44.477006,12.271869,,EU,IT,IT-45,Ravenna (RA),no,,,,,,,,,,,,,
345227.0,IT-0679,small_airport,Barbarano Mossano Private Airstrip,45.398029,11.549892,-1.0,EU,IT,IT-34,Barbarano Mossano (VI),no,,,,,,,Pista privata di Barbarano Mossano,,,,,,
345412.0,IT-0680,closed,Pantanella Air Base,41.136989,15.920187,,EU,IT,IT-75,Canosa di Puglia (BT),no,,,,,https://www.forgottenairfields.com/airfield-pantanella-580.html,https://en.wikipedia.org/wiki/Foggia_Airfield_Complex,,,,,,,
346261.0,IT-0681,small_airport,Aviosuperfice Tronto,42.89005,13.87096,,EU,IT,IT-57,,no,,,,,,,,,,,,,
346292.0,IT-0682,small_airport,CdV Baia e Latina,41.29702,14.27219,,EU,IT,IT-72,,no,,,,,,,,,,,,,
346363.0,IT-0683,small_airport,Serra de' Conti Airfield,43.55993,13.01976,385.0,EU,IT,IT-57,Serra de' Conti (AN),no,,,,,,,,,,,,,
346365.0,IT-0684,heliport,Ortona Heliport,42.327173,14.37252,,EU,IT,IT-65,Ortona,no,,,,,,,Micoperi,,,,,,
346435.0,IT-0685,small_airport,Musciano Private Airstrip,43.66433,10.72981,,EU,IT,IT-52,Montopoli in Val d'Arno (PI),no,,,,,,,Pista privata a Musciano,,,,,,
346456.0,IT-0686,small_airport,Aquila Solitaria Airfield,37.42709,14.02916,,EU,IT,IT-82,Caltanissetta (CL),no,,,,CLCAL,,,"Aviosuperficie Aquila Solitaria, Campo di Volo Aquila Solitaria",,,,,,
347613.0,IT-0687,heliport,Eliporto Imperia,43.8842,8.028549,,EU,IT,IT-42,,no,,,,,,,,,,,,,
351163.0,IT-0688,heliport,San Benedetto del Tronto Heliport,42.923231,13.889487,,EU,IT,IT-57,San Benedetto del Tronto (Ascoli piceno) AP,no,,,,,,,,,,,,,
351164.0,IT-0689,heliport,Elisuperficie Pennile di Sotto,42.8561,13.596429,,EU,IT,IT-57,Ascoli Piceno AP,no,,,,,,,,,,,,,
352430.0,IT-0690,heliport,Elisuperficie Arturo Santi,44.664704,8.298604,,EU,IT,IT-21,,no,,,,,,,,,,,,,
354240.0,IT-0691,heliport,Heliport Colli di san fermo,45.743134,9.940835,,EU,IT,IT-25,Bergamo,no,,,,,,,,,,,,,
354249.0,IT-0692,heliport,Rimini Infermi Hospital Heliport,44.045695,12.58963,3.0,EU,IT,IT-45,Rimini (RN),no,,,,,,,,,,,,,
354250.0,IT-0693,heliport,Fiera di Rimini Heliport,44.072447,12.519082,,EU,IT,IT-45,Rimini,no,,,,,,,,,,,,,
354251.0,IT-0694,heliport,Ospedale di Jesolo Helipad,45.509314,12.658936,,EU,IT,IT-34,Jesolo,no,,,,,,,,,,,,,
354436.0,IT-0695,heliport,Police Helipad,44.048416,8.132994,,EU,IT,IT-42,Villanova d´Albenga,no,,,,,,,,,,,,,
354934.0,IT-0696,heliport,Heliport la Sunrisa,40.714484,14.526114,,EU,IT,IT-72,San''t Antonio Abate,no,,,,,,,,,,,,,
355343.0,IT-0697,heliport,Ceccano Heliport,41.53391,13.37462,400.0,EU,IT,IT-62,Castro dei Volsci FR,no,,,,,,,,,,,,,
355345.0,IT-0698,heliport,Ospedale di Sora Heliport,41.72915,13.6321,1167.0,EU,IT,IT-62,Sora,no,,,,,,,,,,,,,
355346.0,IT-0699,heliport,Elitaliana Pegaso 33 Heliport,42.44131,12.05924,984.0,EU,IT,IT-62,Viterbo,no,,,,,,,,,,,,,
355347.0,IT-0700,heliport,Poliambulatorio di Ladispoli Helipad,41.96867,12.08137,29.0,EU,IT,IT-62,Poliambulatorio di Ladispoli,no,,,,,,,,,,,,,
355348.0,IT-0701,heliport,Eliossola Heliport,41.3524,13.44381,187.0,EU,IT,IT-62,04022 Fondi LT,no,,,,,,,,,,,,,
355349.0,IT-0702,heliport,Ospedale Civile Helipad,42.66673,13.71704,961.0,EU,IT,IT-65,64100 Teramo TE,no,,,,,,,,,,,,,
355351.0,IT-0703,heliport,Ospedale San Camillo,41.86757,12.45755,134.0,EU,IT,IT-62,Roma,no,,,,,,,,,,,,,
355352.0,IT-0704,heliport,Protezione Civile Valtrigno,41.86637,14.53371,2942.0,EU,IT,IT-62,66050 Torrebruna CH,no,,,,,,,,,,,,,
356053.0,IT-0705,heliport,Bormio Heliport,46.454484,10.365125,3848.0,EU,IT,IT-25,Bormio (SO),no,,,,,,,,,,,,,
356364.0,IT-0706,heliport,Elimast Temù Heliport,46.25121,10.4876,3910.0,EU,IT,IT-25,Temù (BS),no,,,,,,,,,,,,,
430378.0,IT-0707,heliport,Madonna delle Grazie Hospital Heliport,40.653055,16.613965,1201.0,EU,IT,IT-75,Matera (MT),no,,,,,,,,,,,,,
505032.0,IT-0708,heliport,Luxottica Heliport,46.278961,12.030839,,EU,IT,IT-34,Agordo,no,,,,,,,Eliporto Luxottica,,,,,,
506425.0,IT-0709,small_airport,Bolgheri Airfield,43.209663,10.543751,10.0,EU,IT,IT-52,Castagneto Carducci (LI),no,,,,LI15,,,,,,,,,
506433.0,IT-0710,small_airport,Cascina Rosio Airfield,45.416086,8.96513,384.0,EU,IT,IT-25,Albairate (MI),no,,,,MI13,,,Aviosuperficie Albairate,,,,,,
507173.0,IT-0711,small_airport,Aviosuperfice Eloro,36.85641,15.08021,,EU,IT,IT-82,Noto (SR),no,,,,,,,,,,,,,
508547.0,IT-0712,small_airport,Priolo Airfield,37.07992,14.38008,545.0,EU,IT,IT-82,Gela (CL),no,,,,CL08,,,"CLGP, Campo di Volo Priolo, Campo Volo Priolo di Gela",,,,,,
509697.0,IT-0713,heliport,Campo d'Aviazone Private Heliport,43.862432,10.255292,,EU,IT,IT-52,Viareggio (LU),no,,,,,,,,,,,,,
509698.0,IT-0714,heliport,Versilia Hospital Heliport,43.91513,10.221968,9.0,EU,IT,IT-52,Lido di Camaiore (LU),no,,,,,,,,,,,,,
509774.0,IT-0715,small_airport,Skydive Iseo Airfield,45.816298,10.096242,623.0,EU,IT,IT-32,Costa Volpino (BG),no,,,,,,,,,,,,,
510890.0,IT-0716,small_airport,Aviosuperficie Templare Paestum,40.472649,14.959581,,EU,IT,IT-72,Capaccio (Laura),no,,,,SALAU,,,,,,,,,
511044.0,IT-0717,small_airport,Eagles Airfield,37.520917,14.846016,361.0,EU,IT,IT-82,Paternò (CT),no,,,,CT15,https://www.eaglesairfield.it/,,CTPAT,,,,,,
511051.0,IT-0718,small_airport,Vicari Airfield,37.800747,13.52314,995.0,EU,IT,IT-82,Campofelice di Fitalia (PA),no,,,,PA06,,,"PACAM, Campo Volo Vicari",,,,,,
511054.0,IT-0719,small_airport,Campo di Volo Niscemi Parisi (CLNIS),37.163224,14.445664,1224.0,EU,IT,IT-82,Niscemi,no,,,,CL10,,,,,,,,,
511059.0,IT-0720,small_airport,Aviosuperficie Massarotti,37.190835,14.550211,1352.0,EU,IT,IT-82,Costabaira,no,,,,CT12,,,,,,,,,
511064.0,IT-0721,small_airport,Aviosuperficie Fly Team Paceco (TPPAC),37.960022,12.615416,217.0,EU,IT,IT-82,Paceco,no,,,,TP05,,,,,,,,,
511439.0,IT-0722,closed,Campo Volo Costa D'argento,42.430624,11.190423,,EU,IT,IT-52,Monte Argentario,no,,,,,,,,,,,,,
511443.0,IT-0723,seaplane_base,Idroscalo di Manfredonia,41.618622,15.914007,,EU,IT,IT-75,Manfredonia,no,,,,,,,,,,,,,
511446.0,IT-0724,seaplane_base,Idroscalo di Santa Maria al Bagno,40.128704,17.994586,,EU,IT,IT-75,Nardo',no,,,,,,,,,,,,,
511452.0,IT-0725,seaplane_base,Idroscalo di Taranto,40.477113,17.225393,,EU,IT,IT-75,Taranto,no,,,,,https://www.aviazionemarittimaitaliana.it/,,,,,,,,
511631.0,IT-0726,seaplane_base,Idrosuperficie di Marone,45.741289,10.091254,,EU,IT,IT-25,Marone,no,,,,,https://visitlakeiseo.info/wp-content/uploads/2023/07/programma-21-memorial-mario-stoppani-2023.pdf,,,,,,,,
511634.0,IT-0727,closed,Desenzano del Garda Seaplane Base,45.464657,10.555984,,EU,IT,IT-25,Desenzano del Garda (BS),no,,,,,,,Idroscalo Aeronautica Militare di Desenzano del Garda,,,,,,
511770.0,IT-0728,closed,Ternate Seaplane Base,45.779714,8.694788,,EU,IT,IT-25,Ternate (VA),no,,,,,,,Idroscalo di Ternate,,,,,,
512300.0,IT-0729,small_airport,Masseria Antelmi Private Airfield,40.775846,17.591987,,EU,IT,IT-75,Ostuni (BR),no,,,,,,,Campo di volo privato Masseria Antelmi,,,,,,
514912.0,IT-0730,heliport,Madesimo Heliport,46.443232,9.363838,5259.0,EU,IT,IT-25,Madesimo (SO),no,,,,,,,Isolato,,,,,,
514914.0,IT-0731,heliport,Montespluga Heliport,46.48898,9.33744,6253.0,EU,IT,IT-25,Montespluga,no,,,,,,,,,,,,,
515274.0,IT-0732,heliport,Livigno Heliport,46.51764,10.12533,6083.0,EU,IT,IT-25,Livigno (SO),no,,,,,,,Casa della Sanità,,,,,,
515645.0,IT-0733,heliport,Moriggia Pelascini Hospital Heliport,46.14063,9.30167,699.0,EU,IT,IT-25,Gravedona (CO),no,,,,,,,,,,,,,
515646.0,IT-0734,heliport,Novate Heliport,46.21449,9.45288,748.0,EU,IT,IT-62,Novate Mezzola (SO),no,,,,,,,,,,,,,
515647.0,IT-0735,heliport,Codera Heliport,46.23743,9.472632,2657.0,EU,IT,IT-25,Codera (SO),no,,,,,,,,,,,,,
515648.0,IT-0736,heliport,Mese Valchiavenna Heliport,46.31269,9.38766,1005.0,EU,IT,IT-25,San Vittore (SO),no,,,,,,,,,,,,,
515649.0,IT-0737,heliport,Truzzo Heliport,46.358881,9.319786,6595.0,EU,IT,IT-25,San Giacomo Filippo (SO),no,,,,,,,,,,,,,
515651.0,IT-0738,heliport,Fraciscio Heliport,46.40492,9.3642,4423.0,EU,IT,IT-25,Fraciscio (SO),no,,,,,,,,,,,,,
515757.0,IT-0739,heliport,Sondrio City Hospital Heliport,46.17158,9.879853,,EU,IT,IT-25,Sondrio (SO),no,,,,,,,,,,,,,
515758.0,IT-0740,heliport,Edolo Heliport,46.173812,10.334809,2175.0,EU,IT,IT-25,Edolo (BS),no,,,,,,,,,,,,,
515759.0,IT-0741,heliport,Sondalo Heliport,46.3335,10.33147,3337.0,EU,IT,IT-25,Sondalo (SO),no,,,,,,,,,,,,,
515760.0,IT-0742,heliport,Tirano Heliport,46.21887,10.18223,1591.0,EU,IT,IT-25,Tirano (SO),no,,,,,,,,,,,,,
516474.0,IT-0743,closed,Marcon Airfield,45.565275,12.322812,,EU,IT,IT-34,Marcon (VE),no,,,,,,,,,,,,,
516499.0,IT-0744,heliport,Palmanova Hospital Heliport,45.90961,13.33654,92.0,EU,IT,IT-36,Jalmicco (UD),no,,,,,,,,,,,,,
516503.0,IT-0745,heliport,Padua Hospital Helipad,45.401134,11.891772,56.0,EU,IT,IT-34,Padova,no,,,,,,,,,,,,,
516504.0,IT-0746,heliport,Santi Giovanni & Paolo Civil Hospital Helipad,45.440485,12.344561,95.0,EU,IT,IT-34,Venice,no,,,,,,,,,,,,,
516518.0,IT-0747,heliport,Cattinara Hospital Heliport,45.632895,13.830104,845.0,EU,IT,IT-36,Trieste (TS),no,,,,,,,,,,,,,
516520.0,IT-0748,heliport,Mirano Hospital Heliport,45.500707,12.113037,26.0,EU,IT,IT-34,Venice,no,,,,,,,,,,,,,
516521.0,IT-0749,heliport,Borgosesia Hospital Heliport,45.712414,8.263298,1237.0,EU,IT,IT-21,Borgosesia,no,,,,,,,,,,,,,
516522.0,IT-0750,heliport,Cascina Costa Agusta Heliport,45.632557,8.740717,722.0,EU,IT,IT-25,Gallarate,no,,,,,,,"""Leonardo Helicopters""",,,,,,
516551.0,IT-0751,small_airport,Arca-Bessica Airfield,45.74325,11.83564,276.0,EU,IT,IT-34,Comunella (TV),no,,,,,,,,,,,,,
517051.0,IT-0752,heliport,Chiesa del Presidio Heliport,41.801993,12.498981,190.0,EU,IT,IT-62,Rome,no,,,,,,,,,,,,,
517060.0,IT-0753,heliport,Solbiate Olona Heliport,45.643085,8.854013,804.0,EU,IT,IT-25,Milan,no,,,,,,,,,,,,,
517156.0,IT-0754,heliport,San Martino Hospital Heliport,46.138985,12.200123,1300.0,EU,IT,IT-34,Belluno,no,,,,,,,,,,,,,
517182.0,IT-0755,heliport,Pontives Heliport,46.586877,11.630389,3631.0,EU,IT,IT-32,Pontives,no,,,,,,,,,,,,,
518704.0,IT-0756,small_airport,campo di volo Pian Mune',44.6458,7.244931,4905.0,EU,IT,IT-21,paesana,no,,,,CN15,,,,,,,,,
518810.0,IT-0757,small_airport,Alino Airfield,46.221329,11.169695,1729.0,EU,IT,IT-32,Faedo (TN),no,,,,TN08,,,Campo di volo Alino,,,,,,
519825.0,IT-0758,heliport,Maratea Hospital Heliport,39.998792,15.719108,709.0,EU,IT,IT-77,Maratea (PZ),no,,,,,,,,,,,,,
537836.0,IT-0759,heliport,Heli-Pisa North,43.78001,10.33434,,EU,IT,IT-52,Vecchiano,no,,,,,,,,,,,,,
520762.0,IT-0760,small_airport,Campo di volo S.Elia (Buccino),40.658381,15.335616,,EU,IT,IT-72,Buccino (SA),no,,,,,,,,,,,,,
520767.0,IT-0761,small_airport,Eurofly Airfield,45.690507,11.746809,,EU,IT,IT-34,Tezze sul Brenta (VI),no,,,,,,,Campo di Volo EUROFLY,,,,,,
520974.0,IT-0762,closed,Alicusa,37.612908,12.700109,,EU,IT,IT-82,Trapani - Campobello di Mazara,no,,,,,,,,,,,,,
527103.0,IT-0763,small_airport,Il Pianetto Airstrip,44.129994,10.395309,1247.0,EU,IT,IT-52,Pieve Fosciana (LU),no,,,,LUPFS,,,Campo di Volo Il Pianetto,,,,,,
533514.0,IT-0764,small_airport,Dosolo Airfield,44.96078,10.63557,69.0,EU,IT,IT-25,Dosolo (MN),no,,,,,,,Campovolo Dosolo,,,,,,
533610.0,IT-0765,closed,Icaro Airfield,45.67365,12.39375,10.0,EU,IT,IT-34,San Biagio di Callalta (TV),no,,,,,,,"Aviosuperficie ICARO, Campo di Volo ICARO",,,,,,
533612.0,IT-0766,small_airport,Azienda Agricola Balduit Giuliano Airfield,45.73732,13.44837,-9.0,EU,IT,IT-36,Grado (GO),no,,,,,,,,,,,,,
533615.0,IT-0767,small_airport,San Michele NO11,45.66137,8.48094,912.0,EU,IT,IT-21,Fontaneto d'Agogna (NO),no,,,,,,,,,,,,,
533881.0,IT-0768,small_airport,Balbido Ultralight Airfield,46.00909,10.82986,2176.0,EU,IT,IT-32,Fiavè (TN),no,,,,,,,"Campo Volo Balbido, Santa Giustina",,,,,,
534378.0,IT-0769,small_airport,Ronzo-Chienis Paraglider Field,45.901945,10.975953,,EU,IT,IT-32,Ronzo-Chienis (TN),no,,,,,,,,,,,,,
534379.0,IT-0770,small_airport,Evi Airfield,45.90137,12.13299,486.0,EU,IT,IT-34,Pieve di Soligo (TV),no,,,,,,,,,,,,,
534381.0,IT-0771,small_airport,Perliera Airfield,45.05877,11.62267,16.0,EU,IT,IT-34,Lendinara (RO),no,,,,,,,,,,,,,
535509.0,IT-0772,heliport,Sant'Anna Hospital Heliport,44.80066,11.69987,10.0,EU,IT,IT-45,Ferrara (FE),no,,,,,,,Arcispedale Sant'Anna,,,,,,
539863.0,IT-0773,heliport,San Polo Hospital Heliport,45.815,13.52087,26.0,EU,IT,IT-36,Monfalcone (GO),no,,,,,,,,,,,,,
540012.0,IT-0774,small_airport,Rovigo Est Airfield,45.130463,11.97921,7.0,EU,IT,IT-34,Pettorazza Grimani (RO),no,,,,,,,Campo di Volo Rovigo Est,,,,,,
547730.0,IT-0775,small_airport,Verolengo Airstrip,45.18612,7.98596,,EU,IT,IT-21,,no,,,,,,,,,,,,,
549466.0,IT-0776,heliport,San Rossore Helicopter Base,43.72172,10.33768,,EU,IT,IT-52,,no,,,,,,,,,,,,,
554578.0,IT-0777,small_airport,Campo Volo Trens,46.873657,11.472973,,EU,IT,IT-32,Trens (Bolzano),no,,,,,,,,,,,,,
554674.0,IT-0778,closed,Manduria Airfield,40.444303,17.629851,285.0,EU,IT,IT-75,Manduria (TA),no,,,,,,https://en.wikipedia.org/wiki/Manduria_Airfield,"LINM, Manduria Army Air Field",,,,,,
554756.0,IT-0779,heliport,Riuniti Foggia Hospital Heliport,41.45888,15.52023,285.0,EU,IT,IT-75,Foggia (FG),no,,,,,,,,,,,,,
561177.0,IT-0780,small_airport,Rutor Glacier Altiport,45.632223,7.005417,10830.0,EU,IT,IT-23,La Thuile (AO),no,,,,,,,Ghiacciaio del Rutor,,,,,,
561349.0,IT-0781,small_airport,Beverino Airfield,44.19713,9.80555,171.0,EU,IT,IT-42,Beverino (SP),no,,,,,,,,,,,,,
561351.0,IT-0782,small_airport,Gh. del Mont Gelé,45.902684,7.36571,,EU,IT,IT-23,,no,,,,,,,,,,,,,
561358.0,IT-0783,small_airport,Ghiacciaio del Braoulé altiporto,45.951132,7.52853,,EU,IT,IT-23,,no,,,,,,,,,,,,,
561363.0,IT-0784,small_airport,Nevaio del Fallére altiporto,45.758806,7.189477,,EU,IT,IT-23,,no,,,,,,,,,,,,,
561367.0,IT-0785,small_airport,Ghiacciaio del Lys,45.917118,7.855349,,EU,IT,IT-23,,no,,,,,,,,,,,,,
561370.0,IT-0786,small_airport,Champillon altiporto,45.850642,7.273913,,EU,IT,IT-23,,no,,,,,,,,,,,,,
561580.0,IT-0787,small_airport,Fabbro Private Airstrip,44.79485,11.58911,20.0,EU,IT,IT-45,Ferrara (FE),no,,,,,,,,,,,,,
562054.0,IT-0788,small_airport,Valsamoggia-Braglie Ultralight Airfield,44.49545,11.10378,299.0,EU,IT,IT-45,Monteveglio (BO),no,,,,BO17,,,Campo volo di Valsamoggia-Braglie,,,,,,
562950.0,IT-0789,small_airport,Col di Rhémes,45.496135,7.05721,,EU,IT,IT-23,Aosta,no,,,,,,,,,,,,,
563782.0,IT-0790,small_airport,Granta Pareì ghiacciaio,45.492637,7.060532,,EU,IT,IT-23,Aosta,no,,,,,,,,,,,,,
563788.0,IT-0791,small_airport,Gh. de la Sassiere,45.496949,7.037968,,EU,IT,IT-23,Aosta,no,,,,,,,,,,,,,
563794.0,IT-0792,small_airport,Gh. del Miravidi breul,45.711963,6.822829,,EU,IT,IT-23,Aosta,no,,,,,,,,,,,,,
563798.0,IT-0793,small_airport,Gh. del Léchaud,45.731861,6.816234,,EU,IT,IT-23,Aosta,no,,,,,,,,,,,,,
570708.0,IT-0796,heliport,Matera Heliport,40.67337,16.54763,735.0,EU,IT,IT-77,Zona Industriale La Martella (MT),no,,,,,,,,,,,,,
575091.0,IT-0797,closed,Torremezzo di Falconara Airfield,39.28182,16.05505,16.0,EU,IT,IT-78,San Lucido (CZ),no,,,,,,,,,,,,,
575096.0,IT-0798,small_airport,Grillo Casa Airfield,43.32607,11.56251,722.0,EU,IT,IT-52,Colonna di Grillo (SI),no,,,,,,,,,,,,,
575097.0,IT-0799,heliport,Croce Verde di Saluzzo Heliport,44.65254,7.46928,1020.0,EU,IT,IT-21,Saluzzo (CN),no,,,,,,,,,,,,,
575099.0,IT-0800,small_airport,Sant'Anna di Saluzzo Airfield,44.65943,7.45636,981.0,EU,IT,IT-21,Saluzzo (CN),no,,,,,,,Campo di volo Sant'Anna di Saluzzo,,,,,,
575100.0,IT-0801,small_airport,Ali sul Po Airfield,44.65734,7.44981,991.0,EU,IT,IT-21,Saluzzo (CN),no,,,,,,,,,,,,,
4364.0,IT-0802,closed,Vicenza Airport,45.573399,11.5295,128.0,EU,IT,IT-34,Vicenza (VI),no,,,,,,,"T Dal Molin, LIPT, VIC",,,,,,
31821.0,IT-0803,closed,Martina Franca Air Force Base,40.700001,17.333,1467.0,EU,IT,IT-75,Martina Franca,no,,,,,,,"LIBX, LIBX",,,,,,
44004.0,IT-0804,closed,Mantova Airport,45.135834,10.794444,57.0,EU,IT,IT-25,Mantova,no,,,,,,,"LIDM, LIDM",,,,,,
316388.0,IT-0805,closed,Cerrina Airfield,45.005,7.492778,,EU,IT,IT-21,Bruino (TO),no,,,,,,,LILT,,,,,,
331921.0,IT-0806,closed,San Leo Airfield,43.918255,12.319971,,EU,IT,IT-57,San Leo (RN),no,,,,,,,LIDS,,,,,,
331922.0,IT-0807,closed,Vigna di Valle,42.0844444,12.2183333,886.0,EU,IT,IT-62,,no,,,,,,,"LIRB, LIRB",,,,,,
31822.0,IT-0808,small_airport,Aviosuperficie Airone,37.113977,14.214206,82.0,EU,IT,IT-82,Gela,no,,,,,,,LICL,,,,,,
599222.0,IT-0809,small_airport,Aviovitombola Ultralight Strip,43.17619,11.79623,,EU,IT,IT-52,,no,,,,,,,,,,,,,
600277.0,IT-0810,heliport,San Bortolo Hospital Helipad,45.555299,11.544907,180.0,EU,IT,IT-34,Vicenza,no,,,,,,,,,,,,,
601170.0,IT-0811,small_airport,Campovolo Bellamarinafly,40.524149,17.774945,290.0,EU,IT,IT-75,Torre Santa Susanna (Mesagne),no,,,,BR10,,,,,,,,,
602744.0,IT-0812,closed,Mondovi Airbase,44.408333,7.820833,1339.0,EU,IT,IT-21,Mondavi (CN),no,,,,,,,LIMY,,,,,,
605586.0,IT-0813,heliport,Chiaromonte Hospital Heliport,40.123085,16.216614,2244.0,EU,IT,IT-77,Chiaromonte (PZ),no,,,,,,,"Potenza, San Giovanni",,,,,,
605949.0,IT-0814,heliport,Elitaliana Heliport,42.18273,11.75082,15.0,EU,IT,IT-62,Tarquinia (VT),no,,,,,,,,,,,,,
605951.0,IT-0815,closed,Tarquinia Airport,42.210809,11.733971,47.0,EU,IT,IT-62,Tarquinia (VT),no,,,,,,,,,,,,,
605952.0,IT-0816,heliport,San Giovanni di Dio Orbetello Hospital Heliport,42.44589,11.23904,33.0,EU,IT,IT-62,Orbetello (GR),no,,,,,,,,,,,,,
605954.0,IT-0817,heliport,Cecina Hospital Heliport,43.31615,10.53216,54.0,EU,IT,IT-52,Cecina (LI),no,,,,,,,,,,,,,
605955.0,IT-0818,heliport,Grandi Molini Italiani Heliport,43.57928,10.32129,7.0,EU,IT,IT-52,Livorno (LI),no,,,,,,,,,,,,,
605956.0,IT-0819,heliport,Gaetano Pasquinucci Heart Hospital Heliport,44.01919,10.15235,215.0,EU,IT,IT-52,Massa (MS),no,,,,,,,,,,,,,
605957.0,IT-0820,heliport,New Apuane Hospital Heliport,44.01903,10.09754,27.0,EU,IT,IT-52,Marina di Massa (MS),no,,,,,,,,,,,,,
605958.0,IT-0821,heliport,Carrara Port Heliport,44.03471,10.03899,7.0,EU,IT,IT-52,Carrara (MS),no,,,,,,,,,,,,,
605959.0,IT-0822,heliport,Piazzola Heliport,44.23199,9.54839,869.0,EU,IT,IT-42,Deiva Marina (SP),no,,,,,,,,,,,,,
605960.0,IT-0823,heliport,San Salvatore Red Cross Heliport,44.32811,9.34956,22.0,EU,IT,IT-42,San Salvatore (GE),no,,,,,,,,,,,,,
605961.0,IT-0824,heliport,Rapallo Motor Club A Olivari Heliport,44.35526,9.19578,176.0,EU,IT,IT-42,Rapallo (GE),no,,,,,,,,,,,,,
605962.0,IT-0825,heliport,Rossetti Heliport,44.35708,9.18256,173.0,EU,IT,IT-42,Rapallo (GE),no,,,,,,,,,,,,,
605963.0,IT-0826,heliport,Gaslini Hospital Heliport,44.39334,8.988639,,EU,IT,IT-42,Genoa (GE),no,,,,,,,,,,,,,
606392.0,IT-0827,seaplane_base,Laguna di Varano (K.Fly),41.875248,15.689936,,EU,IT,IT-75,Cagnano Varano,no,,,,FG10,,,,,,,,,
606507.0,IT-0828,seaplane_base,Idroscalo di Spotorno,44.218942,8.415297,,EU,IT,IT-U-A,Spotorno,no,,,,SPOT,https://www.volidimare.it/,,,,,,,,
606530.0,IT-0829,closed,Glacier du Dolent,45.917871,7.048202,,EU,IT,IT-U-A,Courmayeur,no,,,,,,,,,,,,,
2640.0,LE83,small_airport,Aeródromo forestal de Mojados,41.465728,-4.713068,2329.0,EU,ES,ES-CL,Mojados,no,,,LEOA,,,https://es.wikipedia.org/wiki/Aer%C3%B3dromo_de_Mojados,,,,,,,
2641.0,LE84,small_airport,Jayena Airfield,36.930698,-3.83538,3654.0,EU,ES,ES-AN,Jayena,no,,,,,,,,,,,,,
550434.0,LEAF,heliport,Alcorisa Forestry Heliport,40.898141,-0.396393,2417.0,EU,ES,ES-AR,Teruel,no,,,LEAF,,,,,,,,,,
29409.0,LEAP,small_airport,Ampuriabrava Airfield,42.259998,3.109722,2.0,EU,ES,ES-CT,Empuriabrava,no,,,LEAP,,,https://en.wikipedia.org/wiki/Empuriabrava_Aerodrome,"Empuriabrava, Ampuriabrava",,,,,,
30054.0,LEAX,small_airport,La Axarquía-Leoni Benabu Airfield,36.801666,-4.135556,118.0,EU,ES,ES-AN,Málaga,no,,,LEAX,,,https://es.wikipedia.org/wiki/Aer%C3%B3dromo_de_La_Axarqu%C3%ADa,,,,,,,
550087.0,LEAY,heliport,La Atalaya Firefighting Heliport,38.634316,-3.789527,3045.0,EU,ES,ES-CM,Calzada de Calatrava,no,,,LEAY,,,,,,,,,,
43249.0,LEBC,heliport,Costa Brava-Centro Heliport,41.80770111083984,3.037179946899414,42.0,EU,ES,ES-CT,,no,,,LEBC,,,,,,,,,,
355324.0,LEBD,heliport,El Bodon Heliport,40.48453,-6.57709,2647.0,EU,ES,ES-CL,37520 El Bodón,no,,,LEBD,,,,,,,,,,
4002.0,LEBE,small_airport,Beas De Segura Airfield,38.271111,-2.948889,1780.0,EU,ES,ES-AN,Jaén,no,,,LEBE,,https://www.aerodromodebeasdesegura.com/,https://es.wikipedia.org/wiki/Aer%C3%B3dromo_de_Beas_de_Segura,,,,,,,
43239.0,LEBP,heliport,BP Oil España Heliport,39.957901,-0.011632,943.0,EU,ES,ES-VC,Castellón de La Plana,no,,,LEBP,,,https://de.wikipedia.org/wiki/BP_Oil_Espa%C3%B1a_Heliport,,,,,,,
550443.0,LEBS,heliport,Can Bonastre Wine Resort Heliport,41.507695,1.787712,945.0,EU,ES,ES-CT,Masquefa,no,,,LEBS,,,,,,,,,,
549920.0,LEBU,heliport,Bustarviejo Heliport,40.856922,-3.742135,3972.0,EU,ES,ES-MD,Bustarviejo,no,,,LEBU,,,,Brigadas Forestales,,,,,,
43278.0,LECA,small_airport,La Nava - Corral De Ayllón Airfield,41.410801,-3.44833,3280.0,EU,ES,ES-CL,Corral de Ayllón,no,,,LECA,,,,,,,,,,
43244.0,LECC,heliport,Cas Curredó Heliport,38.9291,1.46633,278.0,EU,ES,ES-IB,Santa Eulària des Riu,no,,,LECC,,,,,,,,,,
4006.0,LECD,small_airport,La Cerdanya Airfield,42.386398,1.86667,3586.0,EU,ES,ES-CT,Alp,no,,,LECD,,,https://en.wikipedia.org/wiki/La_Cerdanya_Aerodrome,,,,,,,
563315.0,LECE,heliport,Reus Emergency Center Heliport,41.133698,1.187351,312.0,EU,ES,ES-CB,Tarragona,no,,,LECE,,,,,,,,,,
43241.0,LECF,small_airport,Calaf-Sallavinera Airfield,41.744202,1.55694,2355.0,EU,ES,ES-CT,Sant Pere Sallavinera,no,,,LECF,,,https://es.wikipedia.org/wiki/Aer%C3%B3dromo_de_Calaf-Salavinera,,,,,,,
30367.0,LECI,small_airport,Santa Cilia De Jaca Airfield,42.569199,-0.727778,2241.0,EU,ES,ES-AR,Huesca,no,,,LECI,,http://www.fly-pyr.es,https://es.wikipedia.org/wiki/Aer%C3%B3dromo_de_Santa_Cilia-Los_Pirineos,,,,,,,
29760.0,LECN,small_airport,Castellon de la Plana Aerodrome,39.99836,0.026355,20.0,EU,ES,ES-VC,Castellón de la Plana,no,,,LECN,,http://aeroclubcastellon.com,https://en.wikipedia.org/wiki/Castell%C3%B3n_Airport,CDT,,,,,,
43254.0,LECT,small_airport,El Castaño Airfield,39.013604,-4.387141,2116.0,EU,ES,ES-CM,Luciana,no,,,LECT,,,https://es.wikipedia.org/wiki/Aer%C3%B3dromo_de_El_Casta%C3%B1o,,,,,,,
326765.0,LECV,heliport,Base Aérea de Colmenar Viejo,40.697296,-3.763255,3264.0,EU,ES,ES-MD,Colmenar Viejo,no,,,LECV,,,,FAMET,,,,,,
518334.0,LEDE,small_airport,Córdoba-Villarrubia Airfield,37.836632,-4.896426,307.0,EU,ES,ES-AN,Córdoba,no,,,LEDE,,https://www.aeronauticadelgado.com/web/aerodromo/,,Aerodel,,,,,,
43251.0,LEDG,heliport,Dirección General de Tráfico Heliport,40.44929885864258,-3.646130561828613,2336.0,EU,ES,ES-MD,Madrid,no,,,LEDG,,,,,,,,,,
43267.0,LEDO,heliport,Hospital Doce de Octubre Heliport,40.3747362789,-3.69985252619,1970.0,EU,ES,ES-MD,Madrid,no,,,LEDO,,,,,,,,,,
549924.0,LEDV,heliport,San Martin Firefighting Heliport,40.357728,-4.376101,1995.0,EU,ES,ES-MD,San Martín de Valdeiglesias,no,,,LEDV,,,,,,,,,,
326764.0,LEEC,heliport,Base Aérea de El Copero,37.313164,-5.999058,20.0,EU,ES,ES-AN,Dos Hermanas,no,,,LEEC,,,https://es.wikipedia.org/wiki/El_Copero,,,,,,,
550096.0,LEEI,heliport,Talavera de la Reina Heliport,39.924064,-4.801274,1654.0,EU,ES,ES-CM,Talavera de la Reina,no,,,LEEI,,,,,,,,,,
43256.0,LEEL,heliport,El Musel Heliport,43.54973220825195,-5.695445537567139,1.0,EU,ES,ES-AS,Gijón,no,,,LEEL,,,,,,,,,,
43255.0,LEEM,small_airport,El Manantío Airfield,38.777508,-6.991124,876.0,EU,ES,ES-EX,Badajoz,no,,,LEEM,,,,,,,,,,
549921.0,LEER,heliport,La Cabrera Heliport,40.855353,-3.617942,3373.0,EU,ES,ES-MD,La Cabrera,no,,,LEER,,,,,,,,,,
550457.0,LEET,heliport,Cueto Firefighting Heliport,42.632898,-6.648556,1890.0,EU,ES,ES-CL,Ponferrada,no,,,LEET,,,,,,,,,,
43252.0,LEEV,small_airport,E. Castellanos-Villacastín Airfield,40.783901,-4.46278,3304.0,EU,ES,ES-CL,Villacastin,no,,,LEEV,,,,,,,,,,
43259.0,LEEX,heliport,La Cartuja (Expo 92) Heliport,37.3993,-6.010675,30.0,EU,ES,ES-AN,Seville,no,,,LEEX,,,https://es.wikipedia.org/wiki/Helipuerto_de_la_Cartuja,,,,,,,
4008.0,LEFM,small_airport,Fuentemilanos Airfield,40.889137,-4.240165,3307.0,EU,ES,ES-CL,Segovia,no,,,LEFM,,,http://es.wikipedia.org/wiki/Aer%C3%B3dromo_de_Fuentemilanos,,,,,,,
43260.0,LEFR,heliport,Fira M2 Heliport,41.35390090942383,2.1291699409484863,34.0,EU,ES,ES-CT,Barcelona,no,,,LEFR,,,,,,,,,,
4009.0,LEGA,medium_airport,Armilla Air Base,37.133202,-3.63569,2297.0,EU,ES,ES-AN,Armilla,no,,,LEGA,,,https://es.wikipedia.org/wiki/Base_A%C3%A9rea_de_Armilla,,,,,,,
43235.0,LEGC,small_airport,Altarejos-Guadalcanal Private Airfield,38.1717,-5.73953,1928.0,EU,ES,ES-AN,Sevilla,no,,,LEGC,,,,,,,,,,
43261.0,LEGD,heliport,Garidells Heliport,41.21390151977539,1.241559982299805,434.0,EU,ES,ES-CT,Tarragona,no,,,LEGD,,,,,,,,,,
43292.0,LEGS,heliport,Parque De Garraf-Sitges Heliport,41.27389907836914,1.914720058441162,1100.0,EU,ES,ES-CT,,no,,,LEGS,,,,,,,,,,
43262.0,LEGU,small_airport,Aeródromo de Guadalupe,39.345699,-5.19735,1408.0,EU,ES,ES-EX,Guadalupe,no,,,LEGU,,,,,,,,,,
43242.0,LEGV,heliport,Campo Gaviota Heliport,43.44169998168945,-2.7536098957061768,630.0,EU,ES,ES-PV,,no,,,LEGV,,,,,,,,,,
38693.0,LEGY,small_airport,Garray Airfield,41.820004,-2.476387,3360.0,EU,ES,ES-CL,Soria,no,,,LEGY,,,http://es.wikipedia.org/wiki/Aer%C3%B3dromo_de_Garray-Soria,,,,,,,
43265.0,LEHA,heliport,Alcorcón Hospital Heliport,40.349702,-3.83819,2269.0,EU,ES,ES-MD,Alcorcón,no,,,LEHA,,,,,,,,,,
43264.0,LEHE,heliport,Helicsa Heliport,39.071106,-1.834567,2226.0,EU,ES,ES-CM,Albacete,no,,,LEHE,,,,,,,,,,
43269.0,LEHG,heliport,Hospital General De Catalunya Heliport,41.47359848022461,2.0425000190734863,385.0,EU,ES,ES-CT,,no,,,LEHG,,,,,,,,,,
549917.0,LEHH,heliport,Henares Hospital Heliport,40.419524,-3.532319,1959.0,EU,ES,ES-MD,Coslada,no,,,LEHH,,https://www.comunidad.madrid/hospital/henares/,,,,,,,,
43273.0,LEHJ,heliport,Hospital Universitario Joan XXIII Heliport,41.1255989074707,1.23812997341156,75.0,EU,ES,ES-CT,Tarragona,no,,,LEHJ,,,,,,,,,,
43270.0,LEHM,heliport,Hospital General De Manresa Heliport,41.720001220703125,1.840559959411621,962.0,EU,ES,ES-CT,Manresa,no,,,LEHM,,,,,,,,,,
512391.0,LEHU,heliport,Oviedo Hospital Heliport,43.37721,-5.82638,,EU,ES,ES-AS,Oviedo,no,,,LEHU,,,,,,,,,,
533125.0,LEHV,heliport,Alvaro Cunqueiro Hospital Helipad.,42.187797,-8.714093,675.0,EU,ES,ES-GA,Vigo,no,,,LEHV,,,,,,,,,,
38691.0,LEIG,small_airport,Igualada/Odena Airfield,41.585602,1.65306,1080.0,EU,ES,ES-CT,Barcelona,no,,,LEIG,,http://www10.gencat.net/ptop/AppJava/cat/aerotrans/aerodroms/aerodroms/igualada.jsp,https://en.wikipedia.org/wiki/Igualada-%C3%92dena_Aerodrome,,,,,,,
43275.0,LEIU,heliport,Iurreta Heliport,43.18190002441406,-2.646389961242676,422.0,EU,ES,ES-PV,Durango,no,,,LEIU,,,,,,,,,,
4014.0,LEIZ,small_airport,La Perdiz - Torre De Juan Abad Airfield,38.5131,-3.36433,2753.0,EU,ES,ES-CM,Torre de Juan Abad,no,,,LEIZ,,,https://es.wikipedia.org/wiki/Aer%C3%B3dromo_de_La_Perdiz,,,,,,,
43274.0,LEJC,heliport,Hotel Rey Juan Carlos I Heliport,41.38249969482422,2.1091699600219727,287.0,EU,ES,ES-CT,Barcelona,no,,,LEJC,,,,,,,,,,
550103.0,LEJL,heliport,Guttmann Hospital Heliport,41.479645,2.238493,623.0,EU,ES,ES-CT,Canyet,no,,,LEJL,,,,,,,,,,
563311.0,LEJN,heliport,Sant Joan de Reus University Hospital Heliport.,41.144641,1.12506,312.0,EU,ES,ES-CT,Tarragona,no,,,LEJN,,,,,,,,,,
43282.0,LEJO,small_airport,Madrigalejo Del Monte Airfield,42.134399,-3.73103,3030.0,EU,ES,ES-CL,Madrigalejo Del Monte,no,,,LEJO,,,,,,,,,,
43268.0,LEJT,heliport,Hospital Doctor Josep Trueta Heliport,41.99789810180664,2.8213999271392822,215.0,EU,ES,ES-CT,Gerona,no,,,LEJT,,,,,,,,,,
43277.0,LEJU,small_airport,La Juliana Airfield,37.294998,-6.1625,148.0,EU,ES,ES-AN,Sevilla,no,,,LEJU,,https://www.aerodromolajuliana.es/index.php,https://de.wikipedia.org/wiki/Aer%C3%B3dromo_La_Juliana,,,,,,,
4016.0,LELA,small_airport,La Calderera Airfield,38.747898,-3.51456,2467.0,EU,ES,ES-CM,Valdepeñas,no,,,LELA,,,https://es.wikipedia.org/wiki/Aer%C3%B3dromo_de_La_Calderera,,,,,,,
550099.0,LELB,heliport,Regional Emergency Center Heliport,40.475232,-2.383516,2444.0,EU,ES,ES-CM,Albendea,no,,,LELB,,,,,,,,,,
43233.0,LELH,small_airport,Alhama De Murcia Airfield,37.748901,-1.30216,669.0,EU,ES,ES-MC,Cánovas,no,,,LELH,,,,,,,,,,
29412.0,LELL,small_airport,Sabadell Airfield,41.520901,2.10508,485.0,EU,ES,ES-CT,Sabadell,no,,,LELL,,https://www.aena.es/en/sabadell.html,https://en.wikipedia.org/wiki/Sabadell_Airport,QSA,,,,,,
43234.0,LELM,small_airport,Almansa Airfield,38.895,-1.11318,2248.0,EU,ES,ES-CM,Almansa,no,,,LELM,,,https://es.wikipedia.org/wiki/Aer%C3%B3dromo_de_Almansa,,,,,,,
30083.0,LELO,medium_airport,Logroño-Agoncillo Airport,42.460953,-2.322235,1161.0,EU,ES,ES-RI,Logroño,no,,RJL,LERJ,,https://www.aena.es/en/logrono-agoncillo.html,https://en.wikipedia.org/wiki/Logro%C3%B1o%E2%80%93Agoncillo_Airport,LELO,,,,,,
43279.0,LELT,small_airport,Lillo Airfield,39.7169,-3.32056,2272.0,EU,ES,ES-CM,Lillo,no,,,LELT,,,https://es.wikipedia.org/wiki/Aer%C3%B3dromo_de_Lillo,,,,,,,
549915.0,LELV,heliport,Infanta Leonor University Hospital Heliport,40.386565,-3.615839,2145.0,EU,ES,ES-MD,Madrid,no,,,LELV,,,https://en.wikipedia.org/wiki/Hospital_Universitario_Infanta_Leonor,,,,,,,
550119.0,LEME,heliport,S'Arangi Heliport,39.968221,4.093734,429.0,EU,ES,ES-IB,Es Mercadal,no,,,LEME,,,,Menorca,,,,,,
43283.0,LEMF,small_airport,Mafé - Gibraleón Airfield,37.3643,-6.92094,86.0,EU,ES,ES-AN,Gibraleón,no,,,LEMF,,,,,,,,,,
43263.0,LEMN,heliport,Heli Montsiá - Amposta Heliport,40.66640090942383,0.5647220015525818,254.0,EU,ES,ES-CT,Tarragona,no,,,LEMN,,,,,,,,,,
43281.0,LEMP,small_airport,Los Martínez Del Puerto Airfield,37.836817,-1.097667,534.0,EU,ES,ES-MC,Murcia,no,,,LEMP,,,https://es.wikipedia.org/wiki/Aer%C3%B3dromo_de_Los_Mart%C3%ADnez_del_Puerto,,,,,,,
4023.0,LEMR,small_airport,La Morgal Airfield,43.429199,-5.83056,541.0,EU,ES,ES-AS,Oviedo,no,,,LEMR,,http://www.aeroclubllanera.com/,http://es.wikipedia.org/wiki/Aer%C3%B3dromo_de_La_Morgal,,,,,,,
43284.0,LEMS,small_airport,Manresa Airfield,41.765301,1.86167,897.0,EU,ES,ES-CT,Manresa,no,,,LEMS,,,https://es.wikipedia.org/wiki/Aer%C3%B3dromo_de_Manresa,,,,,,,
43245.0,LEMT,small_airport,Casarrubios Del Monte Airfield,40.235001,-4.02639,2050.0,EU,ES,ES-CM,Toledo,no,,,LEMT,,,https://en.wikipedia.org/wiki/Aerodrome_of_Casarrubios_del_Monte,,,,,,,
30168.0,LEMU,small_airport,Muchamiel Airfield,38.440601,-0.475278,427.0,EU,ES,ES-VC,Muchamiel,no,,,LEMU,,http://www.aerodromodemutxamel.es/,https://es.wikipedia.org/wiki/Aer%C3%B3dromo_de_Muchamiel,,,,,,,
34924.0,LEMX,small_airport,La Mancha-Toledo Airfield,39.562099,-3.25075,2195.0,EU,ES,ES-CM,Toledo,no,,,LEMX,,,,,,,,,,
43237.0,LENA,small_airport,Benabarre Airfield,42.0228,0.482222,2450.0,EU,ES,ES-AR,Huesca,no,,,LENA,,http://aerodromobenabarre.info,https://es.wikipedia.org/wiki/Aeródromo_de_Benabarre,"Benabarre,",,,,,,
43240.0,LENB,heliport,Cala'n Blanes Heliport,39.996836,3.814097,27.0,EU,ES,ES-IB,Ciutadella de Menorca,no,,,LENB,,,,,,,,,,
331318.0,LENE,small_airport,La Caminera Airfield,38.669727,-3.303194,2510.0,EU,ES,ES-CM,,no,,,LENE,,https://www.hotellacaminera.com/pista-de-aterrizaje/,,,,,,,,
43288.0,LENH,heliport,Nou Hospital De Mataró Heliport,41.56079864501953,2.429719924926758,638.0,EU,ES,ES-CT,Mataró,no,,,LENH,,,,,,,,,,
43266.0,LENM,heliport,Hospital Can Misses Heliport,38.9175,1.41944,91.0,EU,ES,ES-IB,Ibiza (Eivissa),no,,,LENM,,,,,,,,,,
333776.0,LENN,small_airport,La Centenera,38.11489,-4.11547,2169.0,EU,ES,ES-AN,Marmolejo,no,,,LENN,,,,,,,,,,
550088.0,LENT,heliport,Alcoba de Los Montes Heliport,39.267248,-4.490408,2087.0,EU,ES,ES-CM,Alcoba,no,,,LENT,,,,,,,,,,
4024.0,LEOC,small_airport,Ocaña Airfield,39.9375,-3.50333,2405.0,EU,ES,ES-CM,Ocaña,no,,,LEOC,,,https://es.wikipedia.org/wiki/Aer%C3%B3dromo_de_Oca%C3%B1a,,,,,,,
43291.0,LEOR,heliport,Parque De Bomberos De Orriols Heliport,42.13219833374024,2.9038898944854736,530.0,EU,ES,ES-CT,Orriols,no,,,LEOR,,,,,,,,,,
315993.0,LEOS,small_airport,Aeródromo de los Oteros,42.333056,-5.451944,2620.0,EU,ES,ES-CL,Pajares de Los Oteros,no,,,LEOS,,http://www.aerodromolosoteros.com,https://es.wikipedia.org/wiki/Aer%C3%B3dromo_Los_Oteros,,,,,,,
43289.0,LEOT,small_airport,Ontur Airfield,38.615681,-1.526477,2200.0,EU,ES,ES-CM,Ontur,no,,,LEOT,,,https://es.wikipedia.org/wiki/Aer%C3%B3dromo_de_Ontur,,,,,,,
43236.0,LEPB,heliport,Autoridad Portuaria de Barcelona Heliport,41.36429977416992,2.18301010131836,29.0,EU,ES,ES-CT,Barcelona,no,,,LEPB,,,,"Helipuerto de la autoridad portuaria de Barcelona, Port Authority of Barcelona Heliport",,,,,,
43246.0,LEPI,small_airport,Casas de los Pinos Airfield,39.298199,-2.37872,2370.0,EU,ES,ES-CM,Casas de los Pinos,no,,,LEPI,,,https://es.wikipedia.org/wiki/Aer%C3%B3dromo_de_Casas_de_los_Pinos,,,,,,,
550441.0,LEPJ,heliport,El Pueyo de Jaca Heliport,42.716444,-0.300132,3530.0,EU,ES,ES-AR,Jaca,no,,,LEPJ,,,,Panticosa,,,,,,
43290.0,LEPR,small_airport,Palma del Río Airfield,37.714384,-5.215226,410.0,EU,ES,ES-AN,Palma del Rio,no,,,LEPR,,,https://www.wikidata.org/wiki/Q5659346,,,,,,,
43285.0,LEPS,heliport,Mas Passamaner Heliport,41.1859016418457,1.1599199771881104,480.0,EU,ES,ES-CT,Reus,no,,,LEPS,,,,,,,,,,
43250.0,LEPV,heliport,Costa Norte-Puerto de Viveiro-Celeiro Heliport,43.674801,-7.59523,13.0,EU,ES,ES-GA,Vivero,no,,,LEPV,,,https://es.wikipedia.org/wiki/Helipuerto_Costa_Norte,,,,,,,
43257.0,LEPY,heliport,El Portinyol Heliport,41.58349990844727,2.560790061950684,200.0,EU,ES,ES-CT,Barcelona,no,,,LEPY,,,,,,,,,,
4026.0,LEPZ,small_airport,Los Pozuelos De Calatrava Airfield,38.912201,-4.19111,1850.0,EU,ES,ES-CM,Los Pozuelos De Calatrava,no,,,LEPZ,,,,,,,,,,
533123.0,LEQE,heliport,Queimadelos Heliport,42.215543,-8.426442,1210.0,EU,ES,ES-GA,Vigo,no,,,LEQE,,,,,,,,,,
43293.0,LERA,heliport,R.A.C.C. Heliport,41.38330078125,2.108330011367798,300.0,EU,ES,ES-CT,Barcelona,no,,,LERA,,,,,,,,,,
550459.0,LERB,heliport,Rabanal del Camino Firefighting Heliport,42.480863,-6.272399,3665.0,EU,ES,ES-CL,León,no,,,LERB,,,,,,,,,,
43294.0,LERE,small_airport,Aeródromo Requena El Rebollar,39.474701,-1.03444,2340.0,EU,ES,ES-VC,Requena,no,,,LERE,,http://www.flyrequena.com/index.htm,https://es.wikipedia.org/wiki/Aer%C3%B3dromo_de_Requena,,,,,,,
43238.0,LERG,heliport,Berga Heliport,42.104811,1.85812,2326.0,EU,ES,ES-CT,Berga,no,,,LERG,,,,,,,,,,
4027.0,LERI,medium_airport,Alcantarilla Air Base,37.951099,-1.23032,250.0,EU,ES,ES-MC,Alcantarilla,no,,,LERI,,,https://es.wikipedia.org/wiki/Base_A%C3%A9rea_de_Alcantarilla,,,,,,,
4029.0,LERM,small_airport,Robledillo De Mohernando Airfield,40.865299,-3.24778,3097.0,EU,ES,ES-CM,Robledillo De Mohernando,no,,,LERM,,,https://es.wikipedia.org/wiki/Aer%C3%B3dromo_de_Robledillo_de_Mohernando,,,,,,,
4030.0,LERO,small_airport,Rozas Airfield,43.116901,-7.47028,1444.0,EU,ES,ES-GA,Lugo,no,,,LERO,,,https://en.wikipedia.org/wiki/Rozas_Airborne_Research_Center,,,,,,,
43300.0,LERV,heliport,Servei D'Evacuació Del Circuit De Catalunya Heliport,41.571999,2.26203,406.0,EU,ES,ES-CT,,no,,,LERV,,,https://de.wikipedia.org/wiki/Heliport_d%E2%80%99evacuaci%C3%B3_del_Circuit_de_Catalunya,,,,,,,
333777.0,LERY,heliport,King Juan Carlos Hospital Heliport,40.340433,-3.86951,2207.0,EU,ES,ES-MD,Móstoles,no,,,LERY,,,,,,,,,,
43296.0,LESE,small_airport,San Enrique Airfield,38.730801,-4.31306,2263.0,EU,ES,ES-CM,Almodóvar del Campo,no,,,LESE,,,https://es.wikipedia.org/wiki/Aer%C3%B3dromo_de_San_Enrique,,,,,,,
43271.0,LESP,heliport,Hospital San Pau Heliport,41.41350173950195,2.1719601154327397,265.0,EU,ES,ES-CT,Barcelona,no,,,LESP,,,,,,,,,,
43302.0,LESS,small_airport,Sotos Airfield,40.204201,-2.14389,3170.0,EU,ES,ES-CM,Sotos,no,,,LESS,,,https://es.wikipedia.org/wiki/Aer%C3%B3dromo_de_Sotos,,,,,,,
43301.0,LETA,heliport,Servei Generals Del Circuit De Catalunya Heliport,41.57400131225586,2.257159948348999,470.0,EU,ES,ES-CT,Barcelona,no,,,LETA,,,,,,,,,,
550451.0,LETB,heliport,Tabuyo del Monte Firefighting Heliport,42.295518,-6.214514,3240.0,EU,ES,ES-CL,León,no,,,LETB,,,,,,,,,,
43286.0,LETC,small_airport,Matilla De Los Caños Airfield,41.530602,-4.925,2300.0,EU,ES,ES-CL,Valladolid,no,,,LETC,,,https://es.wikipedia.org/wiki/Aer%C3%B3dromo_de_Matilla_de_los_Ca%C3%B1os,,,,,,,
43287.0,LETE,small_airport,Morante Airfield,39.0369,-6.69056,703.0,EU,ES,ES-EX,Badajoz,no,,,LETE,,,,,,,,,,
43304.0,LETF,small_airport,Tomás Fernández Espada Airfield,36.871793,-5.648775,328.0,EU,ES,ES-AN,Villamartin,yes,,,LETF,,http://www.fly-pedro.com/en/ad.html,https://es.wikipedia.org/wiki/Aer%C3%B3dromo_de_Tom%C3%A1s_Fern%C3%A1ndez_Espada,,,,,,,
4040.0,LETI,small_airport,El Tietar Airfield,40.2439,-4.79444,1401.0,EU,ES,ES-CM,La Iglesuela,no,,,LETI,,,https://es.wikipedia.org/wiki/Aer%C3%B3dromo_de_El_Ti%C3%A9tar,,,,,,,
550108.0,LETK,heliport,Teknon Medical Center Heliport,41.406624,2.127997,482.0,EU,ES,ES-CT,Barcelona,no,,,LETK,,,,,,,,,,
43299.0,LETM,heliport,Sant Martí De Sescorts Heliport,42.01549911499024,2.3192501068115234,1672.0,EU,ES,ES-CT,,no,,,LETM,,,,,,,,,,
30383.0,LETP,small_airport,Santo Tome Del Puerto Airfield,41.204201,-3.59472,3638.0,EU,ES,ES-CL,Segovia,no,,,LETP,,,https://es.wikipedia.org/wiki/Aer%C3%B3dromo_de_Santo_Tom%C3%A9_del_Puerto,,,,,,,
43307.0,LETR,heliport,Tremp Heliport,42.16939926147461,0.8927779793739319,1930.0,EU,ES,ES-CT,Tremp,no,,,LETR,,,,,,,,,,
43306.0,LETS,heliport,Torre Picasso Heliport,40.44982914369999,-3.69314432144,2340.0,EU,ES,ES-MD,Madrid,no,,,LETS,,,,,,,,,,
563308.0,LETT,heliport,Tortosa Verge de la Cinta Hospital Heliport,40.811292,0.523354,153.0,EU,ES,ES-CT,Tortosa,no,,,LETT,,,,,,,,,,
43303.0,LETV,heliport,Tirviá Heliport,42.518799,1.24231,3150.0,EU,ES,ES-CT,Tirvia,no,,,LETV,,,https://es.wikipedia.org/wiki/Helipuerto_de_Tirvia,,,,,,,
43305.0,LETZ,small_airport,Torozos Airfield,41.785301,-4.86473,2784.0,EU,ES,ES-CL,Valladolid,no,,,LETZ,,,https://es.wikipedia.org/wiki/Aer%C3%B3dromo_de_El_Carrascalejo,,,,,,,
43308.0,LEUL,heliport,Ullastrell-Teresa Vilá Heliport,41.52429962158203,1.9715800285339355,450.0,EU,ES,ES-CT,Ullastrell,no,,,LEUL,,,,,,,,,,
43253.0,LEVB,small_airport,El Carrascal Airfield,41.824699,-4.89306,2788.0,EU,ES,ES-CL,Valladolid,no,,,LEVB,,,https://es.wikipedia.org/wiki/Aer%C3%B3dromo_de_El_Carrascal,,,,,,,
321575.0,LEVE,small_airport,Aeródromo Virgen de La Estrella,38.4205555556,-6.3569444444,1837.0,EU,ES,ES-EX,Zafra,no,,,LEVE,,,,,,,,,,
43311.0,LEVF,small_airport,Villaframil Airfield,43.552502,-7.08778,80.0,EU,ES,ES-GA,Lugo,no,,,LEVF,,,https://es.wikipedia.org/wiki/Aer%C3%B3dromo_de_Villaframil,,,,,,,
43309.0,LEVH,heliport,Vielha Heliport,42.697126,0.801571,3376.0,EU,ES,ES-CT,"Carrèr deth Taro, Vielha",no,,,LEVH,,,https://de.wikipedia.org/wiki/Heliport_de_Vielha,,,,,,,
549927.0,LEVO,heliport,Villahermosa Heliport,38.750938,-2.842076,3169.0,EU,ES,ES-CM,Villahermosa,no,,,LEVO,,,,,,,,,,
43310.0,LEVR,heliport,Vilaller Heliport,42.3046989440918,0.7130560278892517,2870.0,EU,ES,ES-AR,,no,,,LEVR,,,,,,,,,,
517081.0,LEXE,heliport,Sabadell Police Heliport,41.553818,2.066398,785.0,EU,ES,ES-CT,Sabadell,no,,,LEXE,,,,,,,,,,
533121.0,LEZA,heliport,C.I. de Laza Heliport,42.069044,-7.474941,1950.0,EU,ES,ES-GA,Verín,no,,,LEZA,,,,,,,,,,
355322.0,LEZO,heliport,Lozoyuela Heliport,40.93602,-3.62504,3517.0,EU,ES,ES-MD,C. del Altillo,no,,,LEZO,,,,,,,,,,
518398.0,LIGT,small_airport,San Genesio Airfield,46.572786,11.307635,4259.0,EU,IT,IT-32,San Genesio,no,,,LIGT,BZ05,,,,,,,,,
529374.0,LIKA,heliport,Arco Hospital Helipad,45.919477,10.874897,426.0,EU,IT,IT-32,Arco (TN),no,,,LIKA,,,,,,,,,,
529375.0,LIKC,heliport,Valli del Noce Hospital Helipad,46.360608,11.033396,2138.0,EU,IT,IT-32,Cles,no,,,LIKC,,,,,,,,,,
29425.0,LILA,small_airport,Alessandria Airfield,44.925635,8.626728,299.0,EU,IT,IT-21,Alessandria (AL),no,,,LILA,AL03,http://www.aeroclubalessandria.it/,https://it.wikipedia.org/wiki/Aeroporto_di_Alessandria,Massimo Bovane,,,,,,
29426.0,LILB,small_airport,Alzate Brianza Airfield,45.769644,9.162333,1260.0,EU,IT,IT-25,Verzago (CO),no,,,LILB,CO03,http://www.avl.it/,https://it.wikipedia.org/wiki/Aeroporto_di_Alzate_Brianza,,,,,,,
29748.0,LILC,small_airport,Calcinate del Pesce Airfield,45.8097,8.76806,797.0,EU,IT,IT-25,Varese (VA),no,,,LILC,VA01,,https://it.wikipedia.org/wiki/Aeroporto_di_Calcinate_del_Pesce,,,,,,,
4335.0,LILE,medium_airport,Biella-Cerrione Airfield,45.4953,8.10278,920.0,EU,IT,IT-21,Cerrione (BI),no,,,LILE,BI03,http://www.aeroportobiella.it/,https://en.wikipedia.org/wiki/Biella-Cerrione_Airfield,,,,,,,
29427.0,LILG,small_airport,Vergiate Airfield,45.712633,8.700714,863.0,EU,IT,IT-25,Vergiate (VA),no,,,LILG,VA03,,https://it.wikipedia.org/wiki/Aeroporto_di_Vergiate,,,,,,,
4336.0,LILH,small_airport,Voghera-Rivanazzano Airfield,44.952,9.01653,423.0,EU,IT,IT-25,Voghera (PV),no,,,LILH,PV06,http://www.aeroportovoghera.it/presentazione.html,https://it.wikipedia.org/wiki/Aeroporto_di_Voghera-Rivanazzano,,,,,,,
29429.0,LILM,small_airport,Casale Monferrato Airfield,45.110039,8.456898,377.0,EU,IT,IT-21,Casale Monferrato (AL),no,,,LILM,AL04,http://www.aeroclubcasale.it/,https://it.wikipedia.org/wiki/Aeroporto_di_Casale_Monferrato,,,,,,,
29430.0,LILQ,small_airport,Massa Cinquale Municipal Airfield,43.98598,10.143785,13.0,EU,IT,IT-52,Massa (MS),no,,,LILQ,MS01,http://www.aeroclubmarinadimassa.it/,https://it.wikipedia.org/wiki/Aeroporto_di_Massa-Cinquale,QMM,,,,,,
29431.0,LILR,small_airport,Cremona-Migliaro Airfield,45.168261,10.001864,161.0,EU,IT,IT-25,Cremona (CR),no,,,LILR,CR04,,http://it.wikipedia.org/wiki/Aeroporto_di_Cremona-Migliaro,,,,,,,
44002.0,LILS,heliport,Clusone Heliport,45.883888244628906,9.966388702392578,1900.0,EU,IT,IT-25,Clusone,no,,,LILS,,,,,,,,,,
30196.0,LIMR,medium_airport,Novi Ligure Eugenio Mossi Airfield,44.779999,8.78639,607.0,EU,IT,IT-21,Novi Ligure (AL),no,,,LIMR,AL05,http://www.voloavelanovi.it/,https://it.wikipedia.org/wiki/Aeroporto_di_Novi_Ligure,,,,,,,
4358.0,LIPL,medium_airport,Ghedi Air Base,45.432551,10.268612,333.0,EU,IT,IT-25,Ghedi (BS),no,,,LIPL,BS12,,https://en.wikipedia.org/wiki/Ghedi_Air_Base,A Fusco,,,,,,
29437.0,LIPM,small_airport,Modena-Marzaglia Airfield,44.631389,10.808611,184.0,EU,IT,IT-45,Marzaglia (MO),no,,,LIPM,MO11,,https://it.wikipedia.org/wiki/Aeroporto_di_Modena,,,,,,,
4359.0,LIPN,small_airport,Verona-Boscomantico Airfield,45.472,10.9279,286.0,EU,IT,IT-34,Verona,no,,,LIPN,VR11,,https://it.wikipedia.org/wiki/Aeroporto_di_Verona-Boscomantico,Skydive Verona,,,,,,
4363.0,LIPS,medium_airport,Istrana Air Base,45.684358,12.087107,137.0,EU,IT,IT-34,Istrana (TV),no,,,LIPS,TV16,,https://en.wikipedia.org/wiki/Istrana_Air_Base,V Bragadin,,,,,,
4365.0,LIPU,medium_airport,Padova Gino Allegri Airfield,45.395316,11.847124,44.0,EU,IT,IT-34,Padova (PD),no,,,LIPU,PD11,,https://en.wikipedia.org/wiki/Padua_Airport,Padua,,,,,,
29438.0,LIPV,small_airport,Venice-Lido Giovanni Nicelli Airfield,45.428299,12.3881,15.0,EU,IT,IT-34,Venezia (VE),no,,,LIPV,VE06,,https://en.wikipedia.org/wiki/Venice-Lido_Airport,"Giovanni Nicelli, Venice-San Nicolò, Venezia-Lido",,,,,,
316455.0,LIQG,small_airport,Cecina Airfield,43.2856,10.521183,,EU,IT,IT-52,Cecina (LI),no,,,LIQG,LI05,,,"Aviosuperficie Cecina, Porta della Maremma",,,,,,
30337.0,LIQN,small_airport,Rieti Airfield,42.4272,12.8517,1278.0,EU,IT,IT-62,Rieti,no,,,LIQN,RI01,,https://en.wikipedia.org/wiki/Rieti_Airport,,,,,,,
319749.0,LIRC,heliport,Centocelle Heliport,41.8729,12.5637,158.0,EU,IT,IT-62,Rome,no,,,LIRC,,,https://en.wikipedia.org/wiki/Centocelle_Airport,,,,,,,
4371.0,LIRE,medium_airport,Pratica Di Mare Air Base,41.654499,12.4452,41.0,EU,IT,IT-62,Pomezia,no,,,LIRE,RM22,,https://en.wikipedia.org/wiki/Pratica_di_Mare_Air_Base,M de Bernardi,,,,,,
4373.0,LIRG,medium_airport,Guidonia Air Base,41.990299,12.7408,289.0,EU,IT,IT-62,Guidonia,no,,,LIRG,RM13,,https://it.wikipedia.org/wiki/Aeroporto_di_Guidonia,Alfredo Barbieri,,,,,,
4376.0,LIRL,medium_airport,Latina Air Base,41.5424,12.909,94.0,EU,IT,IT-62,Latina,no,,,LIRL,LT02,,https://it.wikipedia.org/wiki/Aeroporto_di_Latina,E Comani,,,,,,
4377.0,LIRM,medium_airport,Grazzanise Air Base,41.060799,14.0819,29.0,EU,IT,IT-72,Caserta,no,,,LIRM,CE07,,http://it.wikipedia.org/wiki/Aeroporto_di_Caserta-Grazzanise,C Romagnoli,,,,,,
4382.0,LIRU,medium_airport,Rome Urbe Airport,41.952096,12.502231,55.0,EU,IT,IT-62,Rome,no,,,LIRU,RM10,,https://en.wikipedia.org/wiki/Rome_Urbe_Airport,ROM,,,,,,
4383.0,LIRV,medium_airport,Viterbo Airport,42.430199,12.0642,992.0,EU,IT,IT-62,Viterbo,no,,,LIRV,VT03,,https://en.wikipedia.org/wiki/Rome_Viterbo_Airport,T Fabri,,,,,,
309714.0,LIVD,small_airport,Dobbiaco-Toblach Airstrip,46.727021,12.230723,4068.0,EU,IT,IT-32,Toblach (Dobbiaco) (BZ),no,,,LIVD,BZ04,http://www.aeroclubdobbiaco.it/,http://it.wikipedia.org/wiki/Aeroporto_di_Dobbiaco,,,,,,,
5498.0,LP77,small_airport,Military Airfield of Santa Margarida,39.402401,-8.28906,541.0,EU,PT,PT-14,Constância,no,,,,,,,,,,,,,
4446.0,LPEV,medium_airport,Évora Airfield,38.533501,-7.88964,807.0,EU,PT,PT-07,Évora,no,,,LPEV,,,https://en.wikipedia.org/wiki/%C3%89vora_Airport,,,,,,,
323766.0,LPGO,heliport,Almada Hospital Heliport,38.675075,-9.177355,338.0,EU,PT,PT-11,Almada,no,,,LPGO,,,,,,,,,,
323770.0,LPHB,heliport,Herdade da Brava Heliport,37.695354,-7.62045,604.0,EU,PT,PT-02,Herdade da Brava,no,,,LPHB,,,,,,,,,,
323768.0,LPHC,heliport,Cascais Hospital Heliport,38.728828,-9.418976,370.0,EU,PT,PT-11,Cascais,no,,,LPHC,,,,,,,,,,
29858.0,LPIN,small_airport,Espinho Airfield,40.974201,-8.64444,10.0,EU,PT,PT-01,,no,,,LPIN,,,https://en.wikipedia.org/wiki/Espinho_Airfield,,,,,,,
317089.0,LPJB,heliport,Algés Heliport,38.695741,-9.235799,30.0,EU,PT,PT-11,Algés,no,,,LPJB,,,,,,,,,,
30086.0,LPLZ,small_airport,Aerodromo da Lousã,40.143042,-8.240987,654.0,EU,PT,PT-06,Lousã,no,,,LPLZ,,,,,,,,,,
326806.0,LPMB,heliport,Miguel Barros Heliport,37.149722,-7.953889,750.0,EU,PT,PT-08,Morgado da Apra - Loulé,no,,,LPMB,,https://www.htahelicopteros.com/heliport,,HTA Helicópteros,,,,,,
321235.0,LPMC,heliport,Macedo de Cavaleiros,41.52532,-6.966368,1781.0,EU,PT,PT-04,Macedo de Cavaleiros,no,,,LPMC,,,,,,,,,,
321234.0,LPMD,heliport,Mirandela Hospital Heliport,41.484771,-7.190643,732.0,EU,PT,PT-05,Mirandela,no,,,LPMD,,,,,,,,,,
29488.0,LPMF,small_airport,Aerodromo de Monfortinho,39.976398,-6.906624,,EU,PT,PT-05,Idanha-a-Nova,no,,,LPMF,,,https://en.wikipedia.org/wiki/Monfortinho_Airport,,,,,,,
29489.0,LPMI,small_airport,Mirandela Airfield,41.468006,-7.226257,1329.0,EU,PT,PT-04,Mirandela,no,,,LPMI,,,https://en.wikipedia.org/wiki/Mirandela_Airport,,,,,,,
321232.0,LPMP,heliport,Mafra Heliport,38.943058,-9.353825,537.0,EU,PT,PT-11,Mafra,no,,,LPMP,,,,,,,,,,
4454.0,LPMT,medium_airport,Montijo Air Base,38.70929,-9.03368,46.0,EU,PT,PT-15,Montijo,no,,,LPMT,,,https://en.wikipedia.org/wiki/Montijo_Air_Base,Lisbon Montijo Airport,,,,,,
30147.0,LPMU,small_airport,Mogadouro Airfield,41.3963,-6.68348,2344.0,EU,PT,PT-04,Mogadouro,no,,,LPMU,,http://www.vooavela.mogadouro.pt/,,,,,,,,
326694.0,LPMZ,heliport,Porto Moniz Helipad,32.866783,-17.165167,50.0,EU,PT,PT-30,Porto Moniz,no,,,LPMZ,,,,,,,,,,
326695.0,LPNV,heliport,Torres Novas Hospital Heliport,39.469379,-8.537203,242.0,EU,PT,PT-14,Torres Novas,no,,,LPNV,,,,,,,,,,
4455.0,LPOV,medium_airport,Ovar Air Base,40.915901,-8.64592,56.0,EU,PT,PT-01,Ovar,no,,,LPOV,,,https://de.wikipedia.org/wiki/Milit%C3%A4rflugplatz_Ovar,,,,,,,
326800.0,LPPA,heliport,Padre Américo Hospital Helipad,41.195833,-8.31,724.0,EU,PT,PT-13,Penafiel,no,,,LPPA,,,,,,,,,,
326799.0,LPPB,heliport,Baltar Heliport,41.19,-8.385557,961.0,EU,PT,PT-13,Paredes,no,,,LPPB,,,,,,,,,,
321231.0,LPPJ,heliport,Beja Heliport,38.058,-7.875403,631.0,EU,PT,PT-02,Beja,no,,,LPPJ,,,,,,,,,,
529396.0,LPSA,heliport,Salemas Heliport,38.875,-9.195,984.0,EU,PT,PT-11,,no,,,LPSA,,,,,,,,,,
4463.0,LPST,medium_airport,Sintra Air Base,38.8311,-9.33955,440.0,EU,PT,PT-11,Sintra,no,,,LPST,,,https://en.wikipedia.org/wiki/Sintra_Air_Base,,,,,,,
321268.0,LPTH,heliport,Tomar Hospital Helipad,39.610553,-8.395223,306.0,EU,PT,PT-14,Tomar,no,,,LPTH,,,,,,,,,,
321267.0,LPTM,heliport,Bragança Hospital Helipad,41.80265,-6.768767,2401.0,EU,PT,PT-04,Bragança,no,,,LPTM,,,,,,,,,,
4464.0,LPTN,medium_airport,Tancos Airbase,39.475101,-8.36458,266.0,EU,PT,PT-14,Tancos,no,,,LPTN,,,https://pt.wikipedia.org/wiki/Aer%C3%B3dromo_Militar_de_Tancos,,,,,,,
43696.0,NL-0001,heliport,Antonius Hospital Heliport,53.034898,5.640044,14.0,EU,NL,NL-FR,Sneek,no,,,,,,,"EH0020, Antonius Ziekenhuis Heliport",,,,,,
43697.0,NL-0002,heliport,Leeuwarden Medical Center Heliport,53.188621,5.802857,,EU,NL,NL-FR,Leeuwarden,no,,,,,,,"EH0013, Medisch Centrum Leeuwarden. Locatie Zuid Heliport",,,,,,
43698.0,NL-0003,heliport,Dokkum Hospital Heliport,53.31979,5.993196,4.0,EU,NL,NL-FR,Dokkum,no,,,,,,,"EH0007, Ziekenhuis Talma Sionsberg Heliport",,,,,,
43699.0,NL-0004,heliport,Queen Beatrix Regional Hospital Heliport,51.979701,6.700391,110.0,EU,NL,NL-GE,Winterswijk,no,,,,,,,"EH0028, Streekziekenhuis Koningin Beatrix Heliport",,,,,,
43700.0,NL-0005,heliport,Rivierenland Hospital Heliport,51.889702,5.413764,16.0,EU,NL,NL-GE,Tiel,no,,,,,,,"EH0022, Ziekenhuis Rivierenland Heliport",,,,,,
43701.0,NL-0006,heliport,Universitair Medisch Centrum Heliport,53.22173309326172,6.576056003570557,80.0,EU,NL,NL-GR,Groningen,no,,,,,,,EH0010,,,,,,
43702.0,NL-0007,heliport,Maastricht University Medical Center Heliport,50.834389,5.712478,165.0,EU,NL,NL-LI,Maastricht,no,,,,,,,"EH0015, Maastricht Universitair Medisch Centrum Heliport",,,,,,
43703.0,NL-0008,heliport,Vie Curi Medical Center for Noord-Limburg Heliport,51.359428,6.155541,66.0,EU,NL,NL-LI,Venlo,no,,,,,,,EH0026,,,,,,
43704.0,NL-0009,heliport,Maxima Medisch Centrum Heliport,51.40499877929688,5.419722080230713,62.0,EU,NL,NL-NB,Veldhoven,no,,,,,,,EH0025,,,,,,
43705.0,NL-0010,heliport,St. Elisabeth Hospital Heliport,51.538882,5.104576,49.0,EU,NL,NL-NB,Tilburg,no,,,,,,,"EH0023, Helihaven St. Elisabeth Ziekenhuis",,,,,,
43706.0,NL-0011,heliport,Red Cross Hospital Heliport,52.479128,4.651482,68.0,EU,NL,NL-NH,Beverwijk,no,,,,,,,"EH0002, Rode Kruis Ziekenhuis",,,,,,
43707.0,NL-0012,heliport,VU University Medical Center Heliport,52.334367,4.859047,12.0,EU,NL,NL-NH,Amsterdam,no,,,,,,,EH0001,,,,,,
43708.0,NL-0013,heliport,Isala Hospital Zwolle Heliport,52.513392,6.122297,6.0,EU,NL,NL-OV,Zwolle,no,,,,,,,"EH0029, Isala Klinieken. Locatie Sophia Heliport",,,,,,
43709.0,NL-0014,heliport,Medisch Spectrum Twente Hospital Heliport,52.215477,6.89125,130.0,EU,NL,NL-OV,Enschede,no,,,,,,,EH0008,,,,,,
43710.0,NL-0015,heliport,University Medical Center Utrecht Heliport,52.086759,5.181366,91.0,EU,NL,NL-UT,Utrecht,no,,,,,,,"EH0024, Universitair Medisch Centrum Utrecht Heliport",,,,,,
43711.0,NL-0016,heliport,Albert Schweitzer Hospital Amstelwijck Heliport,51.776313,4.651054,6.0,EU,NL,NL-ZH,Dordrecht,no,,,,,,,EH0030,,,,,,
43712.0,NL-0017,heliport,Erasmus Medisch Centrum Heliport,51.90999984741211,4.470832824707031,30.0,EU,NL,NL-ZH,Rotterdam,no,,,,,,,EH0018,,,,,,
43713.0,NL-0018,heliport,Leiden University Medical Center Heliport,52.16642,4.477948,40.0,EU,NL,NL-ZH,Leiden,no,,,,,,,"EH0014, Leids Universitair Medisch Centrum Heliport",,,,,,
43714.0,NL-0019,heliport,HMC Westeinde Heliport,52.07406,4.3001,22.0,EU,NL,NL-ZH,Den Haag,no,,,,,,,"EH0005, Helihaven Haaglanden Medisch Centrum Westeinde",,,,,,
43715.0,NL-0020,closed,Rijnmond Medical Center South Heliport,51.885555,4.503056,4.0,EU,NL,NL-ZH,Rotterdam,no,,,,,,,"EH0019, Medisch Centrum Rijnmond Locatie Zuid",,,,,,
43716.0,NL-0021,heliport,Admiral De Ruyter Hospital Heliport,51.484734,3.910425,1.0,EU,NL,NL-ZL,Goes,no,,,,,,,"EH0009, Admiraal De Ruyter Ziekenhuis Helihaven, Oosterschelde Ziekenhuis Heliport",,,,,,
43717.0,NL-0022,heliport,Ziekenhuis Zeeuws-Vlaanderen. Locatie De Honte Heliport,51.30833435058594,3.862499952316284,6.0,EU,NL,NL-ZL,Terneuzen,no,,,,,,,EH0021,,,,,,
45159.0,NL-0023,small_airport,Malden Glider Airfield,51.785259,5.88099,89.0,EU,NL,NL-GE,Heumen,no,,,,NL0023,http://www.nijac.nl/?pid=11,https://nl.wikipedia.org/wiki/Zweefvliegveld_Malden,"NijAC, gliding, Nijmegen, Groesbeek, Zweefvliegveld Malden, NĲAC",,,,,,
299506.0,NL-0025,heliport,Lukkien Heliport,52.0224444444,5.62394444444,50.0,EU,NL,NL-GE,Ede,no,,,,,,https://en.wikipedia.org/wiki/Lukkien_Heliport,,,,,,,
299507.0,NL-0026,closed,TrafficPort Venlo Airfield,51.393056,6.062778,75.0,EU,NL,NL-LI,Venlo,no,,,,,http://www.trafficport.nl/airport.htm,https://en.wikipedia.org/wiki/TrafficPort_Venlo,,,,,,,
299508.0,NL-0027,small_airport,Axel Glidersite,51.255556,3.891389,20.0,EU,NL,NL-ZL,Terneuzen,no,,,,,,,,,,,,,
299509.0,NL-0028,closed,Glider Field Biddinghuizen,52.429167,5.674167,-20.0,EU,NL,NL-FL,Biddinghuizen,no,,,,,,https://nl.wikipedia.org/wiki/Zweefvliegclub_Flevo,"EHLR, EHLR",,,,,,
299510.0,NL-0029,small_airport,Castricum Glidersite,52.536667,4.626667,20.0,EU,NL,NL-NH,Castricum,no,,,,,,,,,,,,,
299511.0,NL-0030,small_airport,De Voorst Glidersite,52.684722,5.910556,,EU,NL,NL-FL,Marknesse,no,,,,,https://www.zcnop.nl/,,EHDV,,,,,,
299512.0,NL-0031,small_airport,Haamstede Glidersite,51.708889,3.712222,15.0,EU,NL,NL-ZL,Burgh-Haamstede,no,,,,,,,,,,,,,
299513.0,NL-0032,heliport,Heli Holland Heliport,52.803333,6.957222,39.0,EU,NL,NL-DR,Emmer- Compascuum,no,,,,,,https://en.wikipedia.org/wiki/Heli_Holland,,,,,,,
299514.0,NL-0033,small_airport,Langeveld Glidersite,52.297387,4.511962,10.0,EU,NL,NL-ZH,Noordwijk,no,,,EHLV,,http://www.kzc.nl/,,,,,,,,
299515.0,NL-0034,small_airport,Nistelrode Glidersite,51.683333,5.549444,30.0,EU,NL,NL-NB,Bernheze,no,,,,,http://www.acnistelrode.nl/index.html,,,,,,,,
299516.0,NL-0035,small_airport,Schinveld Glidersite,50.980833,5.998611,180.0,EU,NL,NL-LI,Onderbanken,no,,,,,,,,,,,,,
299517.0,NL-0036,small_airport,Veendam Glidersite,53.084444,6.823611,,EU,NL,NL-GR,Veendam,no,,,,,,,,,,,,,
299518.0,NL-0037,small_airport,Venlo Glidersite,51.363056,6.216111,145.0,EU,NL,NL-LI,Venlo,no,,,,,,,,,,,,,
299519.0,NL-0038,closed,Venlo-Herongen Air Base,51.368611,6.211944,135.0,EU,NL,NL-LI,Venlo,no,,,,,,,"ALG,Y55",,,,,,
299521.0,NL-0039,closed,Havelte Airport,52.7838888889,6.2375,36.0,EU,NL,NL-DR,,no,,,,,,,,,,,,,
299522.0,NL-0040,closed,Peest Airport,53.05,6.5,32.0,EU,NL,NL-DR,,no,,,,,,,,,,,,,
299528.0,NL-0041,closed,Wieringermeer Glidersite,52.820556,4.926389,-15.0,EU,NL,NL-NH,Slootdorp,no,,,,,,,,,,,,,
299529.0,NL-0042,closed,Buiksloot Airfield,52.407222,4.895278,7.0,EU,NL,NL-NH,Amsterdam,no,,,,,,https://nl.wikipedia.org/wiki/Vliegveld_Buiksloot,,,,,,,
299530.0,NL-0043,closed,Bergen Airfield,52.6472222222,4.69222222222,-3.0,EU,NL,NL-NH,Alkmaar,no,,,,,,,,,,,,,
301012.0,NL-0044,closed,Ypenburg Airbase,52.041111,4.356944,,EU,NL,NL-ZH,Den Haag,no,,,,,,https://en.wikipedia.org/wiki/Ypenburg_Airport,"EHYB, EHYB",,,,,,
312620.0,NL-0045,closed,Eindhoven Heliport,51.423731,5.47449,59.0,EU,NL,NL-NB,Eindhoven,no,,,,,,,,,,,,,
312621.0,NL-0046,heliport,P. van Zutphen Heliport,51.535475,5.378768,43.0,EU,NL,NL-NB,Best,no,,,,,,,Helihaven P. van Zutphen,,,,,,
315182.0,NL-0047,heliport,Keteloog Helipad,52.59254,5.73863,,EU,NL,NL-FL,Dronten,no,,,,,,,,,,,,,
315183.0,NL-0048,heliport,TT Circuit Assen Helipad,52.96013,6.525208,,EU,NL,NL-DR,,no,,,,,,,,,,,,,
332663.0,NL-0049,closed,Keent Aerodrome,51.765556,5.687222,36.0,EU,NL,NL-NB,Ravenstein,no,,,,,,https://nl.wikipedia.org/wiki/Vliegveld_Keent,B82,,,,,,
332665.0,NL-0050,small_airport,Soesterberg Glidersite,52.133889,5.264167,66.0,EU,NL,NL-UT,Soesterberg,no,,,,,,,,,,,,,
329142.0,NL-0051,heliport,HeliAir Harskamp Heliport,52.124512,5.73547,,EU,NL,NL-GE,Harskamp,no,,,,,http://heliair.nl,,,,,,,,
329917.0,NL-0052,small_airport,Noordkop Glidersite,52.89512,5.004628,3.0,EU,NL,NL-NH,Slootdorp,no,,,,,http://www.zweef.nl,,"Noordkop Gliding Center, Zweefvliegcentrum Noordkop, Zweefvliegveld Noordkop",,,,,,
332666.0,NL-0053,closed,Ockenburg Airport,52.06,4.216667,,EU,NL,NL-ZH,Den Haag,no,,,,,,https://nl.wikipedia.org/wiki/Vliegveld_Ockenburg,,,,,,,
332667.0,NL-0054,closed,Waalhaven Airport,51.875833,4.443056,,EU,NL,NL-ZH,Rotterdam,no,,,,,,https://nl.wikipedia.org/wiki/Vliegveld_Waalhaven,,,,,,,
332668.0,NL-0055,closed,Schijndel Air Base B.85,51.6065,5.476694,23.0,EU,NL,NL-NB,Schijndel,no,,,,,,https://nl.wikipedia.org/wiki/Vliegveld_B.85_Schijndel,B.85,,,,,,
332669.0,NL-0056,closed,Vliegpark Vlissingen,51.459722,3.583056,,EU,NL,NL-ZL,Vlissingen,no,,,,,,https://nl.wikipedia.org/wiki/Vliegpark_Vlissingen,,,,,,,
332670.0,NL-0057,closed,De Rips Airfield B.84,51.557778,5.759167,,EU,NL,NL-NB,Gemert-Bakel,no,,,,,,https://nl.wikipedia.org/wiki/Vliegveld_B.84_De_Rips,,,,,,,
332671.0,NL-0058,closed,De Kluis Airfield B.91,51.796667,5.853056,,EU,NL,NL-GE,Heumen,no,,,,,,https://nl.wikipedia.org/wiki/Vliegveld_B.91_De_Kluis,,,,,,,
332672.0,NL-0059,closed,Kessel Airfield,51.812472,5.405583,,EU,NL,NL-NB,,no,,,,,,https://nl.wikipedia.org/wiki/Vliegveld_Kessel,Vliegveld Kessel,,,,,,
332673.0,NL-0060,closed,Mill Airfield B.89,51.698611,5.751389,,EU,NL,NL-NB,Mill,no,,,,,,https://nl.wikipedia.org/wiki/Vliegveld_B.89_Mill,,,,,,,
332674.0,NL-0061,closed,Maaldrift Airfield,52.151111,4.427222,,EU,NL,NL-ZH,Wassenaar,no,,,,,,https://nl.wikipedia.org/wiki/Vliegveld_Maaldrift,Vliegveld Maaldrift,,,,,,
332675.0,NL-0062,closed,Helmond Airfield B.86,51.478278,5.716583,72.0,EU,NL,NL-NB,Helmond,no,,,,,,https://nl.wikipedia.org/wiki/Vliegveld_B.86_Helmond,,,,,,,
332676.0,NL-0063,closed,Heesch Airfield B.88,51.715278,5.568611,,EU,NL,NL-NB,Nistelrode,no,,,,,,https://nl.wikipedia.org/wiki/Vliegveld_B.88_Heesch,Vliegveld B.88 Heesch,,,,,,
332677.0,NL-0064,closed,Ede Airfield,52.069693,5.678129,118.0,EU,NL,NL-GE,Ede,no,,,,,,https://nl.wikipedia.org/wiki/Vliegkamp_Ede,Vliegkamp Ede,,,,,,
332678.0,NL-0065,closed,Boxmeer Airfield,51.626056,5.931806,,EU,NL,NL-NB,,no,,,,,,https://nl.wikipedia.org/wiki/Vliegveld_Boxmeer,,,,,,,
332679.0,NL-0066,heliport,Indorama Heliport,51.95957,4.09489,,EU,NL,NL-ZH,Rotterdam,no,,,,,,,,,,,,,
332680.0,NL-0067,closed,Witten Glidersite,52.965093,6.508605,,EU,NL,NL-DR,Assen,no,,,,,,,,,,,,,
332682.0,NL-0068,closed,Rotterdam Red Bull Airport,51.898628,4.473506,3.0,EU,NL,NL-ZH,Rotterdam,no,,,,,,,,,,,,,
334189.0,NL-0069,closed,Oostvoorne Airfield,51.915593,4.072816,7.0,EU,NL,NL-ZH,Oostvoorne,no,,,,,,,,,,,,,
334190.0,NL-0070,closed,Voorburg Airfield,52.07389,4.33972,5.0,EU,NL,NL-ZH,Voorburg,no,,,,,,,,,,,,,
334191.0,NL-0071,closed,Eemshaven Airfield,53.445011,6.800237,2.0,EU,NL,NL-GR,,no,,,,,,,"Private airfield,cropdusting",,,,,,
334192.0,NL-0072,closed,Breskens Airfield,51.39278,3.53917,3.0,EU,NL,NL-ZL,,no,,,,,,,,,,,,,
334999.0,NL-0073,closed,Vught Emergency Landing Field,51.659299,5.273122,,EU,NL,NL-NB,Vught,no,,,,,https://www.bhic.nl/ontdekken/verhalen/noodlandingsterrein-vught,,,,,,,,
337279.0,NL-0074,heliport,National Aerospace Laboratory Heliport,52.680896,5.925617,,EU,NL,NL-FL,Marknesse,no,,,,,https://www.flevoland.nl/getmedia/a2de6832-03c5-444f-838a-8fb8cf58dc06/Ontwerp-Luchthavenregeling-Koninklijk-Nederlands-Lucht-en,,Helihaven Nationaal Lucht- en Ruimtevaartlaboratorium (NLR),,,,,,
337280.0,NL-0075,small_airport,Royal Dutch Aerospace Center,52.680884,5.922704,,EU,NL,NL-FL,Marknesse,no,,,,,https://www.flevoland.nl/getmedia/a2de6832-03c5-444f-838a-8fb8cf58dc06/Ontwerp-Luchthavenregeling-Koninklijk-Nederlands-Lucht-en,,Koninklijk Nederlands Lucht- en Ruimtevaartcentrum (NLR),,,,,,
299211.0,NL-0076,small_airport,Salland Glider Field,52.468333,6.333333,10.0,EU,NL,NL-OV,Lemelerveld,no,,,,,http://aeroclubsalland.nl/,http://nl.wikipedia.org/wiki/Aero_Club_Salland,"Dalfsen Gliders, EHDS",,,,,,
340433.0,NL-0077,heliport,Schiermonnikoog Heliport,53.473141,6.194632,,EU,NL,NL-FR,Schiermonnikoog,no,,,EHSO,,,,,,,,,,
343401.0,NL-0078,heliport,Grand Hotel Huis ter Duin Heliport,52.240957,4.425935,38.0,EU,NL,NL-ZH,Noordwijk,no,,,,,https://huisterduin.com/,,,,,,,,
347320.0,NL-0079,heliport,Marnewaard Heliport,53.364058,6.262405,,EU,NL,NL-GR,Zoutkamp,no,,,,,,,"military, heliport",,,,,,
430394.0,NL-0080,heliport,Vliehors Shooting Range and Heliport,53.24872,4.94444,5.0,EU,NL,NL-FR,Oost-Vlieland,no,,,EHVL,,https://wetten.overheid.nl/BWBR0029858/2010-11-01#Bijlage,https://nl.wikipedia.org/wiki/Vliehors,"Military, Shooting Range, Heliport",,,,,,
506562.0,NL-0081,closed,Gavi-Kavel Heliport,52.05839,4.37561,,EU,NL,NL-ZH,Den Haag,no,,,,,https://www.heliplan.nl/,,,,,,,,
507040.0,NL-0082,heliport,Military Base Joost Dourlein Heliport,52.99942,4.76337,10.0,EU,NL,NL-NH,Den Hoorn,no,,,,,,,,,,,,,
509801.0,NL-0083,heliport,Solar Glass Scheuten Venlo Helipad,51.392672,6.09517,95.0,EU,NL,NL-LI,Venlo,no,,,,,,,,,,,,,
509802.0,NL-0084,heliport,SIRO Roggel Helipad,51.257719,5.924141,,EU,NL,NL-LI,,no,,,,,,,,,,,,,
509803.0,NL-0085,heliport,Coolen Heythuysen Helipad,51.24289,5.90547,,EU,NL,NL-LI,,no,,,,,,,,,,,,,
509805.0,NL-0086,heliport,Eric Richter Heliservice BV Helipad,51.166904,6.031712,,EU,NL,NL-LI,,no,,,,,,,,,,,,,
509806.0,NL-0087,heliport,Nij Smellinghe Hospital Heliport,53.099661,6.112386,7.0,EU,NL,NL-FR,Drachten,no,,,,,,,,,,,,,
509807.0,NL-0088,heliport,Defensie Munitiecomplex Veenhuizen Helipad,53.0306,6.41806,,EU,NL,NL-DR,,no,,,,,,,,,,,,,
509808.0,NL-0089,heliport,Johan Willem Frisokazerne Helipad,52.9922,6.5325,,EU,NL,NL-DR,,no,,,,,,,,,,,,,
509809.0,NL-0090,heliport,Generaal-Majoor Brugman Kazerne Helipad,52.96709,5.9069,,EU,NL,NL-FR,,no,,,,,,,,,,,,,
509810.0,NL-0091,heliport,Feadship Makkum Heliport,53.054199,5.399287,3.0,EU,NL,NL-FR,Makkum,no,,,,,,,,,,,,,
509812.0,NL-0092,heliport,De Kreupel Helipad,52.792778,5.240659,3.0,EU,NL,NL-NH,Andijk,no,,,,,,,,,,,,,
509813.0,NL-0093,heliport,Koninklijke Nederlandsche Springstoffenfabrieken N.V Helipad,52.1755,5.0106,,EU,NL,NL-UT,,no,,,,,,,,,,,,,
509814.0,NL-0094,heliport,Scheper Ziekenhuis Helipad,52.784181,6.911581,,EU,NL,NL-DR,,no,,,,,,,,,,,,,
509816.0,NL-0095,heliport,Johannes Post Kazerne Helipad,52.7937,6.2049,,EU,NL,NL-OV,,no,,,,,,,,,,,,,
509817.0,NL-0096,heliport,ZGT-Almelo Helipad,52.3358,6.6384,,EU,NL,NL-OV,,no,,,,,,,,,,,,,
509818.0,NL-0097,heliport,De Koperen Hoogte Helipad,52.584779,6.188706,,EU,NL,NL-OV,Zwolle,no,,,,,,,,,,,,,
509819.0,NL-0098,heliport,Camp Holterhoek Helipad,52.077575,6.669248,,EU,NL,NL-GE,Eibergen,no,,,,,,,,,,,,,
509821.0,NL-0100,heliport,Escape Helipad,51.9451,6.2985,,EU,NL,NL-GE,,no,,,,,,,,,,,,,
509823.0,NL-0101,heliport,Dohler Roggel Helipad,51.2782,5.92096,,EU,NL,NL-LI,,no,,,,,,,,,,,,,
509824.0,NL-0102,heliport,Logistiek Militair Complex Eygelshoven,50.9015,6.075,,EU,NL,NL-LI,,no,,,,,,,,,,,,,
509825.0,NL-0103,heliport,Schaijk Heliport,51.735926,5.63715,49.0,EU,NL,NL-NB,Schaijk,no,,,,,,,,,,,,,
509826.0,NL-0104,heliport,Oceanco Helipad,51.8594,4.6579,,EU,NL,NL-ZH,,no,,,,,,,,,,,,,
509828.0,NL-0105,heliport,HagaZiekenhuis Den Haag Heliport,52.055806,4.26266,,EU,NL,NL-ZH,Den Haag,no,,,,,,,Helihaven HagaZiekenhuis Leyweg,,,,,,
509829.0,NL-0106,heliport,Prince Helicopters Helipad,51.6745,3.9289,,EU,NL,NL-ZL,,no,,,,,,,,,,,,,
509830.0,NL-0107,heliport,Neeltje Jans Helipad,51.631024,3.69476,,EU,NL,NL-ZL,Vrouwenpolder,no,,,,,,,,,,,,,
509831.0,NL-0108,heliport,Damen Yachting Helipad,51.4425,3.5829,,EU,NL,NL-ZL,,no,,,,,,,,,,,,,
509832.0,NL-0109,heliport,Marine kazerne Vlissingen Helipad,51.4505,3.602,,EU,NL,NL-ZL,,no,,,,,,,,,,,,,
509833.0,NL-0110,heliport,Inter Scaldes Heliport,51.45616,4.021286,3.0,EU,NL,NL-ZL,Kruiningen,no,,,,,,,,,,,,,
509834.0,NL-0111,heliport,Radarport Saeftinge Helipad,51.3834,4.18696,,EU,NL,NL-ZL,,no,,,,,,,,,,,,,
509835.0,NL-0112,heliport,Queen Wilhelmina Barracks Heliport,51.3805,4.37048,,EU,NL,NL-NB,Ossendrecht,no,,,,,,,Koningin Wilhelmina Kazerne,,,,,,
509836.0,NL-0113,heliport,Landgoed Marienhof Helipad,51.628983,5.237823,,EU,NL,NL-NB,Helvoirt,no,,,,,,,,,,,,,
509837.0,NL-0114,heliport,Netherlands Traffic Center Heliport,52.063575,5.090967,,EU,NL,NL-UT,Utrecht,no,,,,,,,Verkeerscentrum Nederland Helipad,,,,,,
509838.0,NL-0115,heliport,Princess Margriet Barracks Heliport,52.4474,5.9972,49.0,EU,NL,NL-GE,Wezep,no,,,,,,,Prinses Margrietkazerne Helipad,,,,,,
509839.0,NL-0116,heliport,Duiven Helipad,51.966,6.0076,,EU,NL,NL-GE,,no,,,,,,,,,,,,,
509840.0,NL-0117,heliport,Gidding Groep Helipad,51.9357,5.872,,EU,NL,NL-GE,,no,,,,,,,,,,,,,
509841.0,NL-0118,heliport,Camping De Muk Helipad,51.8675,5.6969,,EU,NL,NL-GE,,no,,,,,,,,,,,,,
509842.0,NL-0119,heliport,Radboud University Medical Center Heliport,51.823519,5.862919,,EU,NL,NL-GE,Nijmegen,no,,,,,,,,,,,,,
509843.0,NL-0120,heliport,Willem III Kazerne Helipad,52.2015,5.92616,,EU,NL,NL-GE,,no,,,,,,,,,,,,,
509844.0,NL-0121,heliport,Wikselaar Satellite Trading Helipad,52.14008,5.7496,,EU,NL,NL-GE,,no,,,,,,,,,,,,,
509845.0,NL-0122,heliport,Kootwijkerbroek Helipad,52.15767,5.70275,,EU,NL,NL-GE,,no,,,,,,,,,,,,,
509847.0,NL-0123,heliport,HeliAir Stroe Heliport,52.174891,5.677375,,EU,NL,NL-GE,Stroe,no,,,,,,,,,,,,,
509848.0,NL-0124,heliport,Majoor Mulder Kazerne Helipad,52.195911,5.70356,,EU,NL,NL-GE,,no,,,,,,,,,,,,,
509849.0,NL-0125,heliport,Vertiport Branderwal,52.14982,5.64902,49.0,EU,NL,NL-GE,Kootwijkerbroek,no,,,,,,,,,,,,,
509850.0,NL-0126,heliport,Marine Kazerne Amsterdam Helipad,52.37474,4.9163,,EU,NL,NL-NH,,no,,,,,,,,,,,,,
509851.0,NL-0127,heliport,Boels Verhuur Diemen Helipad,52.3315,4.99358,-7.0,EU,NL,NL-NH,Amsterdam,no,,,,,,,Riwal Hoogwerkerverhuur,,,,,,
509852.0,NL-0128,heliport,Amsterdam UMC Helipad,52.2892,4.9593,,EU,NL,NL-NH,,no,,,,,,,,,,,,,
509853.0,NL-0129,heliport,Forteiland IJmuiden Helipad,52.465557,4.576224,23.0,EU,NL,NL-NH,IJmuiden,no,,,,,,,,,,,,,
509854.0,NL-0130,heliport,Van Ghent Barracks Heliport,51.90895,4.52815,-3.0,EU,NL,NL-ZH,Rotterdam,no,,,,,,,Van Ghent Kazerne,,,,,,
509855.0,NL-0131,heliport,C. Steinweg Handelsveem Helipad,51.8882,4.42708,,EU,NL,NL-ZH,,no,,,,,,,,,,,,,
509856.0,NL-0132,heliport,Vopak Botlek Helipad,51.87888,4.270431,,EU,NL,NL-ZH,,no,,,,,,,,,,,,,
513867.0,NL-0133,closed,Pettelaar Heliport,51.679065,5.335698,7.0,EU,NL,NL-NB,'s-Hertogenbosch,no,,,,,,,,,,,,,
513869.0,NL-0134,heliport,Northwest Hospital Group Alkmaar Heliport,52.629346,4.735266,7.0,EU,NL,NL-NH,Alkmaar,no,,,,,,,,,,,,,
514270.0,NL-0135,heliport,CM.com Circuit Zandvoort Heliport,52.38493,4.53681,30.0,EU,NL,NL-NH,Zandvoort,no,,,,,,,,,,,,,
514307.0,NL-0136,heliport,Albert Schweitzer Hospital Dordrecht Heliport,51.79093,4.68456,3.0,EU,NL,NL-ZH,Dordrecht,no,,,,,,,,,,,,,
515198.0,NL-0137,heliport,D12-B Heliport,54.40583,2.81694,,EU,NL,NL-XX,,no,,,EHDS,,,,,,,,,,
515203.0,NL-0138,heliport,E17a-A Heliport,54.09806,3.36028,,EU,NL,NL-XX,,no,,,EHER,,,,,,,,,,
515485.0,NL-0139,heliport,Borssele Alpha Heliport,51.7,3.05667,,EU,NL,NL-XX,,no,,,EHSG,,,,,,,,,,
515493.0,NL-0140,heliport,Q10-A Heliport,52.49639,4.21583,,EU,NL,NL-NH,IJmuiden,no,,,,,,,,,,,,,
515503.0,NL-0141,heliport,Haven-A Heliport,52.97222,4.10611,,EU,NL,NL-XX,,no,,,EHQB,,,,,,,,,,
515505.0,NL-0142,heliport,K17-FA-1 Heliport,53.06278,3.5375,,EU,NL,NL-XX,,no,,,,,,,,,,,,,
515530.0,NL-0143,small_airport,Slootdorp Glidersite,52.8353,4.95056,5.0,EU,NL,NL-NH,Hollands Kroon,no,,,,,,,,,,,,,
2525.0,NL-0144,closed,Soesterberg Air Base,52.1273,5.27619,66.0,EU,NL,NL-UT,Soesterberg,no,,,,,,https://en.wikipedia.org/wiki/Soesterberg_Air_Base,"ACvZ, Amsterdamsche Club voor Zweefvliegen, EHSB, UTC",,,,,,
2527.0,NL-0145,closed,Valkenburg Naval Air Base,52.1660995483,4.41794013977,1.0,EU,NL,NL-ZH,Leiden,no,,,,,,https://en.wikipedia.org/wiki/Valkenburg_Naval_Air_Base,"EHVB, EHVB, LID",,,,,,
29211.0,NL-0146,closed,De Peel Air Base,51.5173,5.85572,98.0,EU,NL,NL-LI,Ysselsteyn,no,,,,,http://www.defensie.nl/luchtmacht/luchtmachtbases/de_peel/,https://en.wikipedia.org/wiki/De_Peel_Air_Base,EHDP,,,,,,
332661.0,NL-0147,closed,Noordoostpolder / Emmeloord Aerodrome,52.73071,5.746676,-12.0,EU,NL,NL-FL,,no,,,,,,https://nl.wikipedia.org/wiki/Vliegveld_Noordoostpolder,"EHNP, EHNP",,,,,,
316445.0,NL-0149,closed,Vliegveld Numansdorp,51.753056,4.455278,3.0,EU,NL,NL-ZH,Numansdorp,no,,,,,,,EHND,,,,,,
43771.0,PT-0003,heliport,Fafe heliport,41.456435,-8.138046,1407.0,EU,PT,PT-03,Fafe,no,,,LPFE,,,,,,,,,,
43773.0,PT-0005,heliport,Hospital de Santa Cruz heliport,38.726135,-9.234083,329.0,EU,PT,PT-11,Carnaxide,no,,,LPFX,,,,,,,,,,
43775.0,PT-0007,heliport,Hospital Distrital de Abrantes heliport,39.456142,-8.199821,362.0,EU,PT,PT-14,Abrantes,no,,,LPAB,,,,,,,,,,
43776.0,PT-0008,heliport,Hospital Distrital de Faro Heliport,37.02532,-7.929432,149.0,EU,PT,PT-08,Faro,no,,,LPFO,,,,,,,,,,
43777.0,PT-0009,heliport,Hospital Distrital de Guarda Heliport,40.529842,-7.278002,3278.0,EU,PT,PT-09,Guarda,no,,,LPGA,,,,,,,,,,
43778.0,PT-0010,heliport,Hospital Distrital Leiria heliport,39.744537,-8.793105,200.0,EU,PT,PT-10,Leiria,no,,,LPLE,,,,,,,,,,
43779.0,PT-0011,heliport,Hospital do Divino Espirito Santo Heliport,37.75285,-25.676204,305.0,EU,PT,PT-20,Ponta Delgada,no,,,LPES,,,,,,,,,,
43780.0,PT-0012,heliport,Hospital José Joaquim Fernandes heliport,38.01333618164063,-7.869441986083984,839.0,EU,PT,PT-02,Beja,no,,,,,,,,,,,,,
43781.0,PT-0013,heliport,Hospital Pedro Hispano heliport,41.181018,-8.66258,200.0,EU,PT,PT-13,Matosinhos,no,,,LPPH,,,,,,,,,,
43783.0,PT-0015,heliport,Loule heliport,37.131523,-8.033168,404.0,EU,PT,PT-08,Loule,no,,,LPLO,,,,,,,,,,
43784.0,PT-0016,heliport,Nisa heliport,39.505353,-7.644253,984.0,EU,PT,PT-12,Nisa,no,,,,,,,,,,,,,
317209.0,PT-0017,closed,Alentejo Air Park,37.465556,-8.737222,422.0,EU,PT,PT-02,,no,,,,,,,LP78,,,,,,
43786.0,PT-0018,heliport,Santa Maria da Feira Heliport,40.93005,-8.54234,485.0,EU,PT,PT-01,Santa Maria da Feira,no,,,,,,,,,,,,,
314015.0,PT-0020,small_airport,Aerodromo de Cabeceiras de Basto UL,41.556444,-7.985086,2410.0,EU,PT,PT-03,Cabeceiras de Basto,no,,,,LP53,,,,,,,,,
298559.0,PT-0021,small_airport,Benavente UL,38.914227,-8.786981,130.0,EU,PT,PT-14,Benavente,no,,,,LP52,https://www.aerolazer.pt,,"Campo de Vôo de Benavente, VLS, Microlight",,,,,,
314017.0,PT-0022,small_airport,Aerodromo do Cerval UL,41.972958,-8.673806,110.0,EU,PT,PT-16,Vila Nova de Cerveira,no,,,,LP55,,,,,,,,,
314020.0,PT-0023,small_airport,Laúndos Airfield UL,41.4487,-8.70829,250.0,EU,PT,PT-13,Póvoa do Varzim,no,,,,LP62,,,,,,,,,
314850.0,PT-0024,small_airport,Tojeira Airfield UL,38.88444,-9.427868,180.0,EU,PT,PT-11,Sintra,no,,,,LP63,http://www.aerodromodatojeira.webs.com/,,,,,,,,
315457.0,PT-0025,small_airport,Lagos Airfield ULM,37.121875,-8.67879,,EU,PT,PT-08,Lagos,no,,,,LP59,,,,,,,,,
315657.0,PT-0026,small_airport,Casarão UL,40.548704,-8.40548,,EU,PT,PT-01,Águeda,no,,,,LP76,,,,,,,,,
315673.0,PT-0027,small_airport,Arraiolos Ultralight Airfield,38.702191,-8.013582,,EU,PT,PT-07,Arraiolos,no,,,,,,,,,,,,,
315894.0,PT-0028,closed,Aeródromo de Vila Meã,40.426368,-8.232252,,EU,PT,PT-18,Mortágua,no,,,,,,,,,,,,,
316226.0,PT-0029,small_airport,Aeródromo de Coja,40.2748,-7.9747,925.0,EU,PT,PT-06,Arganil,no,,,,,,,,,,,,,
316227.0,PT-0030,small_airport,Pista do Monte do Lago,39.07502,-8.13889,400.0,EU,PT,PT-12,Montargil,no,,,,,,,,,,,,,
317213.0,PT-0031,small_airport,Beja Civil Airfield UL,38.06138,-7.87767,617.0,EU,PT,PT-02,Beja,no,,,,LP51,,,,,,,,,
317216.0,PT-0032,small_airport,Amendoeira Aerodrome,38.709167,-8.275277,614.0,EU,PT,PT-07,Montemor-o-Novo,no,,,LPMN,,http://www.centrovoolivre.com/,,"Aerodromo da Amendoeira, Montemor o Novo",,,,,,
320147.0,PT-0033,small_airport,Aeródromo de Pombal UL,39.885631,-8.649693,,EU,PT,PT-10,Pombal,no,,,,LP69,,,Casalinho,,,,,,
320150.0,PT-0034,closed,Aeródromo da Lourinhã,39.260908,-9.335606,,EU,PT,PT-11,Lourinhã,no,,,,,,,,,,,,,
320211.0,PT-0036,small_airport,Aeródromo Municipal de Ferreira do Zezere UL,39.682059,-8.253189,,EU,PT,PT-14,Ferreira do Zêzere,no,,,,LP71,,,Ferreira do Zêzere,,,,,,
320264.0,PT-0037,small_airport,Aeródromo da Pampilhosa da Serra,40.026869,-7.955008,,EU,PT,PT-06,Pampilhosa da Serra,no,,,,,,,,,,,,,
320273.0,PT-0038,closed,Aerodromo Fátima Giesteira,39.58067,-8.663004,,EU,PT,PT-14,Fátima,no,,,,,,,,,,,,,
320274.0,PT-0039,small_airport,Aérodromo de Ferreira do Alentejo,38.040061,-8.10423,459.0,EU,PT,PT-02,Ferreira do Alentejo,no,,,LPFA,,,,,,,,,,
320291.0,PT-0040,small_airport,Aérodromo Municipal de Proença-a-Nova,39.731217,-7.87495,1335.0,EU,PT,PT-05,Proença-a-Nova,no,,,LPPN,,,,,,,,,,
320315.0,PT-0041,small_airport,Leziria Aerodrome,38.902297,-8.93682,,EU,PT,PT-11,Vila Franca de Xira,no,,,,LP75,,,Aerodromo da Lezíria,,,,,,
320570.0,PT-0042,small_airport,Campo de Voo de Valdonas UL,39.59119,-8.371753,,EU,PT,PT-14,Tomar,no,,,,LP64,,,,,,,,,
321101.0,PT-0043,small_airport,Aeródromo de Óbidos,39.3907221,-9.1982199,,EU,PT,PT-11,Óbidos,no,,,,,,,,,,,,,
321245.0,PT-0044,heliport,Torres Vedras Heliport,39.089058,-9.263175,131.0,EU,PT,PT-11,Torres Vedras,no,,,,,,,,,,,,,
321246.0,PT-0045,heliport,Santarém Hospital Heliport,39.24183,-8.697563,122.0,EU,PT,PT-14,Santarém,no,,,,LP35,,,,,,,,,
321247.0,PT-0046,heliport,Pernes Heliport,39.376207,-8.661629,95.0,EU,PT,PT-14,Pernes,no,,,,,,,,,,,,,
321248.0,PT-0047,heliport,Monchique Heliport,37.32013,-8.552329,1437.0,EU,PT,PT-08,Monchique,no,,,,LP40,,,,,,,,,
322431.0,PT-0050,small_airport,Martim Longo Airstrip,37.433582,-7.763626,,EU,PT,PT-08,Alcoutim,no,,,,,,,,,,,,,
323772.0,PT-0051,heliport,Lamego Hospital Heliport,41.082095,-7.796558,1840.0,EU,PT,PT-18,Lamego,no,,,,,,,,,,,,,
324800.0,PT-0052,small_airport,Pista da Herdade da Zambujeira UL,37.67084,-8.123743,,EU,PT,PT-02,Castro Verde,no,,,,LP58,,,,,,,,,
326666.0,PT-0053,closed,Fátima Salgueira Airstrip,39.560839,-8.640919,,EU,PT,PT-10,Fátima,no,,,,,,,,,,,,,
326667.0,PT-0054,closed,Aerodromo de Pias Longas (Old - Closed),39.586541,-8.577726,,EU,PT,PT-14,Ourém,no,,,,,,,,,,,,,
326668.0,PT-0055,small_airport,Aerodromo de Pias Longas (New) UL,39.597207,-8.567748,,EU,PT,PT-14,Ourém,no,,,,LP80,,,,,,,,,
326669.0,PT-0056,small_airport,Pista do Arrepiado,39.446011,-8.412019,,EU,PT,PT-14,Chamusca,no,,,,,,,,,,,,,
326670.0,PT-0057,small_airport,Pista da Herdade da Comporta,38.393944,-8.788311,,EU,PT,PT-15,Alcácer do Sal,no,,,,,,,,,,,,,
326671.0,PT-0058,small_airport,Pinheiro Airstrip,38.45523,-8.715986,115.0,EU,PT,PT-15,Alcácer do Sal,no,,,,,,,"Aeródromo de Pinheiro, Pista da Coudelaria Herdade do Pinheiro",,,,,,
326672.0,PT-0059,closed,Pista da SAPEC (Santa Catarina),38.494813,-8.819296,,EU,PT,PT-15,Setúbal,no,,,,,,,,,,,,,
326673.0,PT-0060,small_airport,Pista de Montevil (Batalha),38.397661,-8.575387,,EU,PT,PT-15,Alcácer do Sal,no,,,,,,,,,,,,,
326674.0,PT-0061,small_airport,Pista da Herdade da Barrosinha,38.346941,-8.442607,,EU,PT,PT-15,Alcácer do Sal,no,,,,,,,,,,,,,
326675.0,PT-0062,small_airport,Aerodromo da Palma UL,38.514292,-8.575752,,EU,PT,PT-15,Alcácer do Sal,no,,,,LP61,,,,,,,,,
326676.0,PT-0063,small_airport,Pista de Melides,38.196371,-8.729496,,EU,PT,PT-15,Grândola,no,,,,,,,,,,,,,
326677.0,PT-0064,small_airport,Pista de Aguas de Moura,38.579004,-8.696119,,EU,PT,PT-15,Palmela,no,,,,,,,,,,,,,
326678.0,PT-0065,small_airport,Herdade do Rio Frio Airstrip,38.680518,-8.857877,,EU,PT,PT-15,Palmela,no,,,,,,,Pista da Herdade do Rio Frio,,,,,,
326679.0,PT-0066,closed,Alhos Vedros Aerodrome,38.664821,-9.027929,,EU,PT,PT-15,Alhos Vedros,no,,,,,,,Aerodromo de Alhos Vedros,,,,,,
326680.0,PT-0067,small_airport,Pista da Torre Vã,37.839987,-8.512602,,EU,PT,PT-02,Odemira,no,,,,,,,,,,,,,
326681.0,PT-0068,closed,Pista do Torrão,38.313798,-8.262169,,EU,PT,PT-15,Alcácer do Sal,no,,,,,,,,,,,,,
326682.0,PT-0069,closed,Pista de Lavre,38.799701,-8.49771,,EU,PT,PT-07,Montemor-o-Novo,no,,,,,,,,,,,,,
326683.0,PT-0070,closed,Pista de Grandola,38.163218,-8.538029,,EU,PT,PT-15,Grândola,no,,,,,,,,,,,,,
326684.0,PT-0071,closed,Pista de Fonte Serne,37.883254,-8.448293,,EU,PT,PT-15,Santiago do Cacém,no,,,,,,,,,,,,,
326686.0,PT-0072,closed,Pista do Cabo Sardão,37.631286,-8.763292,,EU,PT,PT-02,Odemira,no,,,,,,,,,,,,,
326687.0,PT-0073,heliport,Bombeiros de Sines Heliport,37.958706,-8.861927,,EU,PT,PT-15,Sines,no,,,,,,,,,,,,,
326688.0,PT-0074,heliport,Bombeiros de Alcacer do Sal Heliport,38.36921,-8.506197,,EU,PT,PT-15,Alcácer do Sal,no,,,,,,,,,,,,,
326689.0,PT-0075,heliport,Herdade da Apostiça Heliport,38.534118,-9.126399,,EU,PT,PT-15,Sesimbra,no,,,,,,,,,,,,,
326690.0,PT-0076,closed,Pista da Sonega,37.84125,-8.743787,,EU,PT,PT-15,Sines,no,,,,,,,,,,,,,
326691.0,PT-0077,small_airport,Aerodromo de Ourique,37.665784,-8.228631,,EU,PT,PT-02,Ourique,no,,,,,,,,,,,,,
326692.0,PT-0078,closed,Pista da Barragem de Odivelas,38.215474,-8.080187,,EU,PT,PT-02,Alvito,no,,,,,,,,,,,,,
326693.0,PT-0079,heliport,Hospital das Forças Armadas Heliport,38.767674,-9.174137,396.0,EU,PT,PT-11,Lisbon,no,,,LPHO,,,,,,,,,,
326696.0,PT-0080,closed,Pista da Barragem do Roxo,37.932487,-8.08362,,EU,PT,PT-02,Aljustrel,no,,,,,,,,,,,,,
326697.0,PT-0081,closed,Armacao de Pera Airfield ULM,37.110756,-8.34417,,EU,PT,PT-08,Silves,no,,,,,,,,,,,,,
326698.0,PT-0082,closed,Aerodromo de Tavira ULM,37.114901,-7.662749,,EU,PT,PT-08,Tavira,no,,,,,,,,,,,,,
326706.0,PT-0083,small_airport,Pista do Belo,37.576079,-7.743988,,EU,PT,PT-02,Mértola,no,,,,,,,,,,,,,
326707.0,PT-0084,small_airport,Pista da Adiça,38.062757,-7.268711,,EU,PT,PT-02,Moura,no,,,,,,,,,,,,,
326708.0,PT-0085,small_airport,Pista do Monte das Tezas,38.107096,-7.166846,830.0,EU,PT,PT-02,Moura,no,,,,,,,,,,,,,
326709.0,PT-0086,closed,Aerodromo da Amareleja,38.179117,-7.205958,,EU,PT,PT-02,Moura,no,,,,,,,,,,,,,
326710.0,PT-0087,small_airport,Pista de Alcanena,39.471293,-8.670402,,EU,PT,PT-14,Alcanena,no,,,,,,,,,,,,,
332598.0,PT-0088,small_airport,V. das Areias Airfield,38.956235,-8.845059,50.0,EU,PT,PT-11,Samora Correia,no,,,,,,,,,,,,,
326712.0,PT-0089,closed,Pista de Campo Maior,39.027327,-7.130663,,EU,PT,PT-12,Arronches,no,,,,,,,,,,,,,
326713.0,PT-0090,small_airport,Aerodromo de Monforte,39.059904,-7.421753,,EU,PT,PT-12,Monforte,no,,,,,,,,,,,,,
326714.0,PT-0091,closed,Viana do Alentejo Aerodrome,38.360991,-8.057957,,EU,PT,PT-07,Viana do Alentejo,no,,,,,,,Aerodromo de Viana do Alentejo,,,,,,
326715.0,PT-0092,small_airport,Herdade da Lentisca Airstrip,38.339418,-7.855396,,EU,PT,PT-07,Portel,no,,,,,,,Pista da Herdade da Lentisca,,,,,,
326716.0,PT-0093,small_airport,Cerieira Airfield,38.424545,-7.72326,,EU,PT,PT-07,Portel,no,,,,,,,Campo de Voo da Cerieira,,,,,,
326717.0,PT-0094,small_airport,Campinho Airfield UL,38.359106,-7.465532,,EU,PT,PT-07,Reguengos de Monsaraz,no,,,,LP54,,,Campo de Voo do Campinho,,,,,,
326718.0,PT-0095,small_airport,Herdade do Esporão,38.381674,-7.55177,,EU,PT,PT-07,Reguengos de Monsaraz,no,,,,,,,Pista de Reguengos de Monsaraz,,,,,,
326719.0,PT-0096,small_airport,Nossa Senhora de Machede Airstrip,38.599527,-7.820549,,EU,PT,PT-07,Évora,no,,,,,,,Pista da Nossa Senhora de Machede,,,,,,
326734.0,PT-0097,closed,Aerodromo do Coentral,40.0767,-8.158336,,EU,PT,PT-10,Castanheira de Pêra,no,,,,,,,,,,,,,
326735.0,PT-0098,closed,Pista do Sorraia,39.966636,-8.157102,,EU,PT,PT-10,Pedrógão Grande,no,,,,,,,,,,,,,
326736.0,PT-0099,small_airport,Pista do Cabeço da Vaca UL,40.345145,-6.979752,,EU,PT,PT-09,Sabugal,no,,,,LP66,,,,,,,,,
326737.0,PT-0100,closed,Pista do Ladoeiro,39.849493,-7.281222,,EU,PT,PT-05,Idanha-a-Nova,no,,,,,,,,,,,,,
326738.0,PT-0101,small_airport,Aerodromo de Atouguia da Baleia UL,39.347424,-9.32014,,EU,PT,PT-10,Peniche,no,,,,LP49,,,,,,,,,
326745.0,PT-0102,heliport,Cascais Marina Heliport,38.693789,-9.41472,,EU,PT,PT-11,Cascais,no,,,,,,,,,,,,,
326780.0,PT-0103,small_airport,Pista de Montargil,39.051902,-8.142087,,EU,PT,PT-12,Ponte de Sôr,no,,,,,,,,,,,,,
326781.0,PT-0104,small_airport,Pista da Herdade da Lameira,39.277962,-7.772655,,EU,PT,PT-12,Alter do Chão,no,,,,LP57,,,,,,,,,
326782.0,PT-0105,small_airport,Pista da Comenda,39.427111,-7.827158,,EU,PT,PT-12,Gavião,no,,,,,,,,,,,,,
326783.0,PT-0106,closed,Pista de Mouriscas,39.477844,-8.089349,,EU,PT,PT-14,Abrantes,no,,,,,,,,,,,,,
326784.0,PT-0107,small_airport,Aerodromo de Mação,39.572335,-7.987393,,EU,PT,PT-14,Mação,no,,,,,,,,,,,,,
326785.0,PT-0108,small_airport,Vendas Novas Airstrip,38.677419,-8.496015,,EU,PT,PT-07,Vendas Novas,no,,,,,,,Pista de Vendas Novas,,,,,,
326786.0,PT-0109,small_airport,Ciborro Airstrip,38.797735,-8.20256,,EU,PT,PT-07,Montemor-o-Novo,no,,,,,,,Pista do Ciborro,,,,,,
326787.0,PT-0110,small_airport,Pista de Biscainho Brandão,38.941904,-8.717673,,EU,PT,PT-14,Coruche,no,,,,,,,,,,,,,
326788.0,PT-0111,closed,Pista do Couço,39.004878,-8.274207,,EU,PT,PT-14,Coruche,no,,,,,,,,,,,,,
326789.0,PT-0112,small_airport,Pista de Volta do Vale,38.964347,-8.394842,,EU,PT,PT-14,Coruche,no,,,,,,,,,,,,,
326790.0,PT-0113,small_airport,Pista de Bilrete,38.984165,-8.766081,,EU,PT,PT-14,Benavente,no,,,,,,,,,,,,,
326791.0,PT-0114,small_airport,Aerodromo de Muge,39.097162,-8.658857,,EU,PT,PT-14,Salvaterra de Magos,no,,,,,,,,,,,,,
326792.0,PT-0115,closed,Pista de Almoster,39.228198,-8.796766,,EU,PT,PT-14,Santarém,no,,,,,,,,,,,,,
326793.0,PT-0116,small_airport,Pista de Valada do Ribatejo,39.073411,-8.766832,,EU,PT,PT-14,Cartaxo,no,,,,,,,,,,,,,
326794.0,PT-0117,small_airport,Aerodromo do Alqueidão UL,39.066847,-8.804255,,EU,PT,PT-11,Azambuja,no,,,,LP48,,,,,,,,,
326795.0,PT-0118,small_airport,Aerodromo da Azambuja UL,39.05955,-8.827193,,EU,PT,PT-11,Azambuja,no,,,,LP50,,,,,,,,,
326796.0,PT-0119,small_airport,Pista da Garrocheira,38.990303,-8.776832,,EU,PT,PT-14,Benavente,no,,,,,,,,,,,,,
326797.0,PT-0120,closed,Porto Alto Airstrip,38.9521,-8.866782,,EU,PT,PT-14,Benavente,no,,,,,,,Pista de Porto Alto,,,,,,
326798.0,PT-0121,small_airport,Alcochete Military Airfield,38.766933,-8.802624,131.0,EU,PT,PT-14,Benavente,no,,,LPAC,,https://www.emfa.pt/unidade-26-campo-de-tiro,,ALC3,,,,,,
326810.0,PT-0122,small_airport,Aerodromo da Pedra da Broa,40.71896,-8.237944,,EU,PT,PT-18,Oliveira de Frades,no,,,,,,,,,,,,,
326811.0,PT-0123,closed,Aerodromo de Sao Cosmado,41.065959,-7.700687,,EU,PT,PT-18,Armamar,no,,,,,,,,,,,,,
326813.0,PT-0124,closed,Entre-os-Rios Airstrip,41.075924,-8.271482,,EU,PT,PT-13,Marco de Canaveses,no,,,,,,,Pista de Entre-os-Rios,,,,,,
326814.0,PT-0125,small_airport,Corvachã Ultralight Airfield,41.231937,-7.977163,,EU,PT,PT-13,Amarante,no,,,,,,,Pista da Corvachã,,,,,,
326815.0,PT-0126,small_airport,Pista do Minhéu,41.540026,-7.677877,,EU,PT,PT-17,Vila Pouca de Aguiar,no,,,,,,,,,,,,,
326818.0,PT-0127,small_airport,Pista da Barragem do Maranhão,38.994697,-7.9894,,EU,PT,PT-12,Avis,no,,,,,,,,,,,,,
326819.0,PT-0128,small_airport,Pista da Chamusca,39.319425,-8.516121,,EU,PT,PT-14,Chamusca,no,,,,,,,,,,,,,
326820.0,PT-0129,closed,Quinta da Foz Airstrip,38.97308,-8.840962,,EU,PT,PT-14,Benavente,no,,,,,,,Pista da Quinta da Foz,,,,,,
326841.0,PT-0130,small_airport,Herdade do Pontal Airstrip UL,38.711667,-8.610063,,EU,PT,PT-15,Montijo,no,,,,LP68,,,Pista da Herdade do Pontal,,,,,,
326842.0,PT-0131,small_airport,Faias UL,38.687721,-8.745375,,EU,PT,PT-15,Montijo,no,,,,LP79,,,Aerodromo de Faias,,,,,,
329143.0,PT-0132,heliport,Heliporto do Tabaçô,41.829959,-8.443393,,EU,PT,PT-16,Tabaçô / Arcos de Valdevez,no,,,,,,,,,,,,,
329167.0,PT-0133,heliport,Heliporto de Alcaria,39.577785,-8.784498,,EU,PT,PT-10,Alcaria,no,,,,,,,,,,,,,
329822.0,PT-0134,small_airport,Pista do Monte do Pombo,39.644693,-7.560568,,EU,PT,PT-12,Nisa,no,,,,,,,,,,,,,
329823.0,PT-0135,closed,Pista da Lagoa da Carrasqueira,37.999375,-8.231592,,EU,PT,PT-02,Ferreira do Alentejo,no,,,,,,,,,,,,,
329856.0,PT-0136,small_airport,Dragoa Airstrip,40.406895,-6.997218,,EU,PT,PT-09,Sabugal,no,,,,,,,,,,,,,
332599.0,PT-0137,closed,V.N.Milfontes,37.675042,-8.745966,,EU,PT,PT-07,Odemira,no,,,,,,,,,,,,,
332600.0,PT-0138,small_airport,Piper Road Airstrip,38.916323,-8.951862,,EU,PT,PT-11,Portas do Capitão Mór,no,,,,,,,,,,,,,
332601.0,PT-0139,closed,Regimento Artilharia Military Airfield,38.693397,-8.443196,,EU,PT,PT-07,Vendas Novas,no,,,,,,,,,,,,,
332602.0,PT-0140,small_airport,Herdade da Galega,39.387534,-8.358682,,EU,PT,PT-14,Santa Margarida,no,,,,,,,,,,,,,
332900.0,PT-0141,small_airport,Courela do Outeiro Private Airstrip,37.627463,-7.502632,409.0,EU,PT,PT-02,,no,,,,,,,,,,,,,
335852.0,PT-0142,small_airport,Quinta de Fôja,40.18503,-8.704338,,EU,PT,PT-06,Montemor-o-velho,no,,,,,,,agricultural,,,,,,
342645.0,PT-0143,small_airport,Aerodromo de Daroeira,37.909991,-8.322573,,EU,PT,PT-02,Alvalade,no,,,,,,,,,,,,,
342647.0,PT-0144,closed,Aeródromo da Aldeia de Palma,38.45748,-8.5553,191.0,EU,PT,PT-15,Monte da Volta,no,,,,,,,Herdade de Palma,,,,,,
342765.0,PT-0145,small_airport,Monte de Freixial Airstrip,38.79809,-7.16397,,EU,PT,PT-12,,no,,,,,,,,,,,,,
353149.0,PT-0146,small_airport,Rebocho,38.926546,-8.534066,70.0,EU,PT,PT-14,Coruche,no,,,,,,,,,,,,,
429970.0,PT-0147,small_airport,Cano,38.972008,-7.760231,790.0,EU,PT,PT-12,Sousel,no,,,,,,,,,,,,,
508880.0,PT-0148,heliport,Aguiar da Beira Heliport,40.81751,-7.53645,,EU,PT,PT-09,Aguiar da Beira,no,,,,LP65,,,,,,,,,
509982.0,PT-0149,heliport,Fátima Fire Brigade Heliport,39.62688,-8.68449,,EU,PT,PT-10,Fátima,no,,,,,,,,,,,,,
510154.0,PT-0150,small_airport,Urros ULM,41.086921,-7.013526,,EU,PT,PT-04,Urros,no,,,,,,,,,,,,,
510532.0,PT-0151,small_airport,Campo de Voo da Quinta Branca,40.25716,-7.459524,,EU,PT,PT-05,Covilhã,no,,,,,https://www.aeroclubedacovilha.com/,,,,,,,,
511965.0,PT-0152,heliport,Autódromo Internacional do Algarve Heliport,37.228976,-8.629054,335.0,EU,PT,PT-08,Montes de Cima,no,,,,,,,,,,,,,
511966.0,PT-0153,heliport,Quinta de Mata Mouros Heliport,37.179605,-8.452767,140.0,EU,PT,PT-08,Silves,no,,,,,,,,,,,,,
517259.0,PT-0154,heliport,CMA Armamar Heliport,41.112268,-7.697303,1644.0,EU,PT,PT-18,Armamar,no,,,,,,,Sapadores,,,,,,
517548.0,PT-0155,closed,Cabo Ruivo Seaplane Base,38.76506,-9.093318,0.0,EU,PT,PT-11,Lisbon,no,,,,,,https://en.wikipedia.org/wiki/Cabo_Ruivo_Seaplane_Base,,,,,,,
542379.0,PT-0156,heliport,Estremoz Municipal Heliport,38.824284,-7.60993,1049.0,EU,PT,PT-07,Estremoz,yes,,,,,,,,,,,,,
4445.0,PT-0157,closed,Covilhã Airfield,40.264801,-7.47996,1572.0,EU,PT,PT-05,Covilhã,no,,,,,,https://en.wikipedia.org/wiki/Covilh%C3%A3_Airport,"COV, LPCV",,,,,,
29491.0,PT-0158,closed,Sines Airport,37.941692,-8.817301,,EU,PT,PT-15,,no,,,,,,,"LPSI, LPSI, SIE",,,,,,
31845.0,PT-0159,closed,Aerodromo de Alijó,41.327145,-7.457717,2580.0,EU,PT,PT-17,Alijó,no,,,,,,,LPJO,,,,,,
31848.0,PT-0160,closed,Ota Air Base,39.087502,-8.96278,140.0,EU,PT,PT-11,Alenquer,no,,,,,,https://en.wikipedia.org/wiki/Military_and_Technical_Training_Center_of_the_Air_Force,LPOT,,,,,,
30285.0,PT-0161,small_airport,Praia Verde Airstrip,37.193441,-7.472073,10.0,EU,PT,PT-08,Praia Verde,no,,,,,,https://en.wikipedia.org/wiki/Praia_Verde_Airstrip,LPPV,,,,,,
597487.0,PT-0162,heliport,Grândola Firefighting Heliport,38.18049,-8.575788,345.0,EU,PT,PT-15,Grândola,no,,,,,,,,,,,,,
597489.0,PT-0163,heliport,Cachopo Heliport,37.3349,-7.813328,1319.0,EU,PT,PT-08,Cachopo,no,,,,,,,,,,,,,
603487.0,PT-0164,closed,Lisbon Luís de Camões Airport (Planned),38.766495,-8.797422,,EU,PT,PT-15,Lisbon,no,,,,,,https://en.wikipedia.org/wiki/Lisbon_Lu%C3%ADs_de_Cam%C3%B5es_Airport,,,,,,,
525449.0,SU01,small_airport,Campo di volo Porto Pino,39.012206,8.601758,,EU,IT,IT-88,Sant’Anna Arresi (SU),no,,,,SU01,https://www.campovoloportopino.it,,,,,,,,
512355.0,VB02,small_airport,Megolo Airfield,45.996254,8.303132,709.0,EU,IT,IT-21,Megolo di Mezzo (VB),no,,,,VB02,,,Aviosuperficie Megolo,,,,,,
333095.0,VIF,heliport,Vieste Heliport,41.866417,16.165116,14.0,EU,IT,IT-75,Vieste,no,,,,,,,,,,,,,
